ISO-10303-21;
HEADER;
FILE_DESCRIPTION(('ViewDefinition[ReferenceView]'),'2;1');
FILE_NAME('000386_AU151','2026-04-10T14:25:32',('N N'),('N N'),'IfcOpenShell 0.7.0','IfcOpenShell 0.7.0','');
FILE_SCHEMA(('IFC4'));
ENDSEC;
DATA;

/* Owner history */
#1=IFCPERSON($,$,'N N',$,$,$,$,$);
#2=IFCPOSTALADDRESS($,$,$,$,('',''),$,$,$,$,$);
#3=IFCORGANIZATION($,'N N',$,$,(#2));
#4=IFCPERSONANDORGANIZATION(#1,#3,$);
#5=IFCORGANIZATION($,'Dlubal Software GmbH',$,$,$);
#6=IFCAPPLICATION(#5,'6.14.0001.218.481258bdfc0','RFEM','RFEM');
#7=IFCOWNERHISTORY(#4,#6,$,.ADDED.,1775831132,$,$,1775831132);

/* Project local system and geometric representation context */
#8=IFCCARTESIANPOINT((0.,0.,0.));
#9=IFCDIRECTION((0.,0.,-1.));
#10=IFCDIRECTION((1.,0.,0.));
#11=IFCAXIS2PLACEMENT3D(#8,#9,#10);
#12=IFCGEOMETRICREPRESENTATIONCONTEXT($,'Model',3,0.0005,#11,$);

/* Units */
#13=IFCSIUNIT(*,.AREAUNIT.,$,.SQUARE_METRE.);
#14=IFCSIUNIT(*,.FORCEUNIT.,$,.NEWTON.);
#15=IFCSIUNIT(*,.LENGTHUNIT.,$,.METRE.);
#16=IFCSIUNIT(*,.MASSUNIT.,.KILO.,.GRAM.);
#17=IFCSIUNIT(*,.PLANEANGLEUNIT.,$,.RADIAN.);
#18=IFCSIUNIT(*,.THERMODYNAMICTEMPERATUREUNIT.,$,.DEGREE_CELSIUS.);
#19=IFCDERIVEDUNITELEMENT(#14,1);
#20=IFCDERIVEDUNITELEMENT(#15,-1);
#21=IFCDERIVEDUNIT((#19,#20),.LINEARFORCEUNIT.,'N/m');
#22=IFCDERIVEDUNITELEMENT(#15,1);
#23=IFCDERIVEDUNIT((#19,#22,#20),.LINEARMOMENTUNIT.,'Nm/m');
#24=IFCDERIVEDUNIT((#19,#20),.LINEARSTIFFNESSUNIT.,'N/m');
#25=IFCDERIVEDUNITELEMENT(#16,1);
#26=IFCDERIVEDUNITELEMENT(#15,-3);
#27=IFCDERIVEDUNIT((#25,#26),.MASSDENSITYUNIT.,'kg/m3');
#28=IFCDERIVEDUNITELEMENT(#15,-2);
#29=IFCDERIVEDUNIT((#19,#28),.MODULUSOFELASTICITYUNIT.,'N/m2');
#30=IFCDERIVEDUNITELEMENT(#17,-1);
#31=IFCDERIVEDUNIT((#19,#22,#20,#30),.MODULUSOFSUBGRADEREACTIONUNIT.,'Nm/m/rad');
#32=IFCDERIVEDUNITELEMENT(#15,4);
#33=IFCDERIVEDUNIT((#32),.MOMENTOFINERTIAUNIT.,'m4');
#34=IFCDERIVEDUNIT((#19,#28),.PLANARFORCEUNIT.,'N/m2');
#35=IFCDERIVEDUNIT((#19,#22,#30),.ROTATIONALSTIFFNESSUNIT.,'Nm/rad');
#36=IFCDERIVEDUNIT((#19,#28),.SHEARMODULUSUNIT.,'N/m2');
#37=IFCDERIVEDUNITELEMENT(#18,-1);
#38=IFCDERIVEDUNIT((#37),.THERMALEXPANSIONCOEFFICIENTUNIT.,'1/K');
#39=IFCDERIVEDUNIT((#19,#22),.TORQUEUNIT.,'Nm');
#40=IFCUNITASSIGNMENT((#13,#14,#15,#16,#17,#18,#21,#23,#24,#27,#29,#31,#33,#34,#35,#36,#38,#39));

/* Project */
#41=IFCPROJECT('1Py7XHgSnFa9gKUolOXC97',#7,'Unnamed Project','',$,$,$,(#12),#40);
#42=IFCLOCALPLACEMENT($,#11);
#43=IFCBUILDING('3YMUoByoL5khTjR7o$xDXS',$,'000386_AU151','',$,#42,$,$,.ELEMENT.,$,$,$);
#44=IFCRELAGGREGATES('2QCPI2y3DBLfG7oJtFvJwC',$,$,$,#41,(#43));

/* Materials */
#45=IFCMATERIAL('C30/37 | EN 1992-1-1:2004/A1:2014','Beton C30/37',$);
#46=IFCPROPERTYSINGLEVALUE('Young modulus',$,IFCMODULUSOFELASTICITYMEASURE(33000000000.),$);
#47=IFCPROPERTYSINGLEVALUE('Shear modulus',$,IFCMODULUSOFELASTICITYMEASURE(13750000000.),$);
#48=IFCPROPERTYSINGLEVALUE('Density',$,IFCMASSDENSITYMEASURE(2500.),$);
#49=IFCPROPERTYSINGLEVALUE('Poisson''s ratio',$,IFCRATIOMEASURE(0.2),$);
#50=IFCPROPERTYSINGLEVALUE('Thermal expansion coefficient',$,IFCTHERMALEXPANSIONCOEFFICIENTMEASURE(1.E-05),$);
#51=IFCMATERIALPROPERTIES('Material properties',$,(#46,#47,#48,#49,#50),#45);
#52=IFCMATERIAL('S235 | EN 10025-2:2004-11','Baustahl S 235',$);
#53=IFCPROPERTYSINGLEVALUE('Young modulus',$,IFCMODULUSOFELASTICITYMEASURE(210000000000.),$);
#54=IFCPROPERTYSINGLEVALUE('Shear modulus',$,IFCMODULUSOFELASTICITYMEASURE(80769230769.2308),$);
#55=IFCPROPERTYSINGLEVALUE('Density',$,IFCMASSDENSITYMEASURE(7850.),$);
#56=IFCPROPERTYSINGLEVALUE('Poisson''s ratio',$,IFCRATIOMEASURE(0.3),$);
#57=IFCPROPERTYSINGLEVALUE('Thermal expansion coefficient',$,IFCTHERMALEXPANSIONCOEFFICIENTMEASURE(1.2E-05),$);
#58=IFCMATERIALPROPERTIES('Material properties',$,(#53,#54,#55,#56,#57),#52);

/* Profiles */
#59=IFCPROPERTYSINGLEVALUE('CrossSectionArea',$,IFCAREAMEASURE(0.00868),$);
#60=IFCISHAPEPROFILEDEF(.AREA.,'HE 260 A',$,0.26,0.25,0.0075,0.0125,0.024,$,$);
#61=IFCPROFILEPROPERTIES($,$,(#59),#60);
#62=IFCPROPERTYSINGLEVALUE('CrossSectionArea',$,IFCAREAMEASURE(0.00314),$);
#63=IFCISHAPEPROFILEDEF(.AREA.,'HE 140 A',$,0.14,0.133,0.0055,0.0085,0.012,$,$);
#64=IFCPROFILEPROPERTIES($,$,(#62),#63);
#65=IFCPROPERTYSINGLEVALUE('CrossSectionArea',$,IFCAREAMEASURE(0.00212),$);
#66=IFCISHAPEPROFILEDEF(.AREA.,'HE 100 A',$,0.1,0.096,0.005,0.008,0.012,$,$);
#67=IFCPROFILEPROPERTIES($,$,(#65),#66);
#68=IFCPROPERTYSINGLEVALUE('CrossSectionArea',$,IFCAREAMEASURE(0.00768),$);
#69=IFCISHAPEPROFILEDEF(.AREA.,'HE 240 A',$,0.24,0.23,0.0075,0.012,0.021,$,$);
#70=IFCPROFILEPROPERTIES($,$,(#68),#69);
#71=IFCPROPERTYSINGLEVALUE('CrossSectionArea',$,IFCAREAMEASURE(0.00314),$);
#72=IFCISHAPEPROFILEDEF(.AREA.,'HE 140 A',$,0.14,0.133,0.0055,0.0085,0.012,$,$);
#73=IFCPROFILEPROPERTIES($,$,(#71),#72);
#74=IFCPROPERTYSINGLEVALUE('CrossSectionArea',$,IFCAREAMEASURE(0.00453),$);
#75=IFCISHAPEPROFILEDEF(.AREA.,'HE 180 A',$,0.18,0.171,0.006,0.0095,0.015,$,$);
#76=IFCPROFILEPROPERTIES($,$,(#74),#75);
#77=IFCPROPERTYSINGLEVALUE('CrossSectionArea',$,IFCAREAMEASURE(0.00538),$);
#78=IFCISHAPEPROFILEDEF(.AREA.,'HE 200 A',$,0.2,0.19,0.0065,0.01,0.018,$,$);
#79=IFCPROFILEPROPERTIES($,$,(#77),#78);
#80=IFCPROPERTYSINGLEVALUE('CrossSectionArea',$,IFCAREAMEASURE(0.003912),$);
#81=IFCISHAPEPROFILEDEF(.AREA.,'IPE 240',$,0.12,0.24,0.0062,0.0098,0.015,$,$);
#82=IFCPROFILEPROPERTIES($,$,(#80),#81);
#83=IFCPROPERTYSINGLEVALUE('CrossSectionArea',$,IFCAREAMEASURE(0.001643),$);
#84=IFCISHAPEPROFILEDEF(.AREA.,'IPE 140',$,0.073,0.14,0.0047,0.0069,0.007,$,$);
#85=IFCPROFILEPROPERTIES($,$,(#83),#84);

/* Material profiles */
#86=IFCMATERIALPROFILE($,$,#52,#60,$,$);
#87=IFCMATERIALPROFILE($,$,#52,#63,$,$);
#88=IFCMATERIALPROFILE($,$,#52,#66,$,$);
#89=IFCMATERIALPROFILE($,$,#52,#69,$,$);
#90=IFCMATERIALPROFILE($,$,#52,#72,$,$);
#91=IFCMATERIALPROFILE($,$,#52,#75,$,$);
#92=IFCMATERIALPROFILE($,$,#52,#78,$,$);
#93=IFCMATERIALPROFILE($,$,#52,#81,$,$);
#94=IFCMATERIALPROFILE($,$,#52,#84,$,$);

/* Surface 3 */
#95=IFCCARTESIANPOINT((-2.74673104286194,17.446102142334,-7.90000009536743));
#96=IFCVERTEXPOINT(#95);
#97=IFCCARTESIANPOINT((-2.74673104286194,11.446102142334,-7.90000009536743));
#98=IFCVERTEXPOINT(#97);
#99=IFCCARTESIANPOINT((-2.74673104286194,17.446102142334,-7.90000009536743));
#100=IFCDIRECTION((0.,-1.,0.));
#101=IFCVECTOR(#100,1.);
#102=IFCLINE(#99,#101);
#103=IFCEDGECURVE(#96,#98,#102,.T.);
#104=IFCORIENTEDEDGE(*,*,#103,.T.);
#105=IFCCARTESIANPOINT((-2.74673104286194,11.446102142334,-7.90000009536743));
#106=IFCVERTEXPOINT(#105);
#107=IFCCARTESIANPOINT((6.25326919555664,11.446102142334,-7.90000009536743));
#108=IFCVERTEXPOINT(#107);
#109=IFCCARTESIANPOINT((-2.74673104286194,11.446102142334,-7.90000009536743));
#110=IFCDIRECTION((1.,0.,0.));
#111=IFCVECTOR(#110,1.);
#112=IFCLINE(#109,#111);
#113=IFCEDGECURVE(#106,#108,#112,.T.);
#114=IFCORIENTEDEDGE(*,*,#113,.T.);
#115=IFCCARTESIANPOINT((6.25326919555664,11.446102142334,-7.90000009536743));
#116=IFCVERTEXPOINT(#115);
#117=IFCCARTESIANPOINT((-2.74673104286194,17.446102142334,-7.90000009536743));
#118=IFCVERTEXPOINT(#117);
#119=IFCCARTESIANPOINT((6.25326919555664,11.446102142334,-7.90000009536743));
#120=IFCDIRECTION((-0.832050301119937,0.554700186052088,0.));
#121=IFCVECTOR(#120,1.);
#122=IFCLINE(#119,#121);
#123=IFCEDGECURVE(#116,#118,#122,.T.);
#124=IFCORIENTEDEDGE(*,*,#123,.T.);
#125=IFCEDGELOOP((#104,#114,#124));
#126=IFCFACEOUTERBOUND(#125,.T.);
#127=IFCCARTESIANPOINT((0.707432522934761,13.4002655889214,-7.90000009536743));
#128=IFCDIRECTION((1.3514227689024E-31,4.08011023623381E-31,1.));
#129=IFCDIRECTION((0.,1.,-4.08011023623381E-31));
#130=IFCAXIS2PLACEMENT3D(#127,#128,#129);
#131=IFCPLANE(#130);
#132=IFCADVANCEDFACE((#126),#131,.T.);
#133=IFCCARTESIANPOINT((-2.74673104286194,17.446102142334,-7.90000009536743));
#134=IFCVERTEXPOINT(#133);
#135=IFCCARTESIANPOINT((6.25326919555664,11.446102142334,-7.90000009536743));
#136=IFCVERTEXPOINT(#135);
#137=IFCCARTESIANPOINT((-2.74673104286194,17.446102142334,-7.90000009536743));
#138=IFCDIRECTION((0.832050301119937,-0.554700186052088,0.));
#139=IFCVECTOR(#138,1.);
#140=IFCLINE(#137,#139);
#141=IFCEDGECURVE(#134,#136,#140,.T.);
#142=IFCORIENTEDEDGE(*,*,#141,.T.);
#143=IFCCARTESIANPOINT((6.25326919555664,11.446102142334,-7.90000009536743));
#144=IFCVERTEXPOINT(#143);
#145=IFCCARTESIANPOINT((6.25326919555664,17.446102142334,-7.90000009536743));
#146=IFCVERTEXPOINT(#145);
#147=IFCCARTESIANPOINT((6.25326919555664,11.446102142334,-7.90000009536743));
#148=IFCDIRECTION((0.,1.,0.));
#149=IFCVECTOR(#148,1.);
#150=IFCLINE(#147,#149);
#151=IFCEDGECURVE(#144,#146,#150,.T.);
#152=IFCORIENTEDEDGE(*,*,#151,.T.);
#153=IFCCARTESIANPOINT((6.25326919555664,17.446102142334,-7.90000009536743));
#154=IFCVERTEXPOINT(#153);
#155=IFCCARTESIANPOINT((-2.74673104286194,17.446102142334,-7.90000009536743));
#156=IFCVERTEXPOINT(#155);
#157=IFCCARTESIANPOINT((6.25326919555664,17.446102142334,-7.90000009536743));
#158=IFCDIRECTION((-1.,0.,0.));
#159=IFCVECTOR(#158,1.);
#160=IFCLINE(#157,#159);
#161=IFCEDGECURVE(#154,#156,#160,.T.);
#162=IFCORIENTEDEDGE(*,*,#161,.T.);
#163=IFCEDGELOOP((#142,#152,#162));
#164=IFCFACEOUTERBOUND(#163,.T.);
#165=IFCCARTESIANPOINT((2.79910562975994,15.4919386957466,-7.90000009536743));
#166=IFCDIRECTION((3.34075527151421E-32,7.0326562632296E-32,1.));
#167=IFCDIRECTION((0.,1.,-7.0326562632296E-32));
#168=IFCAXIS2PLACEMENT3D(#165,#166,#167);
#169=IFCPLANE(#168);
#170=IFCADVANCEDFACE((#164),#169,.T.);
#171=IFCCARTESIANPOINT((-2.74673104286194,17.446102142334,-8.10000038146973));
#172=IFCVERTEXPOINT(#171);
#173=IFCCARTESIANPOINT((6.25326919555664,17.446102142334,-8.10000038146973));
#174=IFCVERTEXPOINT(#173);
#175=IFCCARTESIANPOINT((-2.74673104286194,17.446102142334,-8.10000038146973));
#176=IFCDIRECTION((1.,0.,0.));
#177=IFCVECTOR(#176,1.);
#178=IFCLINE(#175,#177);
#179=IFCEDGECURVE(#172,#174,#178,.T.);
#180=IFCORIENTEDEDGE(*,*,#179,.T.);
#181=IFCCARTESIANPOINT((6.25326919555664,17.446102142334,-8.10000038146973));
#182=IFCVERTEXPOINT(#181);
#183=IFCCARTESIANPOINT((6.25326919555664,11.446102142334,-8.10000038146973));
#184=IFCVERTEXPOINT(#183);
#185=IFCCARTESIANPOINT((6.25326919555664,17.446102142334,-8.10000038146973));
#186=IFCDIRECTION((0.,-1.,0.));
#187=IFCVECTOR(#186,1.);
#188=IFCLINE(#185,#187);
#189=IFCEDGECURVE(#182,#184,#188,.T.);
#190=IFCORIENTEDEDGE(*,*,#189,.T.);
#191=IFCCARTESIANPOINT((6.25326919555664,11.446102142334,-8.10000038146973));
#192=IFCVERTEXPOINT(#191);
#193=IFCCARTESIANPOINT((-2.74673104286194,17.446102142334,-8.10000038146973));
#194=IFCVERTEXPOINT(#193);
#195=IFCCARTESIANPOINT((6.25326919555664,11.446102142334,-8.10000038146973));
#196=IFCDIRECTION((-0.832050301119937,0.554700186052088,0.));
#197=IFCVECTOR(#196,1.);
#198=IFCLINE(#195,#197);
#199=IFCEDGECURVE(#192,#194,#198,.T.);
#200=IFCORIENTEDEDGE(*,*,#199,.T.);
#201=IFCEDGELOOP((#180,#190,#200));
#202=IFCFACEOUTERBOUND(#201,.T.);
#203=IFCCARTESIANPOINT((2.79910562975994,15.4919386957466,-8.10000038146973));
#204=IFCDIRECTION((-0.,-0.,-1.));
#205=IFCDIRECTION((-1.,0.,0.));
#206=IFCAXIS2PLACEMENT3D(#203,#204,#205);
#207=IFCPLANE(#206);
#208=IFCADVANCEDFACE((#202),#207,.T.);
#209=IFCCARTESIANPOINT((-2.74673104286194,17.446102142334,-8.10000038146973));
#210=IFCVERTEXPOINT(#209);
#211=IFCCARTESIANPOINT((6.25326919555664,11.446102142334,-8.10000038146973));
#212=IFCVERTEXPOINT(#211);
#213=IFCCARTESIANPOINT((-2.74673104286194,17.446102142334,-8.10000038146973));
#214=IFCDIRECTION((0.832050301119937,-0.554700186052088,0.));
#215=IFCVECTOR(#214,1.);
#216=IFCLINE(#213,#215);
#217=IFCEDGECURVE(#210,#212,#216,.T.);
#218=IFCORIENTEDEDGE(*,*,#217,.T.);
#219=IFCCARTESIANPOINT((6.25326919555664,11.446102142334,-8.10000038146973));
#220=IFCVERTEXPOINT(#219);
#221=IFCCARTESIANPOINT((-2.74673104286194,11.446102142334,-8.10000038146973));
#222=IFCVERTEXPOINT(#221);
#223=IFCCARTESIANPOINT((6.25326919555664,11.446102142334,-8.10000038146973));
#224=IFCDIRECTION((-1.,0.,0.));
#225=IFCVECTOR(#224,1.);
#226=IFCLINE(#223,#225);
#227=IFCEDGECURVE(#220,#222,#226,.T.);
#228=IFCORIENTEDEDGE(*,*,#227,.T.);
#229=IFCCARTESIANPOINT((-2.74673104286194,11.446102142334,-8.10000038146973));
#230=IFCVERTEXPOINT(#229);
#231=IFCCARTESIANPOINT((-2.74673104286194,17.446102142334,-8.10000038146973));
#232=IFCVERTEXPOINT(#231);
#233=IFCCARTESIANPOINT((-2.74673104286194,11.446102142334,-8.10000038146973));
#234=IFCDIRECTION((0.,1.,0.));
#235=IFCVECTOR(#234,1.);
#236=IFCLINE(#233,#235);
#237=IFCEDGECURVE(#230,#232,#236,.T.);
#238=IFCORIENTEDEDGE(*,*,#237,.T.);
#239=IFCEDGELOOP((#218,#228,#238));
#240=IFCFACEOUTERBOUND(#239,.T.);
#241=IFCCARTESIANPOINT((0.707432522934761,13.4002655889214,-8.10000038146973));
#242=IFCDIRECTION((-0.,-0.,-1.));
#243=IFCDIRECTION((-1.,0.,0.));
#244=IFCAXIS2PLACEMENT3D(#241,#242,#243);
#245=IFCPLANE(#244);
#246=IFCADVANCEDFACE((#240),#245,.T.);
#247=IFCCARTESIANPOINT((-2.74673104286194,17.446102142334,-7.90000009536743));
#248=IFCVERTEXPOINT(#247);
#249=IFCCARTESIANPOINT((-2.74673104286194,17.446102142334,-8.10000038146973));
#250=IFCVERTEXPOINT(#249);
#251=IFCCARTESIANPOINT((-2.74673104286194,17.446102142334,-7.90000009536743));
#252=IFCDIRECTION((0.,0.,-1.));
#253=IFCVECTOR(#252,1.);
#254=IFCLINE(#251,#253);
#255=IFCEDGECURVE(#248,#250,#254,.T.);
#256=IFCORIENTEDEDGE(*,*,#255,.T.);
#257=IFCCARTESIANPOINT((-2.74673104286194,17.446102142334,-8.10000038146973));
#258=IFCVERTEXPOINT(#257);
#259=IFCCARTESIANPOINT((-2.74673104286194,11.446102142334,-8.10000038146973));
#260=IFCVERTEXPOINT(#259);
#261=IFCCARTESIANPOINT((-2.74673104286194,17.446102142334,-8.10000038146973));
#262=IFCDIRECTION((0.,-1.,0.));
#263=IFCVECTOR(#262,1.);
#264=IFCLINE(#261,#263);
#265=IFCEDGECURVE(#258,#260,#264,.T.);
#266=IFCORIENTEDEDGE(*,*,#265,.T.);
#267=IFCCARTESIANPOINT((-2.74673104286194,11.446102142334,-8.10000038146973));
#268=IFCVERTEXPOINT(#267);
#269=IFCCARTESIANPOINT((-2.74673104286194,17.446102142334,-7.90000009536743));
#270=IFCVERTEXPOINT(#269);
#271=IFCCARTESIANPOINT((-2.74673104286194,11.446102142334,-8.10000038146973));
#272=IFCDIRECTION((0.,0.999444905392341,0.0333148778369916));
#273=IFCVECTOR(#272,1.);
#274=IFCLINE(#271,#273);
#275=IFCEDGECURVE(#268,#270,#274,.T.);
#276=IFCORIENTEDEDGE(*,*,#275,.T.);
#277=IFCEDGELOOP((#256,#266,#276));
#278=IFCFACEOUTERBOUND(#277,.T.);
#279=IFCCARTESIANPOINT((-2.74673104286194,14.4952691094963,-8.04916720558093));
#280=IFCDIRECTION((-1.,-2.79358691192693E-32,1.35230512903303E-30));
#281=IFCDIRECTION((-1.35230512903303E-30,0.,-1.));
#282=IFCAXIS2PLACEMENT3D(#279,#280,#281);
#283=IFCPLANE(#282);
#284=IFCADVANCEDFACE((#278),#283,.T.);
#285=IFCCARTESIANPOINT((-2.74673104286194,17.446102142334,-7.90000009536743));
#286=IFCVERTEXPOINT(#285);
#287=IFCCARTESIANPOINT((-2.74673104286194,11.446102142334,-8.10000038146973));
#288=IFCVERTEXPOINT(#287);
#289=IFCCARTESIANPOINT((-2.74673104286194,17.446102142334,-7.90000009536743));
#290=IFCDIRECTION((0.,-0.999444905392341,-0.0333148778369916));
#291=IFCVECTOR(#290,1.);
#292=IFCLINE(#289,#291);
#293=IFCEDGECURVE(#286,#288,#292,.T.);
#294=IFCORIENTEDEDGE(*,*,#293,.T.);
#295=IFCCARTESIANPOINT((-2.74673104286194,11.446102142334,-8.10000038146973));
#296=IFCVERTEXPOINT(#295);
#297=IFCCARTESIANPOINT((-2.74673104286194,11.446102142334,-7.90000009536743));
#298=IFCVERTEXPOINT(#297);
#299=IFCCARTESIANPOINT((-2.74673104286194,11.446102142334,-8.10000038146973));
#300=IFCDIRECTION((0.,0.,1.));
#301=IFCVECTOR(#300,1.);
#302=IFCLINE(#299,#301);
#303=IFCEDGECURVE(#296,#298,#302,.T.);
#304=IFCORIENTEDEDGE(*,*,#303,.T.);
#305=IFCCARTESIANPOINT((-2.74673104286194,11.446102142334,-7.90000009536743));
#306=IFCVERTEXPOINT(#305);
#307=IFCCARTESIANPOINT((-2.74673104286194,17.446102142334,-7.90000009536743));
#308=IFCVERTEXPOINT(#307);
#309=IFCCARTESIANPOINT((-2.74673104286194,11.446102142334,-7.90000009536743));
#310=IFCDIRECTION((0.,1.,0.));
#311=IFCVECTOR(#310,1.);
#312=IFCLINE(#309,#311);
#313=IFCEDGECURVE(#306,#308,#312,.T.);
#314=IFCORIENTEDEDGE(*,*,#313,.T.);
#315=IFCEDGELOOP((#294,#304,#314));
#316=IFCFACEOUTERBOUND(#315,.T.);
#317=IFCCARTESIANPOINT((-2.74673104286194,14.3969351751716,-7.95083327125623));
#318=IFCDIRECTION((-1.,2.29629742393541E-32,-1.0540120058141E-30));
#319=IFCDIRECTION((1.0540120058141E-30,0.,-1.));
#320=IFCAXIS2PLACEMENT3D(#317,#318,#319);
#321=IFCPLANE(#320);
#322=IFCADVANCEDFACE((#316),#321,.T.);
#323=IFCCARTESIANPOINT((-2.74673104286194,11.446102142334,-7.90000009536743));
#324=IFCVERTEXPOINT(#323);
#325=IFCCARTESIANPOINT((-2.74673104286194,11.446102142334,-8.10000038146973));
#326=IFCVERTEXPOINT(#325);
#327=IFCCARTESIANPOINT((-2.74673104286194,11.446102142334,-7.90000009536743));
#328=IFCDIRECTION((0.,0.,-1.));
#329=IFCVECTOR(#328,1.);
#330=IFCLINE(#327,#329);
#331=IFCEDGECURVE(#324,#326,#330,.T.);
#332=IFCORIENTEDEDGE(*,*,#331,.T.);
#333=IFCCARTESIANPOINT((-2.74673104286194,11.446102142334,-8.10000038146973));
#334=IFCVERTEXPOINT(#333);
#335=IFCCARTESIANPOINT((6.25326919555664,11.446102142334,-8.10000038146973));
#336=IFCVERTEXPOINT(#335);
#337=IFCCARTESIANPOINT((-2.74673104286194,11.446102142334,-8.10000038146973));
#338=IFCDIRECTION((1.,0.,0.));
#339=IFCVECTOR(#338,1.);
#340=IFCLINE(#337,#339);
#341=IFCEDGECURVE(#334,#336,#340,.T.);
#342=IFCORIENTEDEDGE(*,*,#341,.T.);
#343=IFCCARTESIANPOINT((6.25326919555664,11.446102142334,-8.10000038146973));
#344=IFCVERTEXPOINT(#343);
#345=IFCCARTESIANPOINT((-2.74673104286194,11.446102142334,-7.90000009536743));
#346=IFCVERTEXPOINT(#345);
#347=IFCCARTESIANPOINT((6.25326919555664,11.446102142334,-8.10000038146973));
#348=IFCDIRECTION((-0.999753177138779,0.,0.0222167684625049));
#349=IFCVECTOR(#348,1.);
#350=IFCLINE(#347,#349);
#351=IFCEDGECURVE(#344,#346,#350,.T.);
#352=IFCORIENTEDEDGE(*,*,#351,.T.);
#353=IFCEDGELOOP((#332,#342,#352));
#354=IFCFACEOUTERBOUND(#353,.T.);
#355=IFCCARTESIANPOINT((1.70382449338151,11.446102142334,-8.04944482138442));
#356=IFCDIRECTION((-2.27418558562353E-30,-1.,-2.08119652957159E-28));
#357=IFCDIRECTION((0.,2.08119652957159E-28,-1.));
#358=IFCAXIS2PLACEMENT3D(#355,#356,#357);
#359=IFCPLANE(#358);
#360=IFCADVANCEDFACE((#354),#359,.T.);
#361=IFCCARTESIANPOINT((-2.74673104286194,11.446102142334,-7.90000009536743));
#362=IFCVERTEXPOINT(#361);
#363=IFCCARTESIANPOINT((6.25326919555664,11.446102142334,-8.10000038146973));
#364=IFCVERTEXPOINT(#363);
#365=IFCCARTESIANPOINT((-2.74673104286194,11.446102142334,-7.90000009536743));
#366=IFCDIRECTION((0.999753177138779,0.,-0.0222167684625049));
#367=IFCVECTOR(#366,1.);
#368=IFCLINE(#365,#367);
#369=IFCEDGECURVE(#362,#364,#368,.T.);
#370=IFCORIENTEDEDGE(*,*,#369,.T.);
#371=IFCCARTESIANPOINT((6.25326919555664,11.446102142334,-8.10000038146973));
#372=IFCVERTEXPOINT(#371);
#373=IFCCARTESIANPOINT((6.25326919555664,11.446102142334,-7.90000009536743));
#374=IFCVERTEXPOINT(#373);
#375=IFCCARTESIANPOINT((6.25326919555664,11.446102142334,-8.10000038146973));
#376=IFCDIRECTION((0.,0.,1.));
#377=IFCVECTOR(#376,1.);
#378=IFCLINE(#375,#377);
#379=IFCEDGECURVE(#372,#374,#378,.T.);
#380=IFCORIENTEDEDGE(*,*,#379,.T.);
#381=IFCCARTESIANPOINT((6.25326919555664,11.446102142334,-7.90000009536743));
#382=IFCVERTEXPOINT(#381);
#383=IFCCARTESIANPOINT((-2.74673104286194,11.446102142334,-7.90000009536743));
#384=IFCVERTEXPOINT(#383);
#385=IFCCARTESIANPOINT((6.25326919555664,11.446102142334,-7.90000009536743));
#386=IFCDIRECTION((-1.,0.,0.));
#387=IFCVECTOR(#386,1.);
#388=IFCLINE(#385,#387);
#389=IFCEDGECURVE(#382,#384,#388,.T.);
#390=IFCORIENTEDEDGE(*,*,#389,.T.);
#391=IFCEDGELOOP((#370,#380,#390));
#392=IFCFACEOUTERBOUND(#391,.T.);
#393=IFCCARTESIANPOINT((1.80271365931319,11.446102142334,-7.95055565545274));
#394=IFCDIRECTION((-4.53896494278388E-30,-1.,-4.11924900701277E-28));
#395=IFCDIRECTION((0.,4.11924900701277E-28,-1.));
#396=IFCAXIS2PLACEMENT3D(#393,#394,#395);
#397=IFCPLANE(#396);
#398=IFCADVANCEDFACE((#392),#397,.T.);
#399=IFCCARTESIANPOINT((6.25326919555664,11.446102142334,-7.90000009536743));
#400=IFCVERTEXPOINT(#399);
#401=IFCCARTESIANPOINT((6.25326919555664,11.446102142334,-8.10000038146973));
#402=IFCVERTEXPOINT(#401);
#403=IFCCARTESIANPOINT((6.25326919555664,11.446102142334,-7.90000009536743));
#404=IFCDIRECTION((0.,0.,-1.));
#405=IFCVECTOR(#404,1.);
#406=IFCLINE(#403,#405);
#407=IFCEDGECURVE(#400,#402,#406,.T.);
#408=IFCORIENTEDEDGE(*,*,#407,.T.);
#409=IFCCARTESIANPOINT((6.25326919555664,11.446102142334,-8.10000038146973));
#410=IFCVERTEXPOINT(#409);
#411=IFCCARTESIANPOINT((6.25326919555664,17.446102142334,-8.10000038146973));
#412=IFCVERTEXPOINT(#411);
#413=IFCCARTESIANPOINT((6.25326919555664,11.446102142334,-8.10000038146973));
#414=IFCDIRECTION((0.,1.,0.));
#415=IFCVECTOR(#414,1.);
#416=IFCLINE(#413,#415);
#417=IFCEDGECURVE(#410,#412,#416,.T.);
#418=IFCORIENTEDEDGE(*,*,#417,.T.);
#419=IFCCARTESIANPOINT((6.25326919555664,17.446102142334,-8.10000038146973));
#420=IFCVERTEXPOINT(#419);
#421=IFCCARTESIANPOINT((6.25326919555664,11.446102142334,-7.90000009536743));
#422=IFCVERTEXPOINT(#421);
#423=IFCCARTESIANPOINT((6.25326919555664,17.446102142334,-8.10000038146973));
#424=IFCDIRECTION((0.,-0.999444905392341,0.0333148778369916));
#425=IFCVECTOR(#424,1.);
#426=IFCLINE(#423,#425);
#427=IFCEDGECURVE(#420,#422,#426,.T.);
#428=IFCORIENTEDEDGE(*,*,#427,.T.);
#429=IFCEDGELOOP((#408,#418,#428));
#430=IFCFACEOUTERBOUND(#429,.T.);
#431=IFCCARTESIANPOINT((6.25326919555664,14.3969351751716,-8.04916720558093));
#432=IFCDIRECTION((1.,0.,0.));
#433=IFCDIRECTION((-0.,0.,1.));
#434=IFCAXIS2PLACEMENT3D(#431,#432,#433);
#435=IFCPLANE(#434);
#436=IFCADVANCEDFACE((#430),#435,.T.);
#437=IFCCARTESIANPOINT((6.25326919555664,11.446102142334,-7.90000009536743));
#438=IFCVERTEXPOINT(#437);
#439=IFCCARTESIANPOINT((6.25326919555664,17.446102142334,-8.10000038146973));
#440=IFCVERTEXPOINT(#439);
#441=IFCCARTESIANPOINT((6.25326919555664,11.446102142334,-7.90000009536743));
#442=IFCDIRECTION((0.,0.999444905392341,-0.0333148778369916));
#443=IFCVECTOR(#442,1.);
#444=IFCLINE(#441,#443);
#445=IFCEDGECURVE(#438,#440,#444,.T.);
#446=IFCORIENTEDEDGE(*,*,#445,.T.);
#447=IFCCARTESIANPOINT((6.25326919555664,17.446102142334,-8.10000038146973));
#448=IFCVERTEXPOINT(#447);
#449=IFCCARTESIANPOINT((6.25326919555664,17.446102142334,-7.90000009536743));
#450=IFCVERTEXPOINT(#449);
#451=IFCCARTESIANPOINT((6.25326919555664,17.446102142334,-8.10000038146973));
#452=IFCDIRECTION((0.,0.,1.));
#453=IFCVECTOR(#452,1.);
#454=IFCLINE(#451,#453);
#455=IFCEDGECURVE(#448,#450,#454,.T.);
#456=IFCORIENTEDEDGE(*,*,#455,.T.);
#457=IFCCARTESIANPOINT((6.25326919555664,17.446102142334,-7.90000009536743));
#458=IFCVERTEXPOINT(#457);
#459=IFCCARTESIANPOINT((6.25326919555664,11.446102142334,-7.90000009536743));
#460=IFCVERTEXPOINT(#459);
#461=IFCCARTESIANPOINT((6.25326919555664,17.446102142334,-7.90000009536743));
#462=IFCDIRECTION((0.,-1.,0.));
#463=IFCVECTOR(#462,1.);
#464=IFCLINE(#461,#463);
#465=IFCEDGECURVE(#458,#460,#464,.T.);
#466=IFCORIENTEDEDGE(*,*,#465,.T.);
#467=IFCEDGELOOP((#446,#456,#466));
#468=IFCFACEOUTERBOUND(#467,.T.);
#469=IFCCARTESIANPOINT((6.25326919555664,14.4952691094963,-7.95083327125623));
#470=IFCDIRECTION((1.,0.,0.));
#471=IFCDIRECTION((-0.,0.,1.));
#472=IFCAXIS2PLACEMENT3D(#469,#470,#471);
#473=IFCPLANE(#472);
#474=IFCADVANCEDFACE((#468),#473,.T.);
#475=IFCCARTESIANPOINT((6.25326919555664,17.446102142334,-7.90000009536743));
#476=IFCVERTEXPOINT(#475);
#477=IFCCARTESIANPOINT((6.25326919555664,17.446102142334,-8.10000038146973));
#478=IFCVERTEXPOINT(#477);
#479=IFCCARTESIANPOINT((6.25326919555664,17.446102142334,-7.90000009536743));
#480=IFCDIRECTION((0.,0.,-1.));
#481=IFCVECTOR(#480,1.);
#482=IFCLINE(#479,#481);
#483=IFCEDGECURVE(#476,#478,#482,.T.);
#484=IFCORIENTEDEDGE(*,*,#483,.T.);
#485=IFCCARTESIANPOINT((6.25326919555664,17.446102142334,-8.10000038146973));
#486=IFCVERTEXPOINT(#485);
#487=IFCCARTESIANPOINT((-2.74673104286194,17.446102142334,-8.10000038146973));
#488=IFCVERTEXPOINT(#487);
#489=IFCCARTESIANPOINT((6.25326919555664,17.446102142334,-8.10000038146973));
#490=IFCDIRECTION((-1.,0.,0.));
#491=IFCVECTOR(#490,1.);
#492=IFCLINE(#489,#491);
#493=IFCEDGECURVE(#486,#488,#492,.T.);
#494=IFCORIENTEDEDGE(*,*,#493,.T.);
#495=IFCCARTESIANPOINT((-2.74673104286194,17.446102142334,-8.10000038146973));
#496=IFCVERTEXPOINT(#495);
#497=IFCCARTESIANPOINT((6.25326919555664,17.446102142334,-7.90000009536743));
#498=IFCVERTEXPOINT(#497);
#499=IFCCARTESIANPOINT((-2.74673104286194,17.446102142334,-8.10000038146973));
#500=IFCDIRECTION((0.999753177138779,0.,0.0222167684625049));
#501=IFCVECTOR(#500,1.);
#502=IFCLINE(#499,#501);
#503=IFCEDGECURVE(#496,#498,#502,.T.);
#504=IFCORIENTEDEDGE(*,*,#503,.T.);
#505=IFCEDGELOOP((#484,#494,#504));
#506=IFCFACEOUTERBOUND(#505,.T.);
#507=IFCCARTESIANPOINT((1.80271365931319,17.446102142334,-8.04944482138442));
#508=IFCDIRECTION((0.,1.,0.));
#509=IFCDIRECTION((0.,-0.,1.));
#510=IFCAXIS2PLACEMENT3D(#507,#508,#509);
#511=IFCPLANE(#510);
#512=IFCADVANCEDFACE((#506),#511,.T.);
#513=IFCCARTESIANPOINT((6.25326919555664,17.446102142334,-7.90000009536743));
#514=IFCVERTEXPOINT(#513);
#515=IFCCARTESIANPOINT((-2.74673104286194,17.446102142334,-8.10000038146973));
#516=IFCVERTEXPOINT(#515);
#517=IFCCARTESIANPOINT((6.25326919555664,17.446102142334,-7.90000009536743));
#518=IFCDIRECTION((-0.999753177138779,0.,-0.0222167684625049));
#519=IFCVECTOR(#518,1.);
#520=IFCLINE(#517,#519);
#521=IFCEDGECURVE(#514,#516,#520,.T.);
#522=IFCORIENTEDEDGE(*,*,#521,.T.);
#523=IFCCARTESIANPOINT((-2.74673104286194,17.446102142334,-8.10000038146973));
#524=IFCVERTEXPOINT(#523);
#525=IFCCARTESIANPOINT((-2.74673104286194,17.446102142334,-7.90000009536743));
#526=IFCVERTEXPOINT(#525);
#527=IFCCARTESIANPOINT((-2.74673104286194,17.446102142334,-8.10000038146973));
#528=IFCDIRECTION((0.,0.,1.));
#529=IFCVECTOR(#528,1.);
#530=IFCLINE(#527,#529);
#531=IFCEDGECURVE(#524,#526,#530,.T.);
#532=IFCORIENTEDEDGE(*,*,#531,.T.);
#533=IFCCARTESIANPOINT((-2.74673104286194,17.446102142334,-7.90000009536743));
#534=IFCVERTEXPOINT(#533);
#535=IFCCARTESIANPOINT((6.25326919555664,17.446102142334,-7.90000009536743));
#536=IFCVERTEXPOINT(#535);
#537=IFCCARTESIANPOINT((-2.74673104286194,17.446102142334,-7.90000009536743));
#538=IFCDIRECTION((1.,0.,0.));
#539=IFCVECTOR(#538,1.);
#540=IFCLINE(#537,#539);
#541=IFCEDGECURVE(#534,#536,#540,.T.);
#542=IFCORIENTEDEDGE(*,*,#541,.T.);
#543=IFCEDGELOOP((#522,#532,#542));
#544=IFCFACEOUTERBOUND(#543,.T.);
#545=IFCCARTESIANPOINT((1.70382449338151,17.446102142334,-7.95055565545274));
#546=IFCDIRECTION((0.,1.,0.));
#547=IFCDIRECTION((0.,-0.,1.));
#548=IFCAXIS2PLACEMENT3D(#545,#546,#547);
#549=IFCPLANE(#548);
#550=IFCADVANCEDFACE((#544),#549,.T.);
#551=IFCCLOSEDSHELL((#132,#170,#208,#246,#284,#322,#360,#398,#436,#474,#512,#550));
#552=IFCADVANCEDBREP(#551);
#553=IFCCOLOURRGB('Surface color 1',0.725490196078431,0.443137254901961,0.443137254901961);
#554=IFCSURFACESTYLERENDERING(#553,$,$,$,$,$,$,$,.NOTDEFINED.);
#555=IFCSURFACESTYLE('Surface style 1',.BOTH.,(#554));
#556=IFCSTYLEDITEM(#552,(#555),$);
#557=IFCGEOMETRICREPRESENTATIONSUBCONTEXT('Body','Model',*,*,*,*,#12,$,.MODEL_VIEW.,$);
#558=IFCSHAPEREPRESENTATION(#557,'Body','AdvancedBrep',(#552));
#559=IFCPRODUCTDEFINITIONSHAPE($,$,(#558));
#560=IFCBUILDINGELEMENTPROXY('2FKyzwpur9KAb84ZZ$ebK_',$,'Surface 3','',$,#42,#559,$,$);
#561=IFCRELASSOCIATESMATERIAL('2exLbd80j2WAvHBHHBWFTv',$,$,$,(#560),#45);

/* Surface 7 */
#562=IFCCARTESIANPOINT((-2.74673104286194,17.2961025238037,-8.));
#563=IFCVERTEXPOINT(#562);
#564=IFCCARTESIANPOINT((5.10326910018921,17.2961025238037,-6.00500011444092));
#565=IFCVERTEXPOINT(#564);
#566=IFCCARTESIANPOINT((-2.74673104286194,17.2961025238037,-8.));
#567=IFCDIRECTION((0.969191018841627,0.,0.24631031037439));
#568=IFCVECTOR(#567,1.);
#569=IFCLINE(#566,#568);
#570=IFCEDGECURVE(#563,#565,#569,.T.);
#571=IFCORIENTEDEDGE(*,*,#570,.T.);
#572=IFCCARTESIANPOINT((5.10326910018921,17.2961025238037,-6.00500011444092));
#573=IFCVERTEXPOINT(#572);
#574=IFCCARTESIANPOINT((-1.5967310667038,17.2961025238037,-6.00500011444092));
#575=IFCVERTEXPOINT(#574);
#576=IFCCARTESIANPOINT((5.10326910018921,17.2961025238037,-6.00500011444092));
#577=IFCDIRECTION((-1.,0.,0.));
#578=IFCVECTOR(#577,1.);
#579=IFCLINE(#576,#578);
#580=IFCEDGECURVE(#573,#575,#579,.T.);
#581=IFCORIENTEDEDGE(*,*,#580,.T.);
#582=IFCCARTESIANPOINT((-1.5967310667038,17.2961025238037,-6.00500011444092));
#583=IFCVERTEXPOINT(#582);
#584=IFCCARTESIANPOINT((-2.74673104286194,17.2961025238037,-8.));
#585=IFCVERTEXPOINT(#584);
#586=IFCCARTESIANPOINT((-1.5967310667038,17.2961025238037,-6.00500011444092));
#587=IFCDIRECTION((-0.499409144050635,0.,-0.86636626598605));
#588=IFCVECTOR(#587,1.);
#589=IFCLINE(#586,#588);
#590=IFCEDGECURVE(#583,#585,#589,.T.);
#591=IFCORIENTEDEDGE(*,*,#590,.T.);
#592=IFCEDGELOOP((#571,#581,#591));
#593=IFCFACEOUTERBOUND(#592,.T.);
#594=IFCCARTESIANPOINT((0.95247338001883,17.2961025238037,-6.61171838259058));
#595=IFCDIRECTION((3.13344719706783E-31,-1.,-1.9438108714089E-30));
#596=IFCDIRECTION((0.,1.9438108714089E-30,-1.));
#597=IFCAXIS2PLACEMENT3D(#594,#595,#596);
#598=IFCPLANE(#597);
#599=IFCADVANCEDFACE((#593),#598,.T.);
#600=IFCCARTESIANPOINT((-1.5967310667038,17.2961025238037,-6.00500011444092));
#601=IFCVERTEXPOINT(#600);
#602=IFCCARTESIANPOINT((5.10326910018921,17.2961025238037,-6.00500011444092));
#603=IFCVERTEXPOINT(#602);
#604=IFCCARTESIANPOINT((-1.5967310667038,17.2961025238037,-6.00500011444092));
#605=IFCDIRECTION((1.,0.,0.));
#606=IFCVECTOR(#605,1.);
#607=IFCLINE(#604,#606);
#608=IFCEDGECURVE(#601,#603,#607,.T.);
#609=IFCORIENTEDEDGE(*,*,#608,.F.);
#610=IFCCARTESIANPOINT((4.09326887130737,17.2961025238037,-6.00500011444092));
#611=IFCVERTEXPOINT(#610);
#612=IFCCARTESIANPOINT((-1.5967310667038,17.2961025238037,-6.00500011444092));
#613=IFCVERTEXPOINT(#612);
#614=IFCCARTESIANPOINT((4.09326887130737,17.2961025238037,-6.00500011444092));
#615=IFCDIRECTION((-1.,0.,0.));
#616=IFCVECTOR(#615,1.);
#617=IFCLINE(#614,#616);
#618=IFCEDGECURVE(#611,#613,#617,.T.);
#619=IFCORIENTEDEDGE(*,*,#618,.F.);
#620=IFCCARTESIANPOINT((5.10326910018921,17.2961025238037,-6.00500011444092));
#621=IFCVERTEXPOINT(#620);
#622=IFCCARTESIANPOINT((4.09326887130737,17.2961025238037,-6.00500011444092));
#623=IFCVERTEXPOINT(#622);
#624=IFCCARTESIANPOINT((5.10326910018921,17.2961025238037,-6.00500011444092));
#625=IFCDIRECTION((-1.,0.,0.));
#626=IFCVECTOR(#625,1.);
#627=IFCLINE(#624,#626);
#628=IFCEDGECURVE(#621,#623,#627,.T.);
#629=IFCORIENTEDEDGE(*,*,#628,.F.);
#630=IFCEDGELOOP((#609,#619,#629));
#631=IFCFACEOUTERBOUND(#630,.T.);
#632=IFCCARTESIANPOINT((1.75326901674271,17.2961025238037,-6.00500011444092));
#633=IFCDIRECTION((-0.,-0.,-1.));
#634=IFCDIRECTION((-1.,0.,0.));
#635=IFCAXIS2PLACEMENT3D(#632,#633,#634);
#636=IFCPLANE(#635);
#637=IFCADVANCEDFACE((#631),#636,.T.);
#638=IFCCARTESIANPOINT((-1.5967310667038,17.2961025238037,-6.00500011444092));
#639=IFCVERTEXPOINT(#638);
#640=IFCCARTESIANPOINT((4.09326887130737,17.2961025238037,-6.00500011444092));
#641=IFCVERTEXPOINT(#640);
#642=IFCCARTESIANPOINT((-1.5967310667038,17.2961025238037,-6.00500011444092));
#643=IFCDIRECTION((1.,0.,0.));
#644=IFCVECTOR(#643,1.);
#645=IFCLINE(#642,#644);
#646=IFCEDGECURVE(#639,#641,#645,.T.);
#647=IFCORIENTEDEDGE(*,*,#646,.F.);
#648=IFCCARTESIANPOINT((2.91326904296875,17.2961025238037,-6.00500011444092));
#649=IFCVERTEXPOINT(#648);
#650=IFCCARTESIANPOINT((-1.5967310667038,17.2961025238037,-6.00500011444092));
#651=IFCVERTEXPOINT(#650);
#652=IFCCARTESIANPOINT((2.91326904296875,17.2961025238037,-6.00500011444092));
#653=IFCDIRECTION((-1.,0.,0.));
#654=IFCVECTOR(#653,1.);
#655=IFCLINE(#652,#654);
#656=IFCEDGECURVE(#649,#651,#655,.T.);
#657=IFCORIENTEDEDGE(*,*,#656,.F.);
#658=IFCCARTESIANPOINT((4.09326887130737,17.2961025238037,-6.00500011444092));
#659=IFCVERTEXPOINT(#658);
#660=IFCCARTESIANPOINT((2.91326904296875,17.2961025238037,-6.00500011444092));
#661=IFCVERTEXPOINT(#660);
#662=IFCCARTESIANPOINT((4.09326887130737,17.2961025238037,-6.00500011444092));
#663=IFCDIRECTION((-1.,0.,0.));
#664=IFCVECTOR(#663,1.);
#665=IFCLINE(#662,#664);
#666=IFCEDGECURVE(#659,#661,#665,.T.);
#667=IFCORIENTEDEDGE(*,*,#666,.F.);
#668=IFCEDGELOOP((#647,#657,#667));
#669=IFCFACEOUTERBOUND(#668,.T.);
#670=IFCCARTESIANPOINT((1.24826890230179,17.2961025238037,-6.00500011444092));
#671=IFCDIRECTION((-0.,-0.,-1.));
#672=IFCDIRECTION((-1.,0.,0.));
#673=IFCAXIS2PLACEMENT3D(#670,#671,#672);
#674=IFCPLANE(#673);
#675=IFCADVANCEDFACE((#669),#674,.T.);
#676=IFCCARTESIANPOINT((2.91326904296875,17.2961025238037,-6.00500011444092));
#677=IFCVERTEXPOINT(#676);
#678=IFCCARTESIANPOINT((4.09326887130737,17.2961025238037,-6.00500011444092));
#679=IFCVERTEXPOINT(#678);
#680=IFCCARTESIANPOINT((2.91326904296875,17.2961025238037,-6.00500011444092));
#681=IFCDIRECTION((1.,0.,0.));
#682=IFCVECTOR(#681,1.);
#683=IFCLINE(#680,#682);
#684=IFCEDGECURVE(#677,#679,#683,.T.);
#685=IFCORIENTEDEDGE(*,*,#684,.T.);
#686=IFCCARTESIANPOINT((4.09326887130737,17.2961025238037,-6.00500011444092));
#687=IFCVERTEXPOINT(#686);
#688=IFCCARTESIANPOINT((4.09326887130737,17.2961025238037,-4.99499988555908));
#689=IFCVERTEXPOINT(#688);
#690=IFCCARTESIANPOINT((4.09326887130737,17.2961025238037,-6.00500011444092));
#691=IFCDIRECTION((0.,0.,1.));
#692=IFCVECTOR(#691,1.);
#693=IFCLINE(#690,#692);
#694=IFCEDGECURVE(#687,#689,#693,.T.);
#695=IFCORIENTEDEDGE(*,*,#694,.T.);
#696=IFCCARTESIANPOINT((4.09326887130737,17.2961025238037,-4.99499988555908));
#697=IFCVERTEXPOINT(#696);
#698=IFCCARTESIANPOINT((2.91326904296875,17.2961025238037,-6.00500011444092));
#699=IFCVERTEXPOINT(#698);
#700=IFCCARTESIANPOINT((4.09326887130737,17.2961025238037,-4.99499988555908));
#701=IFCDIRECTION((-0.759710760846936,0.,-0.650261147427223));
#702=IFCVECTOR(#701,1.);
#703=IFCLINE(#700,#702);
#704=IFCEDGECURVE(#697,#699,#703,.T.);
#705=IFCORIENTEDEDGE(*,*,#704,.T.);
#706=IFCEDGELOOP((#685,#695,#705));
#707=IFCFACEOUTERBOUND(#706,.T.);
#708=IFCCARTESIANPOINT((3.66246335266296,17.2961025238037,-5.6591943955249));
#709=IFCDIRECTION((2.93427906477366E-30,-1.,2.34514101092795E-31));
#710=IFCDIRECTION((-1.,-2.93427906477366E-30,0.));
#711=IFCAXIS2PLACEMENT3D(#708,#709,#710);
#712=IFCPLANE(#711);
#713=IFCADVANCEDFACE((#707),#712,.T.);
#714=IFCCARTESIANPOINT((2.91326904296875,17.2961025238037,-6.00500011444092));
#715=IFCVERTEXPOINT(#714);
#716=IFCCARTESIANPOINT((4.09326887130737,17.2961025238037,-4.99499988555908));
#717=IFCVERTEXPOINT(#716);
#718=IFCCARTESIANPOINT((2.91326904296875,17.2961025238037,-6.00500011444092));
#719=IFCDIRECTION((0.759710760846936,0.,0.650261147427223));
#720=IFCVECTOR(#719,1.);
#721=IFCLINE(#718,#720);
#722=IFCEDGECURVE(#715,#717,#721,.T.);
#723=IFCORIENTEDEDGE(*,*,#722,.T.);
#724=IFCCARTESIANPOINT((4.09326887130737,17.2961025238037,-4.99499988555908));
#725=IFCVERTEXPOINT(#724);
#726=IFCCARTESIANPOINT((2.91326904296875,17.2961025238037,-4.99499988555908));
#727=IFCVERTEXPOINT(#726);
#728=IFCCARTESIANPOINT((4.09326887130737,17.2961025238037,-4.99499988555908));
#729=IFCDIRECTION((-1.,0.,0.));
#730=IFCVECTOR(#729,1.);
#731=IFCLINE(#728,#730);
#732=IFCEDGECURVE(#725,#727,#731,.T.);
#733=IFCORIENTEDEDGE(*,*,#732,.T.);
#734=IFCCARTESIANPOINT((2.91326904296875,17.2961025238037,-4.99499988555908));
#735=IFCVERTEXPOINT(#734);
#736=IFCCARTESIANPOINT((2.91326904296875,17.2961025238037,-6.00500011444092));
#737=IFCVERTEXPOINT(#736);
#738=IFCCARTESIANPOINT((2.91326904296875,17.2961025238037,-4.99499988555908));
#739=IFCDIRECTION((0.,0.,-1.));
#740=IFCVECTOR(#739,1.);
#741=IFCLINE(#738,#740);
#742=IFCEDGECURVE(#735,#737,#741,.T.);
#743=IFCORIENTEDEDGE(*,*,#742,.T.);
#744=IFCEDGELOOP((#723,#733,#743));
#745=IFCFACEOUTERBOUND(#744,.T.);
#746=IFCCARTESIANPOINT((3.34407456161316,17.2961025238037,-5.3408056044751));
#747=IFCDIRECTION((3.57965097984724E-30,-1.,-4.45953699601362E-30));
#748=IFCDIRECTION((0.,4.45953699601362E-30,-1.));
#749=IFCAXIS2PLACEMENT3D(#746,#747,#748);
#750=IFCPLANE(#749);
#751=IFCADVANCEDFACE((#745),#750,.T.);
#752=IFCCARTESIANPOINT((2.91326904296875,17.2961025238037,-4.99499988555908));
#753=IFCVERTEXPOINT(#752);
#754=IFCCARTESIANPOINT((4.09326887130737,17.2961025238037,-4.99499988555908));
#755=IFCVERTEXPOINT(#754);
#756=IFCCARTESIANPOINT((2.91326904296875,17.2961025238037,-4.99499988555908));
#757=IFCDIRECTION((1.,0.,0.));
#758=IFCVECTOR(#757,1.);
#759=IFCLINE(#756,#758);
#760=IFCEDGECURVE(#753,#755,#759,.T.);
#761=IFCORIENTEDEDGE(*,*,#760,.T.);
#762=IFCCARTESIANPOINT((4.09326887130737,17.2961025238037,-4.99499988555908));
#763=IFCVERTEXPOINT(#762);
#764=IFCCARTESIANPOINT((6.25326919555664,17.2961025238037,-4.));
#765=IFCVERTEXPOINT(#764);
#766=IFCCARTESIANPOINT((4.09326887130737,17.2961025238037,-4.99499988555908));
#767=IFCDIRECTION((0.908266860388954,0.,0.418391336333811));
#768=IFCVECTOR(#767,1.);
#769=IFCLINE(#766,#768);
#770=IFCEDGECURVE(#763,#765,#769,.T.);
#771=IFCORIENTEDEDGE(*,*,#770,.T.);
#772=IFCCARTESIANPOINT((6.25326919555664,17.2961025238037,-4.));
#773=IFCVERTEXPOINT(#772);
#774=IFCCARTESIANPOINT((2.91326904296875,17.2961025238037,-4.99499988555908));
#775=IFCVERTEXPOINT(#774);
#776=IFCCARTESIANPOINT((6.25326919555664,17.2961025238037,-4.));
#777=IFCDIRECTION((-0.958377344065898,0.,-0.285504582066899));
#778=IFCVECTOR(#777,1.);
#779=IFCLINE(#776,#778);
#780=IFCEDGECURVE(#773,#775,#779,.T.);
#781=IFCORIENTEDEDGE(*,*,#780,.T.);
#782=IFCEDGELOOP((#761,#771,#781));
#783=IFCFACEOUTERBOUND(#782,.T.);
#784=IFCCARTESIANPOINT((4.60154371205136,17.2961025238037,-4.58084966056118));
#785=IFCDIRECTION((-0.,-1.,-0.));
#786=IFCDIRECTION((0.,0.,-1.));
#787=IFCAXIS2PLACEMENT3D(#784,#785,#786);
#788=IFCPLANE(#787);
#789=IFCADVANCEDFACE((#783),#788,.T.);
#790=IFCCARTESIANPOINT((2.91326904296875,17.2961025238037,-4.99499988555908));
#791=IFCVERTEXPOINT(#790);
#792=IFCCARTESIANPOINT((6.25326919555664,17.2961025238037,-4.));
#793=IFCVERTEXPOINT(#792);
#794=IFCCARTESIANPOINT((2.91326904296875,17.2961025238037,-4.99499988555908));
#795=IFCDIRECTION((0.958377344065898,0.,0.285504582066899));
#796=IFCVECTOR(#795,1.);
#797=IFCLINE(#794,#796);
#798=IFCEDGECURVE(#791,#793,#797,.T.);
#799=IFCORIENTEDEDGE(*,*,#798,.T.);
#800=IFCCARTESIANPOINT((6.25326919555664,17.2961025238037,-4.));
#801=IFCVERTEXPOINT(#800);
#802=IFCCARTESIANPOINT((1.90326905250549,17.2961025238037,-4.99499988555908));
#803=IFCVERTEXPOINT(#802);
#804=IFCCARTESIANPOINT((6.25326919555664,17.2961025238037,-4.));
#805=IFCDIRECTION((-0.974823731133028,0.,-0.222976889430009));
#806=IFCVECTOR(#805,1.);
#807=IFCLINE(#804,#806);
#808=IFCEDGECURVE(#801,#803,#807,.T.);
#809=IFCORIENTEDEDGE(*,*,#808,.T.);
#810=IFCCARTESIANPOINT((1.90326905250549,17.2961025238037,-4.99499988555908));
#811=IFCVERTEXPOINT(#810);
#812=IFCCARTESIANPOINT((2.91326904296875,17.2961025238037,-4.99499988555908));
#813=IFCVERTEXPOINT(#812);
#814=IFCCARTESIANPOINT((1.90326905250549,17.2961025238037,-4.99499988555908));
#815=IFCDIRECTION((1.,0.,0.));
#816=IFCVECTOR(#815,1.);
#817=IFCLINE(#814,#816);
#818=IFCEDGECURVE(#811,#813,#817,.T.);
#819=IFCORIENTEDEDGE(*,*,#818,.T.);
#820=IFCEDGELOOP((#799,#809,#819));
#821=IFCFACEOUTERBOUND(#820,.T.);
#822=IFCCARTESIANPOINT((4.08644715978601,17.2961025238037,-4.55359599498825));
#823=IFCDIRECTION((-0.,-1.,-0.));
#824=IFCDIRECTION((0.,0.,-1.));
#825=IFCAXIS2PLACEMENT3D(#822,#823,#824);
#826=IFCPLANE(#825);
#827=IFCADVANCEDFACE((#821),#826,.T.);
#828=IFCCARTESIANPOINT((1.90326905250549,17.2961025238037,-4.99499988555908));
#829=IFCVERTEXPOINT(#828);
#830=IFCCARTESIANPOINT((6.25326919555664,17.2961025238037,-4.));
#831=IFCVERTEXPOINT(#830);
#832=IFCCARTESIANPOINT((1.90326905250549,17.2961025238037,-4.99499988555908));
#833=IFCDIRECTION((0.974823731133028,0.,0.222976889430009));
#834=IFCVECTOR(#833,1.);
#835=IFCLINE(#832,#834);
#836=IFCEDGECURVE(#829,#831,#835,.T.);
#837=IFCORIENTEDEDGE(*,*,#836,.T.);
#838=IFCCARTESIANPOINT((6.25326919555664,17.2961025238037,-4.));
#839=IFCVERTEXPOINT(#838);
#840=IFCCARTESIANPOINT((-0.58673083782196,17.2961025238037,-4.99499988555908));
#841=IFCVERTEXPOINT(#840);
#842=IFCCARTESIANPOINT((6.25326919555664,17.2961025238037,-4.));
#843=IFCDIRECTION((-0.989584568223202,0.,-0.143952708673711));
#844=IFCVECTOR(#843,1.);
#845=IFCLINE(#842,#844);
#846=IFCEDGECURVE(#839,#841,#845,.T.);
#847=IFCORIENTEDEDGE(*,*,#846,.T.);
#848=IFCCARTESIANPOINT((-0.58673083782196,17.2961025238037,-4.99499988555908));
#849=IFCVERTEXPOINT(#848);
#850=IFCCARTESIANPOINT((1.90326905250549,17.2961025238037,-4.99499988555908));
#851=IFCVERTEXPOINT(#850);
#852=IFCCARTESIANPOINT((-0.58673083782196,17.2961025238037,-4.99499988555908));
#853=IFCDIRECTION((1.,0.,0.));
#854=IFCVECTOR(#853,1.);
#855=IFCLINE(#852,#854);
#856=IFCEDGECURVE(#849,#851,#855,.T.);
#857=IFCORIENTEDEDGE(*,*,#856,.T.);
#858=IFCEDGELOOP((#837,#847,#857));
#859=IFCFACEOUTERBOUND(#858,.T.);
#860=IFCCARTESIANPOINT((2.8433576367016,17.2961025238037,-4.58684967759987));
#861=IFCDIRECTION((-0.,-1.,-0.));
#862=IFCDIRECTION((0.,0.,-1.));
#863=IFCAXIS2PLACEMENT3D(#860,#861,#862);
#864=IFCPLANE(#863);
#865=IFCADVANCEDFACE((#859),#864,.T.);
#866=IFCCARTESIANPOINT((1.90326905250549,17.2961025238037,-4.99499988555908));
#867=IFCVERTEXPOINT(#866);
#868=IFCCARTESIANPOINT((-0.58673083782196,17.2961025238037,-4.99499988555908));
#869=IFCVERTEXPOINT(#868);
#870=IFCCARTESIANPOINT((1.90326905250549,17.2961025238037,-4.99499988555908));
#871=IFCDIRECTION((-1.,0.,0.));
#872=IFCVECTOR(#871,1.);
#873=IFCLINE(#870,#872);
#874=IFCEDGECURVE(#867,#869,#873,.T.);
#875=IFCORIENTEDEDGE(*,*,#874,.T.);
#876=IFCCARTESIANPOINT((-0.58673083782196,17.2961025238037,-4.99499988555908));
#877=IFCVERTEXPOINT(#876);
#878=IFCCARTESIANPOINT((-0.58673083782196,17.2961025238037,-6.00500011444092));
#879=IFCVERTEXPOINT(#878);
#880=IFCCARTESIANPOINT((-0.58673083782196,17.2961025238037,-4.99499988555908));
#881=IFCDIRECTION((0.,0.,-1.));
#882=IFCVECTOR(#881,1.);
#883=IFCLINE(#880,#882);
#884=IFCEDGECURVE(#877,#879,#883,.T.);
#885=IFCORIENTEDEDGE(*,*,#884,.T.);
#886=IFCCARTESIANPOINT((-0.58673083782196,17.2961025238037,-6.00500011444092));
#887=IFCVERTEXPOINT(#886);
#888=IFCCARTESIANPOINT((1.90326905250549,17.2961025238037,-4.99499988555908));
#889=IFCVERTEXPOINT(#888);
#890=IFCCARTESIANPOINT((-0.58673083782196,17.2961025238037,-6.00500011444092));
#891=IFCDIRECTION((0.926669174717512,0.,0.375877959753382));
#892=IFCVECTOR(#891,1.);
#893=IFCLINE(#890,#892);
#894=IFCEDGECURVE(#887,#889,#893,.T.);
#895=IFCORIENTEDEDGE(*,*,#894,.T.);
#896=IFCEDGELOOP((#875,#885,#895));
#897=IFCFACEOUTERBOUND(#896,.T.);
#898=IFCCARTESIANPOINT((0.455029819739191,17.2961025238037,-5.29676071239742));
#899=IFCDIRECTION((3.53514928854605E-30,-1.,-1.64213064404674E-29));
#900=IFCDIRECTION((0.,1.64213064404674E-29,-1.));
#901=IFCAXIS2PLACEMENT3D(#898,#899,#900);
#902=IFCPLANE(#901);
#903=IFCADVANCEDFACE((#897),#902,.T.);
#904=IFCCARTESIANPOINT((1.90326905250549,17.2961025238037,-6.00500011444092));
#905=IFCVERTEXPOINT(#904);
#906=IFCCARTESIANPOINT((1.90326905250549,17.2961025238037,-4.99499988555908));
#907=IFCVERTEXPOINT(#906);
#908=IFCCARTESIANPOINT((1.90326905250549,17.2961025238037,-6.00500011444092));
#909=IFCDIRECTION((0.,0.,1.));
#910=IFCVECTOR(#909,1.);
#911=IFCLINE(#908,#910);
#912=IFCEDGECURVE(#905,#907,#911,.T.);
#913=IFCORIENTEDEDGE(*,*,#912,.T.);
#914=IFCCARTESIANPOINT((1.90326905250549,17.2961025238037,-4.99499988555908));
#915=IFCVERTEXPOINT(#914);
#916=IFCCARTESIANPOINT((-0.58673083782196,17.2961025238037,-6.00500011444092));
#917=IFCVERTEXPOINT(#916);
#918=IFCCARTESIANPOINT((1.90326905250549,17.2961025238037,-4.99499988555908));
#919=IFCDIRECTION((-0.926669174717512,0.,-0.375877959753382));
#920=IFCVECTOR(#919,1.);
#921=IFCLINE(#918,#920);
#922=IFCEDGECURVE(#915,#917,#921,.T.);
#923=IFCORIENTEDEDGE(*,*,#922,.T.);
#924=IFCCARTESIANPOINT((-0.58673083782196,17.2961025238037,-6.00500011444092));
#925=IFCVERTEXPOINT(#924);
#926=IFCCARTESIANPOINT((1.90326905250549,17.2961025238037,-6.00500011444092));
#927=IFCVERTEXPOINT(#926);
#928=IFCCARTESIANPOINT((-0.58673083782196,17.2961025238037,-6.00500011444092));
#929=IFCDIRECTION((1.,0.,0.));
#930=IFCVECTOR(#929,1.);
#931=IFCLINE(#928,#930);
#932=IFCEDGECURVE(#925,#927,#931,.T.);
#933=IFCORIENTEDEDGE(*,*,#932,.T.);
#934=IFCEDGELOOP((#913,#923,#933));
#935=IFCFACEOUTERBOUND(#934,.T.);
#936=IFCCARTESIANPOINT((0.861508394944341,17.2961025238037,-5.70323928760257));
#937=IFCDIRECTION((-0.,-1.,-0.));
#938=IFCDIRECTION((0.,0.,-1.));
#939=IFCAXIS2PLACEMENT3D(#936,#937,#938);
#940=IFCPLANE(#939);
#941=IFCADVANCEDFACE((#935),#940,.T.);
#942=IFCCARTESIANPOINT((1.90326905250549,17.2961025238037,-6.00500011444092));
#943=IFCVERTEXPOINT(#942);
#944=IFCCARTESIANPOINT((-0.58673083782196,17.2961025238037,-6.00500011444092));
#945=IFCVERTEXPOINT(#944);
#946=IFCCARTESIANPOINT((1.90326905250549,17.2961025238037,-6.00500011444092));
#947=IFCDIRECTION((-1.,0.,0.));
#948=IFCVECTOR(#947,1.);
#949=IFCLINE(#946,#948);
#950=IFCEDGECURVE(#943,#945,#949,.T.);
#951=IFCORIENTEDEDGE(*,*,#950,.F.);
#952=IFCCARTESIANPOINT((-1.5967310667038,17.2961025238037,-6.00500011444092));
#953=IFCVERTEXPOINT(#952);
#954=IFCCARTESIANPOINT((1.90326905250549,17.2961025238037,-6.00500011444092));
#955=IFCVERTEXPOINT(#954);
#956=IFCCARTESIANPOINT((-1.5967310667038,17.2961025238037,-6.00500011444092));
#957=IFCDIRECTION((1.,0.,0.));
#958=IFCVECTOR(#957,1.);
#959=IFCLINE(#956,#958);
#960=IFCEDGECURVE(#953,#955,#959,.T.);
#961=IFCORIENTEDEDGE(*,*,#960,.F.);
#962=IFCCARTESIANPOINT((-0.58673083782196,17.2961025238037,-6.00500011444092));
#963=IFCVERTEXPOINT(#962);
#964=IFCCARTESIANPOINT((-1.5967310667038,17.2961025238037,-6.00500011444092));
#965=IFCVERTEXPOINT(#964);
#966=IFCCARTESIANPOINT((-0.58673083782196,17.2961025238037,-6.00500011444092));
#967=IFCDIRECTION((-1.,0.,0.));
#968=IFCVECTOR(#967,1.);
#969=IFCLINE(#966,#968);
#970=IFCEDGECURVE(#963,#965,#969,.T.);
#971=IFCORIENTEDEDGE(*,*,#970,.F.);
#972=IFCEDGELOOP((#951,#961,#971));
#973=IFCFACEOUTERBOUND(#972,.T.);
#974=IFCCARTESIANPOINT((0.153268992900848,17.2961025238037,-6.00500011444092));
#975=IFCDIRECTION((-0.,-0.,-1.));
#976=IFCDIRECTION((-1.,0.,0.));
#977=IFCAXIS2PLACEMENT3D(#974,#975,#976);
#978=IFCPLANE(#977);
#979=IFCADVANCEDFACE((#973),#978,.T.);
#980=IFCCARTESIANPOINT((1.90326905250549,17.2961025238037,-6.00500011444092));
#981=IFCVERTEXPOINT(#980);
#982=IFCCARTESIANPOINT((-1.5967310667038,17.2961025238037,-6.00500011444092));
#983=IFCVERTEXPOINT(#982);
#984=IFCCARTESIANPOINT((1.90326905250549,17.2961025238037,-6.00500011444092));
#985=IFCDIRECTION((-1.,0.,0.));
#986=IFCVECTOR(#985,1.);
#987=IFCLINE(#984,#986);
#988=IFCEDGECURVE(#981,#983,#987,.T.);
#989=IFCORIENTEDEDGE(*,*,#988,.F.);
#990=IFCCARTESIANPOINT((2.91326904296875,17.2961025238037,-6.00500011444092));
#991=IFCVERTEXPOINT(#990);
#992=IFCCARTESIANPOINT((1.90326905250549,17.2961025238037,-6.00500011444092));
#993=IFCVERTEXPOINT(#992);
#994=IFCCARTESIANPOINT((2.91326904296875,17.2961025238037,-6.00500011444092));
#995=IFCDIRECTION((-1.,0.,0.));
#996=IFCVECTOR(#995,1.);
#997=IFCLINE(#994,#996);
#998=IFCEDGECURVE(#991,#993,#997,.T.);
#999=IFCORIENTEDEDGE(*,*,#998,.F.);
#1000=IFCCARTESIANPOINT((-1.5967310667038,17.2961025238037,-6.00500011444092));
#1001=IFCVERTEXPOINT(#1000);
#1002=IFCCARTESIANPOINT((2.91326904296875,17.2961025238037,-6.00500011444092));
#1003=IFCVERTEXPOINT(#1002);
#1004=IFCCARTESIANPOINT((-1.5967310667038,17.2961025238037,-6.00500011444092));
#1005=IFCDIRECTION((1.,0.,0.));
#1006=IFCVECTOR(#1005,1.);
#1007=IFCLINE(#1004,#1006);
#1008=IFCEDGECURVE(#1001,#1003,#1007,.T.);
#1009=IFCORIENTEDEDGE(*,*,#1008,.F.);
#1010=IFCEDGELOOP((#989,#999,#1009));
#1011=IFCFACEOUTERBOUND(#1010,.T.);
#1012=IFCCARTESIANPOINT((0.658268988132477,17.2961025238037,-6.00500011444092));
#1013=IFCDIRECTION((-0.,-0.,-1.));
#1014=IFCDIRECTION((-1.,0.,0.));
#1015=IFCAXIS2PLACEMENT3D(#1012,#1013,#1014);
#1016=IFCPLANE(#1015);
#1017=IFCADVANCEDFACE((#1011),#1016,.T.);
#1018=IFCCARTESIANPOINT((-0.58673083782196,17.2961025238037,-4.99499988555908));
#1019=IFCVERTEXPOINT(#1018);
#1020=IFCCARTESIANPOINT((6.25326919555664,17.2961025238037,-4.));
#1021=IFCVERTEXPOINT(#1020);
#1022=IFCCARTESIANPOINT((-0.58673083782196,17.2961025238037,-4.99499988555908));
#1023=IFCDIRECTION((0.989584568223202,0.,0.143952708673711));
#1024=IFCVECTOR(#1023,1.);
#1025=IFCLINE(#1022,#1024);
#1026=IFCEDGECURVE(#1019,#1021,#1025,.T.);
#1027=IFCORIENTEDEDGE(*,*,#1026,.T.);
#1028=IFCCARTESIANPOINT((6.25326919555664,17.2961025238037,-4.));
#1029=IFCVERTEXPOINT(#1028);
#1030=IFCCARTESIANPOINT((-1.5967310667038,17.2961025238037,-4.99499988555908));
#1031=IFCVERTEXPOINT(#1030);
#1032=IFCCARTESIANPOINT((6.25326919555664,17.2961025238037,-4.));
#1033=IFCDIRECTION((-0.992062534532114,0.,-0.125745487305585));
#1034=IFCVECTOR(#1033,1.);
#1035=IFCLINE(#1032,#1034);
#1036=IFCEDGECURVE(#1029,#1031,#1035,.T.);
#1037=IFCORIENTEDEDGE(*,*,#1036,.T.);
#1038=IFCCARTESIANPOINT((-1.5967310667038,17.2961025238037,-4.99499988555908));
#1039=IFCVERTEXPOINT(#1038);
#1040=IFCCARTESIANPOINT((-0.58673083782196,17.2961025238037,-4.99499988555908));
#1041=IFCVERTEXPOINT(#1040);
#1042=IFCCARTESIANPOINT((-1.5967310667038,17.2961025238037,-4.99499988555908));
#1043=IFCDIRECTION((1.,0.,0.));
#1044=IFCVECTOR(#1043,1.);
#1045=IFCLINE(#1042,#1044);
#1046=IFCEDGECURVE(#1039,#1041,#1045,.T.);
#1047=IFCORIENTEDEDGE(*,*,#1046,.T.);
#1048=IFCEDGELOOP((#1027,#1037,#1047));
#1049=IFCFACEOUTERBOUND(#1048,.T.);
#1050=IFCCARTESIANPOINT((2.33056499829674,17.2961025238037,-4.52923227098743));
#1051=IFCDIRECTION((8.68519877966363E-29,-1.,-6.49449763800971E-28));
#1052=IFCDIRECTION((0.,6.49449763800971E-28,-1.));
#1053=IFCAXIS2PLACEMENT3D(#1050,#1051,#1052);
#1054=IFCPLANE(#1053);
#1055=IFCADVANCEDFACE((#1049),#1054,.T.);
#1056=IFCCARTESIANPOINT((-1.5967310667038,17.2961025238037,-4.99499988555908));
#1057=IFCVERTEXPOINT(#1056);
#1058=IFCCARTESIANPOINT((6.25326919555664,17.2961025238037,-4.));
#1059=IFCVERTEXPOINT(#1058);
#1060=IFCCARTESIANPOINT((-1.5967310667038,17.2961025238037,-4.99499988555908));
#1061=IFCDIRECTION((0.992062534532114,0.,0.125745487305585));
#1062=IFCVECTOR(#1061,1.);
#1063=IFCLINE(#1060,#1062);
#1064=IFCEDGECURVE(#1057,#1059,#1063,.T.);
#1065=IFCORIENTEDEDGE(*,*,#1064,.T.);
#1066=IFCCARTESIANPOINT((6.25326919555664,17.2961025238037,-4.));
#1067=IFCVERTEXPOINT(#1066);
#1068=IFCCARTESIANPOINT((-2.74673104286194,17.2961025238037,-4.));
#1069=IFCVERTEXPOINT(#1068);
#1070=IFCCARTESIANPOINT((6.25326919555664,17.2961025238037,-4.));
#1071=IFCDIRECTION((-1.,0.,0.));
#1072=IFCVECTOR(#1071,1.);
#1073=IFCLINE(#1070,#1072);
#1074=IFCEDGECURVE(#1067,#1069,#1073,.T.);
#1075=IFCORIENTEDEDGE(*,*,#1074,.T.);
#1076=IFCCARTESIANPOINT((-2.74673104286194,17.2961025238037,-4.));
#1077=IFCVERTEXPOINT(#1076);
#1078=IFCCARTESIANPOINT((-1.5967310667038,17.2961025238037,-4.99499988555908));
#1079=IFCVERTEXPOINT(#1078);
#1080=IFCCARTESIANPOINT((-2.74673104286194,17.2961025238037,-4.));
#1081=IFCDIRECTION((0.756231284403934,0.,-0.6543043974243));
#1082=IFCVECTOR(#1081,1.);
#1083=IFCLINE(#1080,#1082);
#1084=IFCEDGECURVE(#1077,#1079,#1083,.T.);
#1085=IFCORIENTEDEDGE(*,*,#1084,.T.);
#1086=IFCEDGELOOP((#1065,#1075,#1085));
#1087=IFCFACEOUTERBOUND(#1086,.T.);
#1088=IFCCARTESIANPOINT((1.67629629035726,17.2961025238037,-4.2545999005911));
#1089=IFCDIRECTION((5.38380609341029E-31,-1.,-9.27576807038677E-30));
#1090=IFCDIRECTION((0.,9.27576807038677E-30,-1.));
#1091=IFCAXIS2PLACEMENT3D(#1088,#1089,#1090);
#1092=IFCPLANE(#1091);
#1093=IFCADVANCEDFACE((#1087),#1092,.T.);
#1094=IFCCARTESIANPOINT((-1.5967310667038,17.2961025238037,-4.99499988555908));
#1095=IFCVERTEXPOINT(#1094);
#1096=IFCCARTESIANPOINT((-2.74673104286194,17.2961025238037,-4.));
#1097=IFCVERTEXPOINT(#1096);
#1098=IFCCARTESIANPOINT((-1.5967310667038,17.2961025238037,-4.99499988555908));
#1099=IFCDIRECTION((-0.756231284403934,0.,0.6543043974243));
#1100=IFCVECTOR(#1099,1.);
#1101=IFCLINE(#1098,#1100);
#1102=IFCEDGECURVE(#1095,#1097,#1101,.T.);
#1103=IFCORIENTEDEDGE(*,*,#1102,.T.);
#1104=IFCCARTESIANPOINT((-2.74673104286194,17.2961025238037,-4.));
#1105=IFCVERTEXPOINT(#1104);
#1106=IFCCARTESIANPOINT((-1.5967310667038,17.2961025238037,-6.00500011444092));
#1107=IFCVERTEXPOINT(#1106);
#1108=IFCCARTESIANPOINT((-2.74673104286194,17.2961025238037,-4.));
#1109=IFCDIRECTION((0.497536026464082,0.,-0.867443313635152));
#1110=IFCVECTOR(#1109,1.);
#1111=IFCLINE(#1108,#1110);
#1112=IFCEDGECURVE(#1105,#1107,#1111,.T.);
#1113=IFCORIENTEDEDGE(*,*,#1112,.T.);
#1114=IFCCARTESIANPOINT((-1.5967310667038,17.2961025238037,-6.00500011444092));
#1115=IFCVERTEXPOINT(#1114);
#1116=IFCCARTESIANPOINT((-1.5967310667038,17.2961025238037,-4.99499988555908));
#1117=IFCVERTEXPOINT(#1116);
#1118=IFCCARTESIANPOINT((-1.5967310667038,17.2961025238037,-6.00500011444092));
#1119=IFCDIRECTION((0.,0.,1.));
#1120=IFCVECTOR(#1119,1.);
#1121=IFCLINE(#1118,#1120);
#1122=IFCEDGECURVE(#1115,#1117,#1121,.T.);
#1123=IFCORIENTEDEDGE(*,*,#1122,.T.);
#1124=IFCEDGELOOP((#1103,#1113,#1123));
#1125=IFCFACEOUTERBOUND(#1124,.T.);
#1126=IFCCARTESIANPOINT((-2.05179313592801,17.2961025238037,-4.94767290052211));
#1127=IFCDIRECTION((-0.,-1.,-0.));
#1128=IFCDIRECTION((0.,0.,-1.));
#1129=IFCAXIS2PLACEMENT3D(#1126,#1127,#1128);
#1130=IFCPLANE(#1129);
#1131=IFCADVANCEDFACE((#1125),#1130,.T.);
#1132=IFCCARTESIANPOINT((-1.5967310667038,17.2961025238037,-6.00500011444092));
#1133=IFCVERTEXPOINT(#1132);
#1134=IFCCARTESIANPOINT((-2.74673104286194,17.2961025238037,-4.));
#1135=IFCVERTEXPOINT(#1134);
#1136=IFCCARTESIANPOINT((-1.5967310667038,17.2961025238037,-6.00500011444092));
#1137=IFCDIRECTION((-0.497536026464082,0.,0.867443313635152));
#1138=IFCVECTOR(#1137,1.);
#1139=IFCLINE(#1136,#1138);
#1140=IFCEDGECURVE(#1133,#1135,#1139,.T.);
#1141=IFCORIENTEDEDGE(*,*,#1140,.T.);
#1142=IFCCARTESIANPOINT((-2.74673104286194,17.2961025238037,-4.));
#1143=IFCVERTEXPOINT(#1142);
#1144=IFCCARTESIANPOINT((-2.74673104286194,17.2961025238037,-8.));
#1145=IFCVERTEXPOINT(#1144);
#1146=IFCCARTESIANPOINT((-2.74673104286194,17.2961025238037,-4.));
#1147=IFCDIRECTION((0.,0.,-1.));
#1148=IFCVECTOR(#1147,1.);
#1149=IFCLINE(#1146,#1148);
#1150=IFCEDGECURVE(#1143,#1145,#1149,.T.);
#1151=IFCORIENTEDEDGE(*,*,#1150,.T.);
#1152=IFCCARTESIANPOINT((-2.74673104286194,17.2961025238037,-8.));
#1153=IFCVERTEXPOINT(#1152);
#1154=IFCCARTESIANPOINT((-1.5967310667038,17.2961025238037,-6.00500011444092));
#1155=IFCVERTEXPOINT(#1154);
#1156=IFCCARTESIANPOINT((-2.74673104286194,17.2961025238037,-8.));
#1157=IFCDIRECTION((0.499409144050635,0.,0.86636626598605));
#1158=IFCVECTOR(#1157,1.);
#1159=IFCLINE(#1156,#1158);
#1160=IFCEDGECURVE(#1153,#1155,#1159,.T.);
#1161=IFCORIENTEDEDGE(*,*,#1160,.T.);
#1162=IFCEDGELOOP((#1141,#1151,#1161));
#1163=IFCFACEOUTERBOUND(#1162,.T.);
#1164=IFCCARTESIANPOINT((-2.43873479174947,17.2961025238037,-6.00033274311166));
#1165=IFCDIRECTION((-0.,-1.,-0.));
#1166=IFCDIRECTION((0.,0.,-1.));
#1167=IFCAXIS2PLACEMENT3D(#1164,#1165,#1166);
#1168=IFCPLANE(#1167);
#1169=IFCADVANCEDFACE((#1163),#1168,.T.);
#1170=IFCCARTESIANPOINT((-2.74673104286194,17.2961025238037,-8.));
#1171=IFCVERTEXPOINT(#1170);
#1172=IFCCARTESIANPOINT((6.25326919555664,17.2961025238037,-8.));
#1173=IFCVERTEXPOINT(#1172);
#1174=IFCCARTESIANPOINT((-2.74673104286194,17.2961025238037,-8.));
#1175=IFCDIRECTION((1.,0.,0.));
#1176=IFCVECTOR(#1175,1.);
#1177=IFCLINE(#1174,#1176);
#1178=IFCEDGECURVE(#1171,#1173,#1177,.T.);
#1179=IFCORIENTEDEDGE(*,*,#1178,.T.);
#1180=IFCCARTESIANPOINT((6.25326919555664,17.2961025238037,-8.));
#1181=IFCVERTEXPOINT(#1180);
#1182=IFCCARTESIANPOINT((5.10326910018921,17.2961025238037,-6.00500011444092));
#1183=IFCVERTEXPOINT(#1182);
#1184=IFCCARTESIANPOINT((6.25326919555664,17.2961025238037,-8.));
#1185=IFCDIRECTION((-0.499409182907863,0.,0.866366243587145));
#1186=IFCVECTOR(#1185,1.);
#1187=IFCLINE(#1184,#1186);
#1188=IFCEDGECURVE(#1181,#1183,#1187,.T.);
#1189=IFCORIENTEDEDGE(*,*,#1188,.T.);
#1190=IFCCARTESIANPOINT((5.10326910018921,17.2961025238037,-6.00500011444092));
#1191=IFCVERTEXPOINT(#1190);
#1192=IFCCARTESIANPOINT((-2.74673104286194,17.2961025238037,-8.));
#1193=IFCVERTEXPOINT(#1192);
#1194=IFCCARTESIANPOINT((5.10326910018921,17.2961025238037,-6.00500011444092));
#1195=IFCDIRECTION((-0.969191018841627,0.,-0.24631031037439));
#1196=IFCVECTOR(#1195,1.);
#1197=IFCLINE(#1194,#1196);
#1198=IFCEDGECURVE(#1191,#1193,#1197,.T.);
#1199=IFCORIENTEDEDGE(*,*,#1198,.T.);
#1200=IFCEDGELOOP((#1179,#1189,#1199));
#1201=IFCFACEOUTERBOUND(#1200,.T.);
#1202=IFCCARTESIANPOINT((1.97906471007339,17.2961025238037,-7.46520387035724));
#1203=IFCDIRECTION((5.68261554666897E-31,-1.,-5.60882368524142E-30));
#1204=IFCDIRECTION((0.,5.60882368524142E-30,-1.));
#1205=IFCAXIS2PLACEMENT3D(#1202,#1203,#1204);
#1206=IFCPLANE(#1205);
#1207=IFCADVANCEDFACE((#1201),#1206,.T.);
#1208=IFCCARTESIANPOINT((5.10326910018921,17.2961025238037,-6.00500011444092));
#1209=IFCVERTEXPOINT(#1208);
#1210=IFCCARTESIANPOINT((6.25326919555664,17.2961025238037,-8.));
#1211=IFCVERTEXPOINT(#1210);
#1212=IFCCARTESIANPOINT((5.10326910018921,17.2961025238037,-6.00500011444092));
#1213=IFCDIRECTION((0.499409182907863,0.,-0.866366243587145));
#1214=IFCVECTOR(#1213,1.);
#1215=IFCLINE(#1212,#1214);
#1216=IFCEDGECURVE(#1209,#1211,#1215,.T.);
#1217=IFCORIENTEDEDGE(*,*,#1216,.T.);
#1218=IFCCARTESIANPOINT((6.25326919555664,17.2961025238037,-8.));
#1219=IFCVERTEXPOINT(#1218);
#1220=IFCCARTESIANPOINT((6.25326919555664,17.2961025238037,-4.));
#1221=IFCVERTEXPOINT(#1220);
#1222=IFCCARTESIANPOINT((6.25326919555664,17.2961025238037,-8.));
#1223=IFCDIRECTION((0.,0.,1.));
#1224=IFCVECTOR(#1223,1.);
#1225=IFCLINE(#1222,#1224);
#1226=IFCEDGECURVE(#1219,#1221,#1225,.T.);
#1227=IFCORIENTEDEDGE(*,*,#1226,.T.);
#1228=IFCCARTESIANPOINT((6.25326919555664,17.2961025238037,-4.));
#1229=IFCVERTEXPOINT(#1228);
#1230=IFCCARTESIANPOINT((5.10326910018921,17.2961025238037,-6.00500011444092));
#1231=IFCVERTEXPOINT(#1230);
#1232=IFCCARTESIANPOINT((6.25326919555664,17.2961025238037,-4.));
#1233=IFCDIRECTION((-0.497536065271879,0.,-0.867443291376316));
#1234=IFCVECTOR(#1233,1.);
#1235=IFCLINE(#1232,#1234);
#1236=IFCEDGECURVE(#1229,#1231,#1235,.T.);
#1237=IFCORIENTEDEDGE(*,*,#1236,.T.);
#1238=IFCEDGELOOP((#1217,#1227,#1237));
#1239=IFCFACEOUTERBOUND(#1238,.T.);
#1240=IFCCARTESIANPOINT((5.94527290883346,17.2961025238037,-6.00033274316749));
#1241=IFCDIRECTION((-0.,-1.,-0.));
#1242=IFCDIRECTION((0.,0.,-1.));
#1243=IFCAXIS2PLACEMENT3D(#1240,#1241,#1242);
#1244=IFCPLANE(#1243);
#1245=IFCADVANCEDFACE((#1239),#1244,.T.);
#1246=IFCCARTESIANPOINT((5.10326910018921,17.2961025238037,-6.00500011444092));
#1247=IFCVERTEXPOINT(#1246);
#1248=IFCCARTESIANPOINT((6.25326919555664,17.2961025238037,-4.));
#1249=IFCVERTEXPOINT(#1248);
#1250=IFCCARTESIANPOINT((5.10326910018921,17.2961025238037,-6.00500011444092));
#1251=IFCDIRECTION((0.497536065271879,0.,0.867443291376316));
#1252=IFCVECTOR(#1251,1.);
#1253=IFCLINE(#1250,#1252);
#1254=IFCEDGECURVE(#1247,#1249,#1253,.T.);
#1255=IFCORIENTEDEDGE(*,*,#1254,.T.);
#1256=IFCCARTESIANPOINT((6.25326919555664,17.2961025238037,-4.));
#1257=IFCVERTEXPOINT(#1256);
#1258=IFCCARTESIANPOINT((5.10326910018921,17.2961025238037,-4.99499988555908));
#1259=IFCVERTEXPOINT(#1258);
#1260=IFCCARTESIANPOINT((6.25326919555664,17.2961025238037,-4.));
#1261=IFCDIRECTION((-0.756231317964289,0.,-0.654304358635944));
#1262=IFCVECTOR(#1261,1.);
#1263=IFCLINE(#1260,#1262);
#1264=IFCEDGECURVE(#1257,#1259,#1263,.T.);
#1265=IFCORIENTEDEDGE(*,*,#1264,.T.);
#1266=IFCCARTESIANPOINT((5.10326910018921,17.2961025238037,-4.99499988555908));
#1267=IFCVERTEXPOINT(#1266);
#1268=IFCCARTESIANPOINT((5.10326910018921,17.2961025238037,-6.00500011444092));
#1269=IFCVERTEXPOINT(#1268);
#1270=IFCCARTESIANPOINT((5.10326910018921,17.2961025238037,-4.99499988555908));
#1271=IFCDIRECTION((0.,0.,-1.));
#1272=IFCVECTOR(#1271,1.);
#1273=IFCLINE(#1270,#1272);
#1274=IFCEDGECURVE(#1267,#1269,#1273,.T.);
#1275=IFCORIENTEDEDGE(*,*,#1274,.T.);
#1276=IFCEDGELOOP((#1255,#1265,#1275));
#1277=IFCFACEOUTERBOUND(#1276,.T.);
#1278=IFCCARTESIANPOINT((5.55833122028739,17.2961025238037,-4.94767289281239));
#1279=IFCDIRECTION((-1.20633678112723E-29,-1.,6.33574903966857E-30));
#1280=IFCDIRECTION((-1.,1.20633678112723E-29,0.));
#1281=IFCAXIS2PLACEMENT3D(#1278,#1279,#1280);
#1282=IFCPLANE(#1281);
#1283=IFCADVANCEDFACE((#1277),#1282,.T.);
#1284=IFCCARTESIANPOINT((5.10326910018921,17.2961025238037,-4.99499988555908));
#1285=IFCVERTEXPOINT(#1284);
#1286=IFCCARTESIANPOINT((6.25326919555664,17.2961025238037,-4.));
#1287=IFCVERTEXPOINT(#1286);
#1288=IFCCARTESIANPOINT((5.10326910018921,17.2961025238037,-4.99499988555908));
#1289=IFCDIRECTION((0.756231317964289,0.,0.654304358635944));
#1290=IFCVECTOR(#1289,1.);
#1291=IFCLINE(#1288,#1290);
#1292=IFCEDGECURVE(#1285,#1287,#1291,.T.);
#1293=IFCORIENTEDEDGE(*,*,#1292,.T.);
#1294=IFCCARTESIANPOINT((6.25326919555664,17.2961025238037,-4.));
#1295=IFCVERTEXPOINT(#1294);
#1296=IFCCARTESIANPOINT((4.09326887130737,17.2961025238037,-4.99499988555908));
#1297=IFCVERTEXPOINT(#1296);
#1298=IFCCARTESIANPOINT((6.25326919555664,17.2961025238037,-4.));
#1299=IFCDIRECTION((-0.908266860388954,0.,-0.418391336333811));
#1300=IFCVECTOR(#1299,1.);
#1301=IFCLINE(#1298,#1300);
#1302=IFCEDGECURVE(#1295,#1297,#1301,.T.);
#1303=IFCORIENTEDEDGE(*,*,#1302,.T.);
#1304=IFCCARTESIANPOINT((4.09326887130737,17.2961025238037,-4.99499988555908));
#1305=IFCVERTEXPOINT(#1304);
#1306=IFCCARTESIANPOINT((5.10326910018921,17.2961025238037,-4.99499988555908));
#1307=IFCVERTEXPOINT(#1306);
#1308=IFCCARTESIANPOINT((4.09326887130737,17.2961025238037,-4.99499988555908));
#1309=IFCDIRECTION((1.,0.,0.));
#1310=IFCVECTOR(#1309,1.);
#1311=IFCLINE(#1308,#1310);
#1312=IFCEDGECURVE(#1305,#1307,#1311,.T.);
#1313=IFCORIENTEDEDGE(*,*,#1312,.T.);
#1314=IFCEDGELOOP((#1293,#1303,#1313));
#1315=IFCFACEOUTERBOUND(#1314,.T.);
#1316=IFCCARTESIANPOINT((5.21140479190904,17.2961025238037,-4.5998608891613));
#1317=IFCDIRECTION((-0.,-1.,-0.));
#1318=IFCDIRECTION((0.,0.,-1.));
#1319=IFCAXIS2PLACEMENT3D(#1316,#1317,#1318);
#1320=IFCPLANE(#1319);
#1321=IFCADVANCEDFACE((#1315),#1320,.T.);
#1322=IFCCARTESIANPOINT((6.25326919555664,17.5961017608643,-8.));
#1323=IFCVERTEXPOINT(#1322);
#1324=IFCCARTESIANPOINT((-1.5967310667038,17.5961017608643,-6.00500011444092));
#1325=IFCVERTEXPOINT(#1324);
#1326=IFCCARTESIANPOINT((6.25326919555664,17.5961017608643,-8.));
#1327=IFCDIRECTION((-0.969191019734552,0.,0.246310306860876));
#1328=IFCVECTOR(#1327,1.);
#1329=IFCLINE(#1326,#1328);
#1330=IFCEDGECURVE(#1323,#1325,#1329,.T.);
#1331=IFCORIENTEDEDGE(*,*,#1330,.T.);
#1332=IFCCARTESIANPOINT((-1.5967310667038,17.5961017608643,-6.00500011444092));
#1333=IFCVERTEXPOINT(#1332);
#1334=IFCCARTESIANPOINT((5.10326910018921,17.5961017608643,-6.00500011444092));
#1335=IFCVERTEXPOINT(#1334);
#1336=IFCCARTESIANPOINT((-1.5967310667038,17.5961017608643,-6.00500011444092));
#1337=IFCDIRECTION((1.,0.,0.));
#1338=IFCVECTOR(#1337,1.);
#1339=IFCLINE(#1336,#1338);
#1340=IFCEDGECURVE(#1333,#1335,#1339,.T.);
#1341=IFCORIENTEDEDGE(*,*,#1340,.T.);
#1342=IFCCARTESIANPOINT((5.10326910018921,17.5961017608643,-6.00500011444092));
#1343=IFCVERTEXPOINT(#1342);
#1344=IFCCARTESIANPOINT((6.25326919555664,17.5961017608643,-8.));
#1345=IFCVERTEXPOINT(#1344);
#1346=IFCCARTESIANPOINT((5.10326910018921,17.5961017608643,-6.00500011444092));
#1347=IFCDIRECTION((0.499409182907863,0.,-0.866366243587145));
#1348=IFCVECTOR(#1347,1.);
#1349=IFCLINE(#1346,#1348);
#1350=IFCEDGECURVE(#1343,#1345,#1349,.T.);
#1351=IFCORIENTEDEDGE(*,*,#1350,.T.);
#1352=IFCEDGELOOP((#1331,#1341,#1351));
#1353=IFCFACEOUTERBOUND(#1352,.T.);
#1354=IFCCARTESIANPOINT((2.55406469907064,17.5961017608643,-6.61171838659089));
#1355=IFCDIRECTION((1.37183059426215E-30,1.,8.97796906278462E-30));
#1356=IFCDIRECTION((0.,-8.97796906278462E-30,1.));
#1357=IFCAXIS2PLACEMENT3D(#1354,#1355,#1356);
#1358=IFCPLANE(#1357);
#1359=IFCADVANCEDFACE((#1353),#1358,.T.);
#1360=IFCCARTESIANPOINT((5.10326910018921,17.5961017608643,-6.00500011444092));
#1361=IFCVERTEXPOINT(#1360);
#1362=IFCCARTESIANPOINT((-1.5967310667038,17.5961017608643,-6.00500011444092));
#1363=IFCVERTEXPOINT(#1362);
#1364=IFCCARTESIANPOINT((5.10326910018921,17.5961017608643,-6.00500011444092));
#1365=IFCDIRECTION((-1.,0.,0.));
#1366=IFCVECTOR(#1365,1.);
#1367=IFCLINE(#1364,#1366);
#1368=IFCEDGECURVE(#1361,#1363,#1367,.T.);
#1369=IFCORIENTEDEDGE(*,*,#1368,.F.);
#1370=IFCCARTESIANPOINT((-0.58673083782196,17.5961017608643,-6.00500011444092));
#1371=IFCVERTEXPOINT(#1370);
#1372=IFCCARTESIANPOINT((5.10326910018921,17.5961017608643,-6.00500011444092));
#1373=IFCVERTEXPOINT(#1372);
#1374=IFCCARTESIANPOINT((-0.58673083782196,17.5961017608643,-6.00500011444092));
#1375=IFCDIRECTION((1.,0.,0.));
#1376=IFCVECTOR(#1375,1.);
#1377=IFCLINE(#1374,#1376);
#1378=IFCEDGECURVE(#1371,#1373,#1377,.T.);
#1379=IFCORIENTEDEDGE(*,*,#1378,.F.);
#1380=IFCCARTESIANPOINT((-1.5967310667038,17.5961017608643,-6.00500011444092));
#1381=IFCVERTEXPOINT(#1380);
#1382=IFCCARTESIANPOINT((-0.58673083782196,17.5961017608643,-6.00500011444092));
#1383=IFCVERTEXPOINT(#1382);
#1384=IFCCARTESIANPOINT((-1.5967310667038,17.5961017608643,-6.00500011444092));
#1385=IFCDIRECTION((1.,0.,0.));
#1386=IFCVECTOR(#1385,1.);
#1387=IFCLINE(#1384,#1386);
#1388=IFCEDGECURVE(#1381,#1383,#1387,.T.);
#1389=IFCORIENTEDEDGE(*,*,#1388,.F.);
#1390=IFCEDGELOOP((#1369,#1379,#1389));
#1391=IFCFACEOUTERBOUND(#1390,.T.);
#1392=IFCCARTESIANPOINT((1.75326901674271,17.5961017608643,-6.00500011444092));
#1393=IFCDIRECTION((-0.,-0.,-1.));
#1394=IFCDIRECTION((-1.,0.,0.));
#1395=IFCAXIS2PLACEMENT3D(#1392,#1393,#1394);
#1396=IFCPLANE(#1395);
#1397=IFCADVANCEDFACE((#1391),#1396,.T.);
#1398=IFCCARTESIANPOINT((5.10326910018921,17.5961017608643,-6.00500011444092));
#1399=IFCVERTEXPOINT(#1398);
#1400=IFCCARTESIANPOINT((-0.58673083782196,17.5961017608643,-6.00500011444092));
#1401=IFCVERTEXPOINT(#1400);
#1402=IFCCARTESIANPOINT((5.10326910018921,17.5961017608643,-6.00500011444092));
#1403=IFCDIRECTION((-1.,0.,0.));
#1404=IFCVECTOR(#1403,1.);
#1405=IFCLINE(#1402,#1404);
#1406=IFCEDGECURVE(#1399,#1401,#1405,.T.);
#1407=IFCORIENTEDEDGE(*,*,#1406,.F.);
#1408=IFCCARTESIANPOINT((1.90326905250549,17.5961017608643,-6.00500011444092));
#1409=IFCVERTEXPOINT(#1408);
#1410=IFCCARTESIANPOINT((5.10326910018921,17.5961017608643,-6.00500011444092));
#1411=IFCVERTEXPOINT(#1410);
#1412=IFCCARTESIANPOINT((1.90326905250549,17.5961017608643,-6.00500011444092));
#1413=IFCDIRECTION((1.,0.,0.));
#1414=IFCVECTOR(#1413,1.);
#1415=IFCLINE(#1412,#1414);
#1416=IFCEDGECURVE(#1409,#1411,#1415,.T.);
#1417=IFCORIENTEDEDGE(*,*,#1416,.F.);
#1418=IFCCARTESIANPOINT((-0.58673083782196,17.5961017608643,-6.00500011444092));
#1419=IFCVERTEXPOINT(#1418);
#1420=IFCCARTESIANPOINT((1.90326905250549,17.5961017608643,-6.00500011444092));
#1421=IFCVERTEXPOINT(#1420);
#1422=IFCCARTESIANPOINT((-0.58673083782196,17.5961017608643,-6.00500011444092));
#1423=IFCDIRECTION((1.,0.,0.));
#1424=IFCVECTOR(#1423,1.);
#1425=IFCLINE(#1422,#1424);
#1426=IFCEDGECURVE(#1419,#1421,#1425,.T.);
#1427=IFCORIENTEDEDGE(*,*,#1426,.F.);
#1428=IFCEDGELOOP((#1407,#1417,#1427));
#1429=IFCFACEOUTERBOUND(#1428,.T.);
#1430=IFCCARTESIANPOINT((2.25826913118362,17.5961017608643,-6.00500011444092));
#1431=IFCDIRECTION((-0.,-0.,-1.));
#1432=IFCDIRECTION((-1.,0.,0.));
#1433=IFCAXIS2PLACEMENT3D(#1430,#1431,#1432);
#1434=IFCPLANE(#1433);
#1435=IFCADVANCEDFACE((#1429),#1434,.T.);
#1436=IFCCARTESIANPOINT((1.90326905250549,17.5961017608643,-6.00500011444092));
#1437=IFCVERTEXPOINT(#1436);
#1438=IFCCARTESIANPOINT((-0.58673083782196,17.5961017608643,-6.00500011444092));
#1439=IFCVERTEXPOINT(#1438);
#1440=IFCCARTESIANPOINT((1.90326905250549,17.5961017608643,-6.00500011444092));
#1441=IFCDIRECTION((-1.,0.,0.));
#1442=IFCVECTOR(#1441,1.);
#1443=IFCLINE(#1440,#1442);
#1444=IFCEDGECURVE(#1437,#1439,#1443,.T.);
#1445=IFCORIENTEDEDGE(*,*,#1444,.T.);
#1446=IFCCARTESIANPOINT((-0.58673083782196,17.5961017608643,-6.00500011444092));
#1447=IFCVERTEXPOINT(#1446);
#1448=IFCCARTESIANPOINT((-0.58673083782196,17.5961017608643,-4.99499988555908));
#1449=IFCVERTEXPOINT(#1448);
#1450=IFCCARTESIANPOINT((-0.58673083782196,17.5961017608643,-6.00500011444092));
#1451=IFCDIRECTION((0.,0.,1.));
#1452=IFCVECTOR(#1451,1.);
#1453=IFCLINE(#1450,#1452);
#1454=IFCEDGECURVE(#1447,#1449,#1453,.T.);
#1455=IFCORIENTEDEDGE(*,*,#1454,.T.);
#1456=IFCCARTESIANPOINT((-0.58673083782196,17.5961017608643,-4.99499988555908));
#1457=IFCVERTEXPOINT(#1456);
#1458=IFCCARTESIANPOINT((1.90326905250549,17.5961017608643,-6.00500011444092));
#1459=IFCVERTEXPOINT(#1458);
#1460=IFCCARTESIANPOINT((-0.58673083782196,17.5961017608643,-4.99499988555908));
#1461=IFCDIRECTION((0.926669174717512,0.,-0.375877959753382));
#1462=IFCVECTOR(#1461,1.);
#1463=IFCLINE(#1460,#1462);
#1464=IFCEDGECURVE(#1457,#1459,#1463,.T.);
#1465=IFCORIENTEDEDGE(*,*,#1464,.T.);
#1466=IFCEDGELOOP((#1445,#1455,#1465));
#1467=IFCFACEOUTERBOUND(#1466,.T.);
#1468=IFCCARTESIANPOINT((0.455029819739191,17.5961017608643,-5.70323928760257));
#1469=IFCDIRECTION((5.37506009360284E-30,1.,2.63414170534715E-29));
#1470=IFCDIRECTION((0.,-2.63414170534715E-29,1.));
#1471=IFCAXIS2PLACEMENT3D(#1468,#1469,#1470);
#1472=IFCPLANE(#1471);
#1473=IFCADVANCEDFACE((#1467),#1472,.T.);
#1474=IFCCARTESIANPOINT((1.90326905250549,17.5961017608643,-6.00500011444092));
#1475=IFCVERTEXPOINT(#1474);
#1476=IFCCARTESIANPOINT((-0.58673083782196,17.5961017608643,-4.99499988555908));
#1477=IFCVERTEXPOINT(#1476);
#1478=IFCCARTESIANPOINT((1.90326905250549,17.5961017608643,-6.00500011444092));
#1479=IFCDIRECTION((-0.926669174717512,0.,0.375877959753382));
#1480=IFCVECTOR(#1479,1.);
#1481=IFCLINE(#1478,#1480);
#1482=IFCEDGECURVE(#1475,#1477,#1481,.T.);
#1483=IFCORIENTEDEDGE(*,*,#1482,.T.);
#1484=IFCCARTESIANPOINT((-0.58673083782196,17.5961017608643,-4.99499988555908));
#1485=IFCVERTEXPOINT(#1484);
#1486=IFCCARTESIANPOINT((1.90326905250549,17.5961017608643,-4.99499988555908));
#1487=IFCVERTEXPOINT(#1486);
#1488=IFCCARTESIANPOINT((-0.58673083782196,17.5961017608643,-4.99499988555908));
#1489=IFCDIRECTION((1.,0.,0.));
#1490=IFCVECTOR(#1489,1.);
#1491=IFCLINE(#1488,#1490);
#1492=IFCEDGECURVE(#1485,#1487,#1491,.T.);
#1493=IFCORIENTEDEDGE(*,*,#1492,.T.);
#1494=IFCCARTESIANPOINT((1.90326905250549,17.5961017608643,-4.99499988555908));
#1495=IFCVERTEXPOINT(#1494);
#1496=IFCCARTESIANPOINT((1.90326905250549,17.5961017608643,-6.00500011444092));
#1497=IFCVERTEXPOINT(#1496);
#1498=IFCCARTESIANPOINT((1.90326905250549,17.5961017608643,-4.99499988555908));
#1499=IFCDIRECTION((0.,0.,-1.));
#1500=IFCVECTOR(#1499,1.);
#1501=IFCLINE(#1498,#1500);
#1502=IFCEDGECURVE(#1495,#1497,#1501,.T.);
#1503=IFCORIENTEDEDGE(*,*,#1502,.T.);
#1504=IFCEDGELOOP((#1483,#1493,#1503));
#1505=IFCFACEOUTERBOUND(#1504,.T.);
#1506=IFCCARTESIANPOINT((0.861508394944341,17.5961017608643,-5.29676071239742));
#1507=IFCDIRECTION((0.,1.,0.));
#1508=IFCDIRECTION((0.,-0.,1.));
#1509=IFCAXIS2PLACEMENT3D(#1506,#1507,#1508);
#1510=IFCPLANE(#1509);
#1511=IFCADVANCEDFACE((#1505),#1510,.T.);
#1512=IFCCARTESIANPOINT((1.90326905250549,17.5961017608643,-4.99499988555908));
#1513=IFCVERTEXPOINT(#1512);
#1514=IFCCARTESIANPOINT((-0.58673083782196,17.5961017608643,-4.99499988555908));
#1515=IFCVERTEXPOINT(#1514);
#1516=IFCCARTESIANPOINT((1.90326905250549,17.5961017608643,-4.99499988555908));
#1517=IFCDIRECTION((-1.,0.,0.));
#1518=IFCVECTOR(#1517,1.);
#1519=IFCLINE(#1516,#1518);
#1520=IFCEDGECURVE(#1513,#1515,#1519,.T.);
#1521=IFCORIENTEDEDGE(*,*,#1520,.T.);
#1522=IFCCARTESIANPOINT((-0.58673083782196,17.5961017608643,-4.99499988555908));
#1523=IFCVERTEXPOINT(#1522);
#1524=IFCCARTESIANPOINT((-2.74673104286194,17.5961017608643,-4.));
#1525=IFCVERTEXPOINT(#1524);
#1526=IFCCARTESIANPOINT((-0.58673083782196,17.5961017608643,-4.99499988555908));
#1527=IFCDIRECTION((-0.908266851614196,0.,0.418391355382536));
#1528=IFCVECTOR(#1527,1.);
#1529=IFCLINE(#1526,#1528);
#1530=IFCEDGECURVE(#1523,#1525,#1529,.T.);
#1531=IFCORIENTEDEDGE(*,*,#1530,.T.);
#1532=IFCCARTESIANPOINT((-2.74673104286194,17.5961017608643,-4.));
#1533=IFCVERTEXPOINT(#1532);
#1534=IFCCARTESIANPOINT((1.90326905250549,17.5961017608643,-4.99499988555908));
#1535=IFCVERTEXPOINT(#1534);
#1536=IFCCARTESIANPOINT((-2.74673104286194,17.5961017608643,-4.));
#1537=IFCDIRECTION((0.977863926956018,0.,-0.209241822679298));
#1538=IFCVECTOR(#1537,1.);
#1539=IFCLINE(#1536,#1538);
#1540=IFCEDGECURVE(#1533,#1535,#1539,.T.);
#1541=IFCORIENTEDEDGE(*,*,#1540,.T.);
#1542=IFCEDGELOOP((#1521,#1531,#1541));
#1543=IFCFACEOUTERBOUND(#1542,.T.);
#1544=IFCCARTESIANPOINT((-0.449954216065156,17.5961017608643,-4.62622496582663));
#1545=IFCDIRECTION((-2.06125024819774E-30,1.,-1.03028362396487E-29));
#1546=IFCDIRECTION((0.,1.03028362396487E-29,1.));
#1547=IFCAXIS2PLACEMENT3D(#1544,#1545,#1546);
#1548=IFCPLANE(#1547);
#1549=IFCADVANCEDFACE((#1543),#1548,.T.);
#1550=IFCCARTESIANPOINT((1.90326905250549,17.5961017608643,-4.99499988555908));
#1551=IFCVERTEXPOINT(#1550);
#1552=IFCCARTESIANPOINT((-2.74673104286194,17.5961017608643,-4.));
#1553=IFCVERTEXPOINT(#1552);
#1554=IFCCARTESIANPOINT((1.90326905250549,17.5961017608643,-4.99499988555908));
#1555=IFCDIRECTION((-0.977863926956018,0.,0.209241822679298));
#1556=IFCVECTOR(#1555,1.);
#1557=IFCLINE(#1554,#1556);
#1558=IFCEDGECURVE(#1551,#1553,#1557,.T.);
#1559=IFCORIENTEDEDGE(*,*,#1558,.T.);
#1560=IFCCARTESIANPOINT((-2.74673104286194,17.5961017608643,-4.));
#1561=IFCVERTEXPOINT(#1560);
#1562=IFCCARTESIANPOINT((2.91326904296875,17.5961017608643,-4.99499988555908));
#1563=IFCVERTEXPOINT(#1562);
#1564=IFCCARTESIANPOINT((-2.74673104286194,17.5961017608643,-4.));
#1565=IFCDIRECTION((0.984897216953298,0.,-0.173140035917891));
#1566=IFCVECTOR(#1565,1.);
#1567=IFCLINE(#1564,#1566);
#1568=IFCEDGECURVE(#1561,#1563,#1567,.T.);
#1569=IFCORIENTEDEDGE(*,*,#1568,.T.);
#1570=IFCCARTESIANPOINT((2.91326904296875,17.5961017608643,-4.99499988555908));
#1571=IFCVERTEXPOINT(#1570);
#1572=IFCCARTESIANPOINT((1.90326905250549,17.5961017608643,-4.99499988555908));
#1573=IFCVERTEXPOINT(#1572);
#1574=IFCCARTESIANPOINT((2.91326904296875,17.5961017608643,-4.99499988555908));
#1575=IFCDIRECTION((-1.,0.,0.));
#1576=IFCVECTOR(#1575,1.);
#1577=IFCLINE(#1574,#1576);
#1578=IFCEDGECURVE(#1571,#1573,#1577,.T.);
#1579=IFCORIENTEDEDGE(*,*,#1578,.T.);
#1580=IFCEDGELOOP((#1559,#1569,#1579));
#1581=IFCFACEOUTERBOUND(#1580,.T.);
#1582=IFCCARTESIANPOINT((0.0786514287356258,17.5961017608643,-4.54114765919989));
#1583=IFCDIRECTION((0.,1.,0.));
#1584=IFCDIRECTION((0.,-0.,1.));
#1585=IFCAXIS2PLACEMENT3D(#1582,#1583,#1584);
#1586=IFCPLANE(#1585);
#1587=IFCADVANCEDFACE((#1581),#1586,.T.);
#1588=IFCCARTESIANPOINT((2.91326904296875,17.5961017608643,-4.99499988555908));
#1589=IFCVERTEXPOINT(#1588);
#1590=IFCCARTESIANPOINT((-2.74673104286194,17.5961017608643,-4.));
#1591=IFCVERTEXPOINT(#1590);
#1592=IFCCARTESIANPOINT((2.91326904296875,17.5961017608643,-4.99499988555908));
#1593=IFCDIRECTION((-0.984897216953298,0.,0.173140035917891));
#1594=IFCVECTOR(#1593,1.);
#1595=IFCLINE(#1592,#1594);
#1596=IFCEDGECURVE(#1589,#1591,#1595,.T.);
#1597=IFCORIENTEDEDGE(*,*,#1596,.T.);
#1598=IFCCARTESIANPOINT((-2.74673104286194,17.5961017608643,-4.));
#1599=IFCVERTEXPOINT(#1598);
#1600=IFCCARTESIANPOINT((4.09326887130737,17.5961017608643,-4.99499988555908));
#1601=IFCVERTEXPOINT(#1600);
#1602=IFCCARTESIANPOINT((-2.74673104286194,17.5961017608643,-4.));
#1603=IFCDIRECTION((0.989584567865809,0.,-0.143952711130566));
#1604=IFCVECTOR(#1603,1.);
#1605=IFCLINE(#1602,#1604);
#1606=IFCEDGECURVE(#1599,#1601,#1605,.T.);
#1607=IFCORIENTEDEDGE(*,*,#1606,.T.);
#1608=IFCCARTESIANPOINT((4.09326887130737,17.5961017608643,-4.99499988555908));
#1609=IFCVERTEXPOINT(#1608);
#1610=IFCCARTESIANPOINT((2.91326904296875,17.5961017608643,-4.99499988555908));
#1611=IFCVERTEXPOINT(#1610);
#1612=IFCCARTESIANPOINT((4.09326887130737,17.5961017608643,-4.99499988555908));
#1613=IFCDIRECTION((-1.,0.,0.));
#1614=IFCVECTOR(#1613,1.);
#1615=IFCLINE(#1612,#1614);
#1616=IFCEDGECURVE(#1609,#1611,#1615,.T.);
#1617=IFCORIENTEDEDGE(*,*,#1616,.T.);
#1618=IFCEDGELOOP((#1597,#1607,#1617));
#1619=IFCFACEOUTERBOUND(#1618,.T.);
#1620=IFCCARTESIANPOINT((0.669568617626105,17.5961017608643,-4.53992056708853));
#1621=IFCDIRECTION((0.,1.,0.));
#1622=IFCDIRECTION((0.,-0.,1.));
#1623=IFCAXIS2PLACEMENT3D(#1620,#1621,#1622);
#1624=IFCPLANE(#1623);
#1625=IFCADVANCEDFACE((#1619),#1624,.T.);
#1626=IFCCARTESIANPOINT((2.91326904296875,17.5961017608643,-4.99499988555908));
#1627=IFCVERTEXPOINT(#1626);
#1628=IFCCARTESIANPOINT((4.09326887130737,17.5961017608643,-4.99499988555908));
#1629=IFCVERTEXPOINT(#1628);
#1630=IFCCARTESIANPOINT((2.91326904296875,17.5961017608643,-4.99499988555908));
#1631=IFCDIRECTION((1.,0.,0.));
#1632=IFCVECTOR(#1631,1.);
#1633=IFCLINE(#1630,#1632);
#1634=IFCEDGECURVE(#1627,#1629,#1633,.T.);
#1635=IFCORIENTEDEDGE(*,*,#1634,.T.);
#1636=IFCCARTESIANPOINT((4.09326887130737,17.5961017608643,-4.99499988555908));
#1637=IFCVERTEXPOINT(#1636);
#1638=IFCCARTESIANPOINT((4.09326887130737,17.5961017608643,-6.00500011444092));
#1639=IFCVERTEXPOINT(#1638);
#1640=IFCCARTESIANPOINT((4.09326887130737,17.5961017608643,-4.99499988555908));
#1641=IFCDIRECTION((0.,0.,-1.));
#1642=IFCVECTOR(#1641,1.);
#1643=IFCLINE(#1640,#1642);
#1644=IFCEDGECURVE(#1637,#1639,#1643,.T.);
#1645=IFCORIENTEDEDGE(*,*,#1644,.T.);
#1646=IFCCARTESIANPOINT((4.09326887130737,17.5961017608643,-6.00500011444092));
#1647=IFCVERTEXPOINT(#1646);
#1648=IFCCARTESIANPOINT((2.91326904296875,17.5961017608643,-4.99499988555908));
#1649=IFCVERTEXPOINT(#1648);
#1650=IFCCARTESIANPOINT((4.09326887130737,17.5961017608643,-6.00500011444092));
#1651=IFCDIRECTION((-0.759710760846936,0.,0.650261147427223));
#1652=IFCVECTOR(#1651,1.);
#1653=IFCLINE(#1650,#1652);
#1654=IFCEDGECURVE(#1647,#1649,#1653,.T.);
#1655=IFCORIENTEDEDGE(*,*,#1654,.T.);
#1656=IFCEDGELOOP((#1635,#1645,#1655));
#1657=IFCFACEOUTERBOUND(#1656,.T.);
#1658=IFCCARTESIANPOINT((3.66246335266296,17.5961017608643,-5.3408056044751));
#1659=IFCDIRECTION((0.,1.,0.));
#1660=IFCDIRECTION((0.,-0.,1.));
#1661=IFCAXIS2PLACEMENT3D(#1658,#1659,#1660);
#1662=IFCPLANE(#1661);
#1663=IFCADVANCEDFACE((#1657),#1662,.T.);
#1664=IFCCARTESIANPOINT((2.91326904296875,17.5961017608643,-6.00500011444092));
#1665=IFCVERTEXPOINT(#1664);
#1666=IFCCARTESIANPOINT((2.91326904296875,17.5961017608643,-4.99499988555908));
#1667=IFCVERTEXPOINT(#1666);
#1668=IFCCARTESIANPOINT((2.91326904296875,17.5961017608643,-6.00500011444092));
#1669=IFCDIRECTION((0.,0.,1.));
#1670=IFCVECTOR(#1669,1.);
#1671=IFCLINE(#1668,#1670);
#1672=IFCEDGECURVE(#1665,#1667,#1671,.T.);
#1673=IFCORIENTEDEDGE(*,*,#1672,.T.);
#1674=IFCCARTESIANPOINT((2.91326904296875,17.5961017608643,-4.99499988555908));
#1675=IFCVERTEXPOINT(#1674);
#1676=IFCCARTESIANPOINT((4.09326887130737,17.5961017608643,-6.00500011444092));
#1677=IFCVERTEXPOINT(#1676);
#1678=IFCCARTESIANPOINT((2.91326904296875,17.5961017608643,-4.99499988555908));
#1679=IFCDIRECTION((0.759710760846936,0.,-0.650261147427223));
#1680=IFCVECTOR(#1679,1.);
#1681=IFCLINE(#1678,#1680);
#1682=IFCEDGECURVE(#1675,#1677,#1681,.T.);
#1683=IFCORIENTEDEDGE(*,*,#1682,.T.);
#1684=IFCCARTESIANPOINT((4.09326887130737,17.5961017608643,-6.00500011444092));
#1685=IFCVERTEXPOINT(#1684);
#1686=IFCCARTESIANPOINT((2.91326904296875,17.5961017608643,-6.00500011444092));
#1687=IFCVERTEXPOINT(#1686);
#1688=IFCCARTESIANPOINT((4.09326887130737,17.5961017608643,-6.00500011444092));
#1689=IFCDIRECTION((-1.,0.,0.));
#1690=IFCVECTOR(#1689,1.);
#1691=IFCLINE(#1688,#1690);
#1692=IFCEDGECURVE(#1685,#1687,#1691,.T.);
#1693=IFCORIENTEDEDGE(*,*,#1692,.T.);
#1694=IFCEDGELOOP((#1673,#1683,#1693));
#1695=IFCFACEOUTERBOUND(#1694,.T.);
#1696=IFCCARTESIANPOINT((3.34407456161316,17.5961017608643,-5.6591943955249));
#1697=IFCDIRECTION((0.,1.,0.));
#1698=IFCDIRECTION((0.,-0.,1.));
#1699=IFCAXIS2PLACEMENT3D(#1696,#1697,#1698);
#1700=IFCPLANE(#1699);
#1701=IFCADVANCEDFACE((#1695),#1700,.T.);
#1702=IFCCARTESIANPOINT((2.91326904296875,17.5961017608643,-6.00500011444092));
#1703=IFCVERTEXPOINT(#1702);
#1704=IFCCARTESIANPOINT((4.09326887130737,17.5961017608643,-6.00500011444092));
#1705=IFCVERTEXPOINT(#1704);
#1706=IFCCARTESIANPOINT((2.91326904296875,17.5961017608643,-6.00500011444092));
#1707=IFCDIRECTION((1.,0.,0.));
#1708=IFCVECTOR(#1707,1.);
#1709=IFCLINE(#1706,#1708);
#1710=IFCEDGECURVE(#1703,#1705,#1709,.T.);
#1711=IFCORIENTEDEDGE(*,*,#1710,.F.);
#1712=IFCCARTESIANPOINT((5.10326910018921,17.5961017608643,-6.00500011444092));
#1713=IFCVERTEXPOINT(#1712);
#1714=IFCCARTESIANPOINT((2.91326904296875,17.5961017608643,-6.00500011444092));
#1715=IFCVERTEXPOINT(#1714);
#1716=IFCCARTESIANPOINT((5.10326910018921,17.5961017608643,-6.00500011444092));
#1717=IFCDIRECTION((-1.,0.,0.));
#1718=IFCVECTOR(#1717,1.);
#1719=IFCLINE(#1716,#1718);
#1720=IFCEDGECURVE(#1713,#1715,#1719,.T.);
#1721=IFCORIENTEDEDGE(*,*,#1720,.F.);
#1722=IFCCARTESIANPOINT((4.09326887130737,17.5961017608643,-6.00500011444092));
#1723=IFCVERTEXPOINT(#1722);
#1724=IFCCARTESIANPOINT((5.10326910018921,17.5961017608643,-6.00500011444092));
#1725=IFCVERTEXPOINT(#1724);
#1726=IFCCARTESIANPOINT((4.09326887130737,17.5961017608643,-6.00500011444092));
#1727=IFCDIRECTION((1.,0.,0.));
#1728=IFCVECTOR(#1727,1.);
#1729=IFCLINE(#1726,#1728);
#1730=IFCEDGECURVE(#1723,#1725,#1729,.T.);
#1731=IFCORIENTEDEDGE(*,*,#1730,.F.);
#1732=IFCEDGELOOP((#1711,#1721,#1731));
#1733=IFCFACEOUTERBOUND(#1732,.T.);
#1734=IFCCARTESIANPOINT((4.00826907157898,17.5961017608643,-6.00500011444092));
#1735=IFCDIRECTION((-0.,-0.,-1.));
#1736=IFCDIRECTION((-1.,0.,0.));
#1737=IFCAXIS2PLACEMENT3D(#1734,#1735,#1736);
#1738=IFCPLANE(#1737);
#1739=IFCADVANCEDFACE((#1733),#1738,.T.);
#1740=IFCCARTESIANPOINT((2.91326904296875,17.5961017608643,-6.00500011444092));
#1741=IFCVERTEXPOINT(#1740);
#1742=IFCCARTESIANPOINT((5.10326910018921,17.5961017608643,-6.00500011444092));
#1743=IFCVERTEXPOINT(#1742);
#1744=IFCCARTESIANPOINT((2.91326904296875,17.5961017608643,-6.00500011444092));
#1745=IFCDIRECTION((1.,0.,0.));
#1746=IFCVECTOR(#1745,1.);
#1747=IFCLINE(#1744,#1746);
#1748=IFCEDGECURVE(#1741,#1743,#1747,.T.);
#1749=IFCORIENTEDEDGE(*,*,#1748,.F.);
#1750=IFCCARTESIANPOINT((1.90326905250549,17.5961017608643,-6.00500011444092));
#1751=IFCVERTEXPOINT(#1750);
#1752=IFCCARTESIANPOINT((2.91326904296875,17.5961017608643,-6.00500011444092));
#1753=IFCVERTEXPOINT(#1752);
#1754=IFCCARTESIANPOINT((1.90326905250549,17.5961017608643,-6.00500011444092));
#1755=IFCDIRECTION((1.,0.,0.));
#1756=IFCVECTOR(#1755,1.);
#1757=IFCLINE(#1754,#1756);
#1758=IFCEDGECURVE(#1751,#1753,#1757,.T.);
#1759=IFCORIENTEDEDGE(*,*,#1758,.F.);
#1760=IFCCARTESIANPOINT((5.10326910018921,17.5961017608643,-6.00500011444092));
#1761=IFCVERTEXPOINT(#1760);
#1762=IFCCARTESIANPOINT((1.90326905250549,17.5961017608643,-6.00500011444092));
#1763=IFCVERTEXPOINT(#1762);
#1764=IFCCARTESIANPOINT((5.10326910018921,17.5961017608643,-6.00500011444092));
#1765=IFCDIRECTION((-1.,0.,0.));
#1766=IFCVECTOR(#1765,1.);
#1767=IFCLINE(#1764,#1766);
#1768=IFCEDGECURVE(#1761,#1763,#1767,.T.);
#1769=IFCORIENTEDEDGE(*,*,#1768,.F.);
#1770=IFCEDGELOOP((#1749,#1759,#1769));
#1771=IFCFACEOUTERBOUND(#1770,.T.);
#1772=IFCCARTESIANPOINT((3.50326907634735,17.5961017608643,-6.00500011444092));
#1773=IFCDIRECTION((-0.,-0.,-1.));
#1774=IFCDIRECTION((-1.,0.,0.));
#1775=IFCAXIS2PLACEMENT3D(#1772,#1773,#1774);
#1776=IFCPLANE(#1775);
#1777=IFCADVANCEDFACE((#1771),#1776,.T.);
#1778=IFCCARTESIANPOINT((4.09326887130737,17.5961017608643,-4.99499988555908));
#1779=IFCVERTEXPOINT(#1778);
#1780=IFCCARTESIANPOINT((-2.74673104286194,17.5961017608643,-4.));
#1781=IFCVERTEXPOINT(#1780);
#1782=IFCCARTESIANPOINT((4.09326887130737,17.5961017608643,-4.99499988555908));
#1783=IFCDIRECTION((-0.989584567865809,0.,0.143952711130566));
#1784=IFCVECTOR(#1783,1.);
#1785=IFCLINE(#1782,#1784);
#1786=IFCEDGECURVE(#1779,#1781,#1785,.T.);
#1787=IFCORIENTEDEDGE(*,*,#1786,.T.);
#1788=IFCCARTESIANPOINT((-2.74673104286194,17.5961017608643,-4.));
#1789=IFCVERTEXPOINT(#1788);
#1790=IFCCARTESIANPOINT((5.10326910018921,17.5961017608643,-4.99499988555908));
#1791=IFCVERTEXPOINT(#1790);
#1792=IFCCARTESIANPOINT((-2.74673104286194,17.5961017608643,-4.));
#1793=IFCDIRECTION((0.992062534293901,0.,-0.125745489184949));
#1794=IFCVECTOR(#1793,1.);
#1795=IFCLINE(#1792,#1794);
#1796=IFCEDGECURVE(#1789,#1791,#1795,.T.);
#1797=IFCORIENTEDEDGE(*,*,#1796,.T.);
#1798=IFCCARTESIANPOINT((5.10326910018921,17.5961017608643,-4.99499988555908));
#1799=IFCVERTEXPOINT(#1798);
#1800=IFCCARTESIANPOINT((4.09326887130737,17.5961017608643,-4.99499988555908));
#1801=IFCVERTEXPOINT(#1800);
#1802=IFCCARTESIANPOINT((5.10326910018921,17.5961017608643,-4.99499988555908));
#1803=IFCDIRECTION((-1.,0.,0.));
#1804=IFCVECTOR(#1803,1.);
#1805=IFCLINE(#1802,#1804);
#1806=IFCEDGECURVE(#1799,#1801,#1805,.T.);
#1807=IFCORIENTEDEDGE(*,*,#1806,.T.);
#1808=IFCEDGELOOP((#1787,#1797,#1807));
#1809=IFCFACEOUTERBOUND(#1808,.T.);
#1810=IFCCARTESIANPOINT((1.17597309471947,17.5961017608643,-4.52923227146082));
#1811=IFCDIRECTION((0.,1.,0.));
#1812=IFCDIRECTION((0.,-0.,1.));
#1813=IFCAXIS2PLACEMENT3D(#1810,#1811,#1812);
#1814=IFCPLANE(#1813);
#1815=IFCADVANCEDFACE((#1809),#1814,.T.);
#1816=IFCCARTESIANPOINT((5.10326910018921,17.5961017608643,-4.99499988555908));
#1817=IFCVERTEXPOINT(#1816);
#1818=IFCCARTESIANPOINT((-2.74673104286194,17.5961017608643,-4.));
#1819=IFCVERTEXPOINT(#1818);
#1820=IFCCARTESIANPOINT((5.10326910018921,17.5961017608643,-4.99499988555908));
#1821=IFCDIRECTION((-0.992062534293901,0.,0.125745489184949));
#1822=IFCVECTOR(#1821,1.);
#1823=IFCLINE(#1820,#1822);
#1824=IFCEDGECURVE(#1817,#1819,#1823,.T.);
#1825=IFCORIENTEDEDGE(*,*,#1824,.T.);
#1826=IFCCARTESIANPOINT((-2.74673104286194,17.5961017608643,-4.));
#1827=IFCVERTEXPOINT(#1826);
#1828=IFCCARTESIANPOINT((6.25326919555664,17.5961017608643,-4.));
#1829=IFCVERTEXPOINT(#1828);
#1830=IFCCARTESIANPOINT((-2.74673104286194,17.5961017608643,-4.));
#1831=IFCDIRECTION((1.,0.,0.));
#1832=IFCVECTOR(#1831,1.);
#1833=IFCLINE(#1830,#1832);
#1834=IFCEDGECURVE(#1827,#1829,#1833,.T.);
#1835=IFCORIENTEDEDGE(*,*,#1834,.T.);
#1836=IFCCARTESIANPOINT((6.25326919555664,17.5961017608643,-4.));
#1837=IFCVERTEXPOINT(#1836);
#1838=IFCCARTESIANPOINT((5.10326910018921,17.5961017608643,-4.99499988555908));
#1839=IFCVERTEXPOINT(#1838);
#1840=IFCCARTESIANPOINT((6.25326919555664,17.5961017608643,-4.));
#1841=IFCDIRECTION((-0.756231317964289,0.,-0.654304358635944));
#1842=IFCVECTOR(#1841,1.);
#1843=IFCLINE(#1840,#1842);
#1844=IFCEDGECURVE(#1837,#1839,#1843,.T.);
#1845=IFCORIENTEDEDGE(*,*,#1844,.T.);
#1846=IFCEDGELOOP((#1825,#1835,#1845));
#1847=IFCFACEOUTERBOUND(#1846,.T.);
#1848=IFCCARTESIANPOINT((1.83024185483601,17.5961017608643,-4.25459990022065));
#1849=IFCDIRECTION((2.83749117744299E-31,1.,8.53323839081105E-30));
#1850=IFCDIRECTION((0.,-8.53323839081105E-30,1.));
#1851=IFCAXIS2PLACEMENT3D(#1848,#1849,#1850);
#1852=IFCPLANE(#1851);
#1853=IFCADVANCEDFACE((#1847),#1852,.T.);
#1854=IFCCARTESIANPOINT((5.10326910018921,17.5961017608643,-4.99499988555908));
#1855=IFCVERTEXPOINT(#1854);
#1856=IFCCARTESIANPOINT((6.25326919555664,17.5961017608643,-4.));
#1857=IFCVERTEXPOINT(#1856);
#1858=IFCCARTESIANPOINT((5.10326910018921,17.5961017608643,-4.99499988555908));
#1859=IFCDIRECTION((0.756231317964289,0.,0.654304358635944));
#1860=IFCVECTOR(#1859,1.);
#1861=IFCLINE(#1858,#1860);
#1862=IFCEDGECURVE(#1855,#1857,#1861,.T.);
#1863=IFCORIENTEDEDGE(*,*,#1862,.T.);
#1864=IFCCARTESIANPOINT((6.25326919555664,17.5961017608643,-4.));
#1865=IFCVERTEXPOINT(#1864);
#1866=IFCCARTESIANPOINT((5.10326910018921,17.5961017608643,-6.00500011444092));
#1867=IFCVERTEXPOINT(#1866);
#1868=IFCCARTESIANPOINT((6.25326919555664,17.5961017608643,-4.));
#1869=IFCDIRECTION((-0.497536065271879,0.,-0.867443291376316));
#1870=IFCVECTOR(#1869,1.);
#1871=IFCLINE(#1868,#1870);
#1872=IFCEDGECURVE(#1865,#1867,#1871,.T.);
#1873=IFCORIENTEDEDGE(*,*,#1872,.T.);
#1874=IFCCARTESIANPOINT((5.10326910018921,17.5961017608643,-6.00500011444092));
#1875=IFCVERTEXPOINT(#1874);
#1876=IFCCARTESIANPOINT((5.10326910018921,17.5961017608643,-4.99499988555908));
#1877=IFCVERTEXPOINT(#1876);
#1878=IFCCARTESIANPOINT((5.10326910018921,17.5961017608643,-6.00500011444092));
#1879=IFCDIRECTION((0.,0.,1.));
#1880=IFCVECTOR(#1879,1.);
#1881=IFCLINE(#1878,#1880);
#1882=IFCEDGECURVE(#1875,#1877,#1881,.T.);
#1883=IFCORIENTEDEDGE(*,*,#1882,.T.);
#1884=IFCEDGELOOP((#1863,#1873,#1883));
#1885=IFCFACEOUTERBOUND(#1884,.T.);
#1886=IFCCARTESIANPOINT((5.55833122028739,17.5961017608643,-4.94767289281239));
#1887=IFCDIRECTION((1.22489822637998E-29,1.,-6.4718619672394E-30));
#1888=IFCDIRECTION((1.,-1.22489822637998E-29,0.));
#1889=IFCAXIS2PLACEMENT3D(#1886,#1887,#1888);
#1890=IFCPLANE(#1889);
#1891=IFCADVANCEDFACE((#1885),#1890,.T.);
#1892=IFCCARTESIANPOINT((5.10326910018921,17.5961017608643,-6.00500011444092));
#1893=IFCVERTEXPOINT(#1892);
#1894=IFCCARTESIANPOINT((6.25326919555664,17.5961017608643,-4.));
#1895=IFCVERTEXPOINT(#1894);
#1896=IFCCARTESIANPOINT((5.10326910018921,17.5961017608643,-6.00500011444092));
#1897=IFCDIRECTION((0.497536065271879,0.,0.867443291376316));
#1898=IFCVECTOR(#1897,1.);
#1899=IFCLINE(#1896,#1898);
#1900=IFCEDGECURVE(#1893,#1895,#1899,.T.);
#1901=IFCORIENTEDEDGE(*,*,#1900,.T.);
#1902=IFCCARTESIANPOINT((6.25326919555664,17.5961017608643,-4.));
#1903=IFCVERTEXPOINT(#1902);
#1904=IFCCARTESIANPOINT((6.25326919555664,17.5961017608643,-8.));
#1905=IFCVERTEXPOINT(#1904);
#1906=IFCCARTESIANPOINT((6.25326919555664,17.5961017608643,-4.));
#1907=IFCDIRECTION((0.,0.,-1.));
#1908=IFCVECTOR(#1907,1.);
#1909=IFCLINE(#1906,#1908);
#1910=IFCEDGECURVE(#1903,#1905,#1909,.T.);
#1911=IFCORIENTEDEDGE(*,*,#1910,.T.);
#1912=IFCCARTESIANPOINT((6.25326919555664,17.5961017608643,-8.));
#1913=IFCVERTEXPOINT(#1912);
#1914=IFCCARTESIANPOINT((5.10326910018921,17.5961017608643,-6.00500011444092));
#1915=IFCVERTEXPOINT(#1914);
#1916=IFCCARTESIANPOINT((6.25326919555664,17.5961017608643,-8.));
#1917=IFCDIRECTION((-0.499409182907863,0.,0.866366243587145));
#1918=IFCVECTOR(#1917,1.);
#1919=IFCLINE(#1916,#1918);
#1920=IFCEDGECURVE(#1913,#1915,#1919,.T.);
#1921=IFCORIENTEDEDGE(*,*,#1920,.T.);
#1922=IFCEDGELOOP((#1901,#1911,#1921));
#1923=IFCFACEOUTERBOUND(#1922,.T.);
#1924=IFCCARTESIANPOINT((5.94527290883346,17.5961017608643,-6.00033274316749));
#1925=IFCDIRECTION((-6.52836641354107E-30,1.,-8.07344481807678E-31));
#1926=IFCDIRECTION((1.,6.52836641354107E-30,0.));
#1927=IFCAXIS2PLACEMENT3D(#1924,#1925,#1926);
#1928=IFCPLANE(#1927);
#1929=IFCADVANCEDFACE((#1923),#1928,.T.);
#1930=IFCCARTESIANPOINT((6.25326919555664,17.5961017608643,-8.));
#1931=IFCVERTEXPOINT(#1930);
#1932=IFCCARTESIANPOINT((-2.74673104286194,17.5961017608643,-8.));
#1933=IFCVERTEXPOINT(#1932);
#1934=IFCCARTESIANPOINT((6.25326919555664,17.5961017608643,-8.));
#1935=IFCDIRECTION((-1.,0.,0.));
#1936=IFCVECTOR(#1935,1.);
#1937=IFCLINE(#1934,#1936);
#1938=IFCEDGECURVE(#1931,#1933,#1937,.T.);
#1939=IFCORIENTEDEDGE(*,*,#1938,.T.);
#1940=IFCCARTESIANPOINT((-2.74673104286194,17.5961017608643,-8.));
#1941=IFCVERTEXPOINT(#1940);
#1942=IFCCARTESIANPOINT((-1.5967310667038,17.5961017608643,-6.00500011444092));
#1943=IFCVERTEXPOINT(#1942);
#1944=IFCCARTESIANPOINT((-2.74673104286194,17.5961017608643,-8.));
#1945=IFCDIRECTION((0.499409144050635,0.,0.86636626598605));
#1946=IFCVECTOR(#1945,1.);
#1947=IFCLINE(#1944,#1946);
#1948=IFCEDGECURVE(#1941,#1943,#1947,.T.);
#1949=IFCORIENTEDEDGE(*,*,#1948,.T.);
#1950=IFCCARTESIANPOINT((-1.5967310667038,17.5961017608643,-6.00500011444092));
#1951=IFCVERTEXPOINT(#1950);
#1952=IFCCARTESIANPOINT((6.25326919555664,17.5961017608643,-8.));
#1953=IFCVERTEXPOINT(#1952);
#1954=IFCCARTESIANPOINT((-1.5967310667038,17.5961017608643,-6.00500011444092));
#1955=IFCDIRECTION((0.969191019734552,0.,-0.246310306860876));
#1956=IFCVECTOR(#1955,1.);
#1957=IFCLINE(#1954,#1956);
#1958=IFCEDGECURVE(#1951,#1953,#1957,.T.);
#1959=IFCORIENTEDEDGE(*,*,#1958,.T.);
#1960=IFCEDGELOOP((#1939,#1949,#1959));
#1961=IFCFACEOUTERBOUND(#1960,.T.);
#1962=IFCCARTESIANPOINT((1.52747342678437,17.5961017608643,-7.4652038690217));
#1963=IFCDIRECTION((-4.753992419613E-31,1.,-5.058699340567E-30));
#1964=IFCDIRECTION((0.,5.058699340567E-30,1.));
#1965=IFCAXIS2PLACEMENT3D(#1962,#1963,#1964);
#1966=IFCPLANE(#1965);
#1967=IFCADVANCEDFACE((#1961),#1966,.T.);
#1968=IFCCARTESIANPOINT((-1.5967310667038,17.5961017608643,-6.00500011444092));
#1969=IFCVERTEXPOINT(#1968);
#1970=IFCCARTESIANPOINT((-2.74673104286194,17.5961017608643,-8.));
#1971=IFCVERTEXPOINT(#1970);
#1972=IFCCARTESIANPOINT((-1.5967310667038,17.5961017608643,-6.00500011444092));
#1973=IFCDIRECTION((-0.499409144050635,0.,-0.86636626598605));
#1974=IFCVECTOR(#1973,1.);
#1975=IFCLINE(#1972,#1974);
#1976=IFCEDGECURVE(#1969,#1971,#1975,.T.);
#1977=IFCORIENTEDEDGE(*,*,#1976,.T.);
#1978=IFCCARTESIANPOINT((-2.74673104286194,17.5961017608643,-8.));
#1979=IFCVERTEXPOINT(#1978);
#1980=IFCCARTESIANPOINT((-2.74673104286194,17.5961017608643,-4.));
#1981=IFCVERTEXPOINT(#1980);
#1982=IFCCARTESIANPOINT((-2.74673104286194,17.5961017608643,-8.));
#1983=IFCDIRECTION((0.,0.,1.));
#1984=IFCVECTOR(#1983,1.);
#1985=IFCLINE(#1982,#1984);
#1986=IFCEDGECURVE(#1979,#1981,#1985,.T.);
#1987=IFCORIENTEDEDGE(*,*,#1986,.T.);
#1988=IFCCARTESIANPOINT((-2.74673104286194,17.5961017608643,-4.));
#1989=IFCVERTEXPOINT(#1988);
#1990=IFCCARTESIANPOINT((-1.5967310667038,17.5961017608643,-6.00500011444092));
#1991=IFCVERTEXPOINT(#1990);
#1992=IFCCARTESIANPOINT((-2.74673104286194,17.5961017608643,-4.));
#1993=IFCDIRECTION((0.497536026464082,0.,-0.867443313635152));
#1994=IFCVECTOR(#1993,1.);
#1995=IFCLINE(#1992,#1994);
#1996=IFCEDGECURVE(#1989,#1991,#1995,.T.);
#1997=IFCORIENTEDEDGE(*,*,#1996,.T.);
#1998=IFCEDGELOOP((#1977,#1987,#1997));
#1999=IFCFACEOUTERBOUND(#1998,.T.);
#2000=IFCCARTESIANPOINT((-2.43873479174947,17.5961017608643,-6.00033274311166));
#2001=IFCDIRECTION((0.,1.,0.));
#2002=IFCDIRECTION((0.,-0.,1.));
#2003=IFCAXIS2PLACEMENT3D(#2000,#2001,#2002);
#2004=IFCPLANE(#2003);
#2005=IFCADVANCEDFACE((#1999),#2004,.T.);
#2006=IFCCARTESIANPOINT((-1.5967310667038,17.5961017608643,-6.00500011444092));
#2007=IFCVERTEXPOINT(#2006);
#2008=IFCCARTESIANPOINT((-2.74673104286194,17.5961017608643,-4.));
#2009=IFCVERTEXPOINT(#2008);
#2010=IFCCARTESIANPOINT((-1.5967310667038,17.5961017608643,-6.00500011444092));
#2011=IFCDIRECTION((-0.497536026464082,0.,0.867443313635152));
#2012=IFCVECTOR(#2011,1.);
#2013=IFCLINE(#2010,#2012);
#2014=IFCEDGECURVE(#2007,#2009,#2013,.T.);
#2015=IFCORIENTEDEDGE(*,*,#2014,.T.);
#2016=IFCCARTESIANPOINT((-2.74673104286194,17.5961017608643,-4.));
#2017=IFCVERTEXPOINT(#2016);
#2018=IFCCARTESIANPOINT((-1.5967310667038,17.5961017608643,-4.99499988555908));
#2019=IFCVERTEXPOINT(#2018);
#2020=IFCCARTESIANPOINT((-2.74673104286194,17.5961017608643,-4.));
#2021=IFCDIRECTION((0.756231284403934,0.,-0.6543043974243));
#2022=IFCVECTOR(#2021,1.);
#2023=IFCLINE(#2020,#2022);
#2024=IFCEDGECURVE(#2017,#2019,#2023,.T.);
#2025=IFCORIENTEDEDGE(*,*,#2024,.T.);
#2026=IFCCARTESIANPOINT((-1.5967310667038,17.5961017608643,-4.99499988555908));
#2027=IFCVERTEXPOINT(#2026);
#2028=IFCCARTESIANPOINT((-1.5967310667038,17.5961017608643,-6.00500011444092));
#2029=IFCVERTEXPOINT(#2028);
#2030=IFCCARTESIANPOINT((-1.5967310667038,17.5961017608643,-4.99499988555908));
#2031=IFCDIRECTION((0.,0.,-1.));
#2032=IFCVECTOR(#2031,1.);
#2033=IFCLINE(#2030,#2032);
#2034=IFCEDGECURVE(#2027,#2029,#2033,.T.);
#2035=IFCORIENTEDEDGE(*,*,#2034,.T.);
#2036=IFCEDGELOOP((#2015,#2025,#2035));
#2037=IFCFACEOUTERBOUND(#2036,.T.);
#2038=IFCCARTESIANPOINT((-2.05179313592801,17.5961017608643,-4.94767290052211));
#2039=IFCDIRECTION((0.,1.,0.));
#2040=IFCDIRECTION((0.,-0.,1.));
#2041=IFCAXIS2PLACEMENT3D(#2038,#2039,#2040);
#2042=IFCPLANE(#2041);
#2043=IFCADVANCEDFACE((#2037),#2042,.T.);
#2044=IFCCARTESIANPOINT((-1.5967310667038,17.5961017608643,-4.99499988555908));
#2045=IFCVERTEXPOINT(#2044);
#2046=IFCCARTESIANPOINT((-2.74673104286194,17.5961017608643,-4.));
#2047=IFCVERTEXPOINT(#2046);
#2048=IFCCARTESIANPOINT((-1.5967310667038,17.5961017608643,-4.99499988555908));
#2049=IFCDIRECTION((-0.756231284403934,0.,0.6543043974243));
#2050=IFCVECTOR(#2049,1.);
#2051=IFCLINE(#2048,#2050);
#2052=IFCEDGECURVE(#2045,#2047,#2051,.T.);
#2053=IFCORIENTEDEDGE(*,*,#2052,.T.);
#2054=IFCCARTESIANPOINT((-2.74673104286194,17.5961017608643,-4.));
#2055=IFCVERTEXPOINT(#2054);
#2056=IFCCARTESIANPOINT((-0.58673083782196,17.5961017608643,-4.99499988555908));
#2057=IFCVERTEXPOINT(#2056);
#2058=IFCCARTESIANPOINT((-2.74673104286194,17.5961017608643,-4.));
#2059=IFCDIRECTION((0.908266851614196,0.,-0.418391355382536));
#2060=IFCVECTOR(#2059,1.);
#2061=IFCLINE(#2058,#2060);
#2062=IFCEDGECURVE(#2055,#2057,#2061,.T.);
#2063=IFCORIENTEDEDGE(*,*,#2062,.T.);
#2064=IFCCARTESIANPOINT((-0.58673083782196,17.5961017608643,-4.99499988555908));
#2065=IFCVERTEXPOINT(#2064);
#2066=IFCCARTESIANPOINT((-1.5967310667038,17.5961017608643,-4.99499988555908));
#2067=IFCVERTEXPOINT(#2066);
#2068=IFCCARTESIANPOINT((-0.58673083782196,17.5961017608643,-4.99499988555908));
#2069=IFCDIRECTION((-1.,0.,0.));
#2070=IFCVECTOR(#2069,1.);
#2071=IFCLINE(#2068,#2070);
#2072=IFCEDGECURVE(#2065,#2067,#2071,.T.);
#2073=IFCORIENTEDEDGE(*,*,#2072,.T.);
#2074=IFCEDGELOOP((#2053,#2063,#2073));
#2075=IFCFACEOUTERBOUND(#2074,.T.);
#2076=IFCCARTESIANPOINT((-1.70486670334999,17.5961017608643,-4.59986089329889));
#2077=IFCDIRECTION((0.,1.,0.));
#2078=IFCDIRECTION((0.,-0.,1.));
#2079=IFCAXIS2PLACEMENT3D(#2076,#2077,#2078);
#2080=IFCPLANE(#2079);
#2081=IFCADVANCEDFACE((#2075),#2080,.T.);
#2082=IFCCARTESIANPOINT((6.25326919555664,17.2961025238037,-4.));
#2083=IFCVERTEXPOINT(#2082);
#2084=IFCCARTESIANPOINT((6.25326919555664,17.5961017608643,-4.));
#2085=IFCVERTEXPOINT(#2084);
#2086=IFCCARTESIANPOINT((6.25326919555664,17.2961025238037,-4.));
#2087=IFCDIRECTION((0.,1.,0.));
#2088=IFCVECTOR(#2087,1.);
#2089=IFCLINE(#2086,#2088);
#2090=IFCEDGECURVE(#2083,#2085,#2089,.T.);
#2091=IFCORIENTEDEDGE(*,*,#2090,.T.);
#2092=IFCCARTESIANPOINT((6.25326919555664,17.5961017608643,-4.));
#2093=IFCVERTEXPOINT(#2092);
#2094=IFCCARTESIANPOINT((-2.74673104286194,17.5961017608643,-4.));
#2095=IFCVERTEXPOINT(#2094);
#2096=IFCCARTESIANPOINT((6.25326919555664,17.5961017608643,-4.));
#2097=IFCDIRECTION((-1.,0.,0.));
#2098=IFCVECTOR(#2097,1.);
#2099=IFCLINE(#2096,#2098);
#2100=IFCEDGECURVE(#2093,#2095,#2099,.T.);
#2101=IFCORIENTEDEDGE(*,*,#2100,.T.);
#2102=IFCCARTESIANPOINT((-2.74673104286194,17.5961017608643,-4.));
#2103=IFCVERTEXPOINT(#2102);
#2104=IFCCARTESIANPOINT((6.25326919555664,17.2961025238037,-4.));
#2105=IFCVERTEXPOINT(#2104);
#2106=IFCCARTESIANPOINT((-2.74673104286194,17.5961017608643,-4.));
#2107=IFCDIRECTION((0.999444909829535,-0.033314744721117,0.));
#2108=IFCVECTOR(#2107,1.);
#2109=IFCLINE(#2106,#2108);
#2110=IFCEDGECURVE(#2103,#2105,#2109,.T.);
#2111=IFCORIENTEDEDGE(*,*,#2110,.T.);
#2112=IFCEDGELOOP((#2091,#2101,#2111));
#2113=IFCFACEOUTERBOUND(#2112,.T.);
#2114=IFCCARTESIANPOINT((1.82701923902932,17.519852305016,-4.));
#2115=IFCDIRECTION((0.,0.,1.));
#2116=IFCDIRECTION((1.,0.,-0.));
#2117=IFCAXIS2PLACEMENT3D(#2114,#2115,#2116);
#2118=IFCPLANE(#2117);
#2119=IFCADVANCEDFACE((#2113),#2118,.T.);
#2120=IFCCARTESIANPOINT((6.25326919555664,17.2961025238037,-4.));
#2121=IFCVERTEXPOINT(#2120);
#2122=IFCCARTESIANPOINT((-2.74673104286194,17.5961017608643,-4.));
#2123=IFCVERTEXPOINT(#2122);
#2124=IFCCARTESIANPOINT((6.25326919555664,17.2961025238037,-4.));
#2125=IFCDIRECTION((-0.999444909829535,0.033314744721117,0.));
#2126=IFCVECTOR(#2125,1.);
#2127=IFCLINE(#2124,#2126);
#2128=IFCEDGECURVE(#2121,#2123,#2127,.T.);
#2129=IFCORIENTEDEDGE(*,*,#2128,.T.);
#2130=IFCCARTESIANPOINT((-2.74673104286194,17.5961017608643,-4.));
#2131=IFCVERTEXPOINT(#2130);
#2132=IFCCARTESIANPOINT((-2.74673104286194,17.2961025238037,-4.));
#2133=IFCVERTEXPOINT(#2132);
#2134=IFCCARTESIANPOINT((-2.74673104286194,17.5961017608643,-4.));
#2135=IFCDIRECTION((0.,-1.,0.));
#2136=IFCVECTOR(#2135,1.);
#2137=IFCLINE(#2134,#2136);
#2138=IFCEDGECURVE(#2131,#2133,#2137,.T.);
#2139=IFCORIENTEDEDGE(*,*,#2138,.T.);
#2140=IFCCARTESIANPOINT((-2.74673104286194,17.2961025238037,-4.));
#2141=IFCVERTEXPOINT(#2140);
#2142=IFCCARTESIANPOINT((6.25326919555664,17.2961025238037,-4.));
#2143=IFCVERTEXPOINT(#2142);
#2144=IFCCARTESIANPOINT((-2.74673104286194,17.2961025238037,-4.));
#2145=IFCDIRECTION((1.,0.,0.));
#2146=IFCVECTOR(#2145,1.);
#2147=IFCLINE(#2144,#2146);
#2148=IFCEDGECURVE(#2141,#2143,#2147,.T.);
#2149=IFCORIENTEDEDGE(*,*,#2148,.T.);
#2150=IFCEDGELOOP((#2129,#2139,#2149));
#2151=IFCFACEOUTERBOUND(#2150,.T.);
#2152=IFCCARTESIANPOINT((1.67951891366538,17.372351979652,-4.));
#2153=IFCDIRECTION((0.,0.,1.));
#2154=IFCDIRECTION((1.,0.,-0.));
#2155=IFCAXIS2PLACEMENT3D(#2152,#2153,#2154);
#2156=IFCPLANE(#2155);
#2157=IFCADVANCEDFACE((#2151),#2156,.T.);
#2158=IFCCARTESIANPOINT((-2.74673104286194,17.2961025238037,-4.));
#2159=IFCVERTEXPOINT(#2158);
#2160=IFCCARTESIANPOINT((-2.74673104286194,17.5961017608643,-4.));
#2161=IFCVERTEXPOINT(#2160);
#2162=IFCCARTESIANPOINT((-2.74673104286194,17.2961025238037,-4.));
#2163=IFCDIRECTION((0.,1.,0.));
#2164=IFCVECTOR(#2163,1.);
#2165=IFCLINE(#2162,#2164);
#2166=IFCEDGECURVE(#2159,#2161,#2165,.T.);
#2167=IFCORIENTEDEDGE(*,*,#2166,.T.);
#2168=IFCCARTESIANPOINT((-2.74673104286194,17.5961017608643,-4.));
#2169=IFCVERTEXPOINT(#2168);
#2170=IFCCARTESIANPOINT((-2.74673104286194,17.5961017608643,-8.));
#2171=IFCVERTEXPOINT(#2170);
#2172=IFCCARTESIANPOINT((-2.74673104286194,17.5961017608643,-4.));
#2173=IFCDIRECTION((0.,0.,-1.));
#2174=IFCVECTOR(#2173,1.);
#2175=IFCLINE(#2172,#2174);
#2176=IFCEDGECURVE(#2169,#2171,#2175,.T.);
#2177=IFCORIENTEDEDGE(*,*,#2176,.T.);
#2178=IFCCARTESIANPOINT((-2.74673104286194,17.5961017608643,-8.));
#2179=IFCVERTEXPOINT(#2178);
#2180=IFCCARTESIANPOINT((-2.74673104286194,17.2961025238037,-4.));
#2181=IFCVERTEXPOINT(#2180);
#2182=IFCCARTESIANPOINT((-2.74673104286194,17.5961017608643,-8.));
#2183=IFCDIRECTION((0.,-0.0747897591048505,0.997199324073697));
#2184=IFCVECTOR(#2183,1.);
#2185=IFCLINE(#2182,#2184);
#2186=IFCEDGECURVE(#2179,#2181,#2185,.T.);
#2187=IFCORIENTEDEDGE(*,*,#2186,.T.);
#2188=IFCEDGELOOP((#2167,#2177,#2187));
#2189=IFCFACEOUTERBOUND(#2188,.T.);
#2190=IFCCARTESIANPOINT((-2.74673104286194,17.5182934098576,-5.92780873247641));
#2191=IFCDIRECTION((-1.,-0.,-0.));
#2192=IFCDIRECTION((0.,0.,-1.));
#2193=IFCAXIS2PLACEMENT3D(#2190,#2191,#2192);
#2194=IFCPLANE(#2193);
#2195=IFCADVANCEDFACE((#2189),#2194,.T.);
#2196=IFCCARTESIANPOINT((-2.74673104286194,17.2961025238037,-4.));
#2197=IFCVERTEXPOINT(#2196);
#2198=IFCCARTESIANPOINT((-2.74673104286194,17.5961017608643,-8.));
#2199=IFCVERTEXPOINT(#2198);
#2200=IFCCARTESIANPOINT((-2.74673104286194,17.2961025238037,-4.));
#2201=IFCDIRECTION((0.,0.0747897591048505,-0.997199324073697));
#2202=IFCVECTOR(#2201,1.);
#2203=IFCLINE(#2200,#2202);
#2204=IFCEDGECURVE(#2197,#2199,#2203,.T.);
#2205=IFCORIENTEDEDGE(*,*,#2204,.T.);
#2206=IFCCARTESIANPOINT((-2.74673104286194,17.5961017608643,-8.));
#2207=IFCVERTEXPOINT(#2206);
#2208=IFCCARTESIANPOINT((-2.74673104286194,17.2961025238037,-8.));
#2209=IFCVERTEXPOINT(#2208);
#2210=IFCCARTESIANPOINT((-2.74673104286194,17.5961017608643,-8.));
#2211=IFCDIRECTION((0.,-1.,0.));
#2212=IFCVECTOR(#2211,1.);
#2213=IFCLINE(#2210,#2212);
#2214=IFCEDGECURVE(#2207,#2209,#2213,.T.);
#2215=IFCORIENTEDEDGE(*,*,#2214,.T.);
#2216=IFCCARTESIANPOINT((-2.74673104286194,17.2961025238037,-8.));
#2217=IFCVERTEXPOINT(#2216);
#2218=IFCCARTESIANPOINT((-2.74673104286194,17.2961025238037,-4.));
#2219=IFCVERTEXPOINT(#2218);
#2220=IFCCARTESIANPOINT((-2.74673104286194,17.2961025238037,-8.));
#2221=IFCDIRECTION((0.,0.,1.));
#2222=IFCVECTOR(#2221,1.);
#2223=IFCLINE(#2220,#2222);
#2224=IFCEDGECURVE(#2217,#2219,#2223,.T.);
#2225=IFCORIENTEDEDGE(*,*,#2224,.T.);
#2226=IFCEDGELOOP((#2205,#2215,#2225));
#2227=IFCFACEOUTERBOUND(#2226,.T.);
#2228=IFCCARTESIANPOINT((-2.74673104286194,17.3739108748104,-6.07219126752359));
#2229=IFCDIRECTION((-1.,-0.,-0.));
#2230=IFCDIRECTION((0.,0.,-1.));
#2231=IFCAXIS2PLACEMENT3D(#2228,#2229,#2230);
#2232=IFCPLANE(#2231);
#2233=IFCADVANCEDFACE((#2227),#2232,.T.);
#2234=IFCCARTESIANPOINT((-2.74673104286194,17.2961025238037,-8.));
#2235=IFCVERTEXPOINT(#2234);
#2236=IFCCARTESIANPOINT((-2.74673104286194,17.5961017608643,-8.));
#2237=IFCVERTEXPOINT(#2236);
#2238=IFCCARTESIANPOINT((-2.74673104286194,17.2961025238037,-8.));
#2239=IFCDIRECTION((0.,1.,0.));
#2240=IFCVECTOR(#2239,1.);
#2241=IFCLINE(#2238,#2240);
#2242=IFCEDGECURVE(#2235,#2237,#2241,.T.);
#2243=IFCORIENTEDEDGE(*,*,#2242,.T.);
#2244=IFCCARTESIANPOINT((-2.74673104286194,17.5961017608643,-8.));
#2245=IFCVERTEXPOINT(#2244);
#2246=IFCCARTESIANPOINT((6.25326919555664,17.5961017608643,-8.));
#2247=IFCVERTEXPOINT(#2246);
#2248=IFCCARTESIANPOINT((-2.74673104286194,17.5961017608643,-8.));
#2249=IFCDIRECTION((1.,0.,0.));
#2250=IFCVECTOR(#2249,1.);
#2251=IFCLINE(#2248,#2250);
#2252=IFCEDGECURVE(#2245,#2247,#2251,.T.);
#2253=IFCORIENTEDEDGE(*,*,#2252,.T.);
#2254=IFCCARTESIANPOINT((6.25326919555664,17.5961017608643,-8.));
#2255=IFCVERTEXPOINT(#2254);
#2256=IFCCARTESIANPOINT((-2.74673104286194,17.2961025238037,-8.));
#2257=IFCVERTEXPOINT(#2256);
#2258=IFCCARTESIANPOINT((6.25326919555664,17.5961017608643,-8.));
#2259=IFCDIRECTION((-0.999444909829535,-0.033314744721117,0.));
#2260=IFCVECTOR(#2259,1.);
#2261=IFCLINE(#2258,#2260);
#2262=IFCEDGECURVE(#2255,#2257,#2261,.T.);
#2263=IFCORIENTEDEDGE(*,*,#2262,.T.);
#2264=IFCEDGELOOP((#2243,#2253,#2263));
#2265=IFCFACEOUTERBOUND(#2264,.T.);
#2266=IFCCARTESIANPOINT((1.67951891366538,17.519852305016,-8.));
#2267=IFCDIRECTION((-0.,-0.,-1.));
#2268=IFCDIRECTION((-1.,0.,0.));
#2269=IFCAXIS2PLACEMENT3D(#2266,#2267,#2268);
#2270=IFCPLANE(#2269);
#2271=IFCADVANCEDFACE((#2265),#2270,.T.);
#2272=IFCCARTESIANPOINT((-2.74673104286194,17.2961025238037,-8.));
#2273=IFCVERTEXPOINT(#2272);
#2274=IFCCARTESIANPOINT((6.25326919555664,17.5961017608643,-8.));
#2275=IFCVERTEXPOINT(#2274);
#2276=IFCCARTESIANPOINT((-2.74673104286194,17.2961025238037,-8.));
#2277=IFCDIRECTION((0.999444909829535,0.033314744721117,0.));
#2278=IFCVECTOR(#2277,1.);
#2279=IFCLINE(#2276,#2278);
#2280=IFCEDGECURVE(#2273,#2275,#2279,.T.);
#2281=IFCORIENTEDEDGE(*,*,#2280,.T.);
#2282=IFCCARTESIANPOINT((6.25326919555664,17.5961017608643,-8.));
#2283=IFCVERTEXPOINT(#2282);
#2284=IFCCARTESIANPOINT((6.25326919555664,17.2961025238037,-8.));
#2285=IFCVERTEXPOINT(#2284);
#2286=IFCCARTESIANPOINT((6.25326919555664,17.5961017608643,-8.));
#2287=IFCDIRECTION((0.,-1.,0.));
#2288=IFCVECTOR(#2287,1.);
#2289=IFCLINE(#2286,#2288);
#2290=IFCEDGECURVE(#2283,#2285,#2289,.T.);
#2291=IFCORIENTEDEDGE(*,*,#2290,.T.);
#2292=IFCCARTESIANPOINT((6.25326919555664,17.2961025238037,-8.));
#2293=IFCVERTEXPOINT(#2292);
#2294=IFCCARTESIANPOINT((-2.74673104286194,17.2961025238037,-8.));
#2295=IFCVERTEXPOINT(#2294);
#2296=IFCCARTESIANPOINT((6.25326919555664,17.2961025238037,-8.));
#2297=IFCDIRECTION((-1.,0.,0.));
#2298=IFCVECTOR(#2297,1.);
#2299=IFCLINE(#2296,#2298);
#2300=IFCEDGECURVE(#2293,#2295,#2299,.T.);
#2301=IFCORIENTEDEDGE(*,*,#2300,.T.);
#2302=IFCEDGELOOP((#2281,#2291,#2301));
#2303=IFCFACEOUTERBOUND(#2302,.T.);
#2304=IFCCARTESIANPOINT((1.82701923902932,17.372351979652,-8.));
#2305=IFCDIRECTION((-0.,-0.,-1.));
#2306=IFCDIRECTION((-1.,0.,0.));
#2307=IFCAXIS2PLACEMENT3D(#2304,#2305,#2306);
#2308=IFCPLANE(#2307);
#2309=IFCADVANCEDFACE((#2303),#2308,.T.);
#2310=IFCCARTESIANPOINT((6.25326919555664,17.2961025238037,-8.));
#2311=IFCVERTEXPOINT(#2310);
#2312=IFCCARTESIANPOINT((6.25326919555664,17.5961017608643,-8.));
#2313=IFCVERTEXPOINT(#2312);
#2314=IFCCARTESIANPOINT((6.25326919555664,17.2961025238037,-8.));
#2315=IFCDIRECTION((0.,1.,0.));
#2316=IFCVECTOR(#2315,1.);
#2317=IFCLINE(#2314,#2316);
#2318=IFCEDGECURVE(#2311,#2313,#2317,.T.);
#2319=IFCORIENTEDEDGE(*,*,#2318,.T.);
#2320=IFCCARTESIANPOINT((6.25326919555664,17.5961017608643,-8.));
#2321=IFCVERTEXPOINT(#2320);
#2322=IFCCARTESIANPOINT((6.25326919555664,17.5961017608643,-4.));
#2323=IFCVERTEXPOINT(#2322);
#2324=IFCCARTESIANPOINT((6.25326919555664,17.5961017608643,-8.));
#2325=IFCDIRECTION((0.,0.,1.));
#2326=IFCVECTOR(#2325,1.);
#2327=IFCLINE(#2324,#2326);
#2328=IFCEDGECURVE(#2321,#2323,#2327,.T.);
#2329=IFCORIENTEDEDGE(*,*,#2328,.T.);
#2330=IFCCARTESIANPOINT((6.25326919555664,17.5961017608643,-4.));
#2331=IFCVERTEXPOINT(#2330);
#2332=IFCCARTESIANPOINT((6.25326919555664,17.2961025238037,-8.));
#2333=IFCVERTEXPOINT(#2332);
#2334=IFCCARTESIANPOINT((6.25326919555664,17.5961017608643,-4.));
#2335=IFCDIRECTION((0.,-0.0747897591048505,-0.997199324073697));
#2336=IFCVECTOR(#2335,1.);
#2337=IFCLINE(#2334,#2336);
#2338=IFCEDGECURVE(#2331,#2333,#2337,.T.);
#2339=IFCORIENTEDEDGE(*,*,#2338,.T.);
#2340=IFCEDGELOOP((#2319,#2329,#2339));
#2341=IFCFACEOUTERBOUND(#2340,.T.);
#2342=IFCCARTESIANPOINT((6.25326919555664,17.5182934098576,-6.07219126752359));
#2343=IFCDIRECTION((1.,-8.72769437752878E-29,3.51541126733182E-30));
#2344=IFCDIRECTION((8.72769437752878E-29,1.,0.));
#2345=IFCAXIS2PLACEMENT3D(#2342,#2343,#2344);
#2346=IFCPLANE(#2345);
#2347=IFCADVANCEDFACE((#2341),#2346,.T.);
#2348=IFCCARTESIANPOINT((6.25326919555664,17.2961025238037,-8.));
#2349=IFCVERTEXPOINT(#2348);
#2350=IFCCARTESIANPOINT((6.25326919555664,17.5961017608643,-4.));
#2351=IFCVERTEXPOINT(#2350);
#2352=IFCCARTESIANPOINT((6.25326919555664,17.2961025238037,-8.));
#2353=IFCDIRECTION((0.,0.0747897591048505,0.997199324073697));
#2354=IFCVECTOR(#2353,1.);
#2355=IFCLINE(#2352,#2354);
#2356=IFCEDGECURVE(#2349,#2351,#2355,.T.);
#2357=IFCORIENTEDEDGE(*,*,#2356,.T.);
#2358=IFCCARTESIANPOINT((6.25326919555664,17.5961017608643,-4.));
#2359=IFCVERTEXPOINT(#2358);
#2360=IFCCARTESIANPOINT((6.25326919555664,17.2961025238037,-4.));
#2361=IFCVERTEXPOINT(#2360);
#2362=IFCCARTESIANPOINT((6.25326919555664,17.5961017608643,-4.));
#2363=IFCDIRECTION((0.,-1.,0.));
#2364=IFCVECTOR(#2363,1.);
#2365=IFCLINE(#2362,#2364);
#2366=IFCEDGECURVE(#2359,#2361,#2365,.T.);
#2367=IFCORIENTEDEDGE(*,*,#2366,.T.);
#2368=IFCCARTESIANPOINT((6.25326919555664,17.2961025238037,-4.));
#2369=IFCVERTEXPOINT(#2368);
#2370=IFCCARTESIANPOINT((6.25326919555664,17.2961025238037,-8.));
#2371=IFCVERTEXPOINT(#2370);
#2372=IFCCARTESIANPOINT((6.25326919555664,17.2961025238037,-4.));
#2373=IFCDIRECTION((0.,0.,-1.));
#2374=IFCVECTOR(#2373,1.);
#2375=IFCLINE(#2372,#2374);
#2376=IFCEDGECURVE(#2369,#2371,#2375,.T.);
#2377=IFCORIENTEDEDGE(*,*,#2376,.T.);
#2378=IFCEDGELOOP((#2357,#2367,#2377));
#2379=IFCFACEOUTERBOUND(#2378,.T.);
#2380=IFCCARTESIANPOINT((6.25326919555664,17.3739108748104,-5.92780873247641));
#2381=IFCDIRECTION((1.,8.23710299385281E-29,-2.9499768837593E-30));
#2382=IFCDIRECTION((-8.23710299385281E-29,1.,0.));
#2383=IFCAXIS2PLACEMENT3D(#2380,#2381,#2382);
#2384=IFCPLANE(#2383);
#2385=IFCADVANCEDFACE((#2379),#2384,.T.);
#2386=IFCCARTESIANPOINT((4.09326887130737,17.2961025238037,-4.99499988555908));
#2387=IFCVERTEXPOINT(#2386);
#2388=IFCCARTESIANPOINT((4.09326887130737,17.5961017608643,-4.99499988555908));
#2389=IFCVERTEXPOINT(#2388);
#2390=IFCCARTESIANPOINT((4.09326887130737,17.2961025238037,-4.99499988555908));
#2391=IFCDIRECTION((0.,1.,0.));
#2392=IFCVECTOR(#2391,1.);
#2393=IFCLINE(#2390,#2392);
#2394=IFCEDGECURVE(#2387,#2389,#2393,.T.);
#2395=IFCORIENTEDEDGE(*,*,#2394,.T.);
#2396=IFCCARTESIANPOINT((4.09326887130737,17.5961017608643,-4.99499988555908));
#2397=IFCVERTEXPOINT(#2396);
#2398=IFCCARTESIANPOINT((5.10326910018921,17.5961017608643,-4.99499988555908));
#2399=IFCVERTEXPOINT(#2398);
#2400=IFCCARTESIANPOINT((4.09326887130737,17.5961017608643,-4.99499988555908));
#2401=IFCDIRECTION((1.,0.,0.));
#2402=IFCVECTOR(#2401,1.);
#2403=IFCLINE(#2400,#2402);
#2404=IFCEDGECURVE(#2397,#2399,#2403,.T.);
#2405=IFCORIENTEDEDGE(*,*,#2404,.T.);
#2406=IFCCARTESIANPOINT((5.10326910018921,17.5961017608643,-4.99499988555908));
#2407=IFCVERTEXPOINT(#2406);
#2408=IFCCARTESIANPOINT((4.09326887130737,17.2961025238037,-4.99499988555908));
#2409=IFCVERTEXPOINT(#2408);
#2410=IFCCARTESIANPOINT((5.10326910018921,17.5961017608643,-4.99499988555908));
#2411=IFCDIRECTION((-0.958606611472714,-0.284733848428321,0.));
#2412=IFCVECTOR(#2411,1.);
#2413=IFCLINE(#2410,#2412);
#2414=IFCEDGECURVE(#2407,#2409,#2413,.T.);
#2415=IFCORIENTEDEDGE(*,*,#2414,.T.);
#2416=IFCEDGELOOP((#2395,#2405,#2415));
#2417=IFCFACEOUTERBOUND(#2416,.T.);
#2418=IFCCARTESIANPOINT((4.53417232783492,17.5101988002474,-4.99499988555908));
#2419=IFCDIRECTION((-1.87802194681822E-29,1.24416693053359E-28,-1.));
#2420=IFCDIRECTION((0.,-1.,-1.24416693053359E-28));
#2421=IFCAXIS2PLACEMENT3D(#2418,#2419,#2420);
#2422=IFCPLANE(#2421);
#2423=IFCADVANCEDFACE((#2417),#2422,.T.);
#2424=IFCCARTESIANPOINT((4.09326887130737,17.2961025238037,-4.99499988555908));
#2425=IFCVERTEXPOINT(#2424);
#2426=IFCCARTESIANPOINT((5.10326910018921,17.5961017608643,-4.99499988555908));
#2427=IFCVERTEXPOINT(#2426);
#2428=IFCCARTESIANPOINT((4.09326887130737,17.2961025238037,-4.99499988555908));
#2429=IFCDIRECTION((0.958606611472714,0.284733848428321,0.));
#2430=IFCVECTOR(#2429,1.);
#2431=IFCLINE(#2428,#2430);
#2432=IFCEDGECURVE(#2425,#2427,#2431,.T.);
#2433=IFCORIENTEDEDGE(*,*,#2432,.T.);
#2434=IFCCARTESIANPOINT((5.10326910018921,17.5961017608643,-4.99499988555908));
#2435=IFCVERTEXPOINT(#2434);
#2436=IFCCARTESIANPOINT((5.10326910018921,17.2961025238037,-4.99499988555908));
#2437=IFCVERTEXPOINT(#2436);
#2438=IFCCARTESIANPOINT((5.10326910018921,17.5961017608643,-4.99499988555908));
#2439=IFCDIRECTION((0.,-1.,0.));
#2440=IFCVECTOR(#2439,1.);
#2441=IFCLINE(#2438,#2440);
#2442=IFCEDGECURVE(#2435,#2437,#2441,.T.);
#2443=IFCORIENTEDEDGE(*,*,#2442,.T.);
#2444=IFCCARTESIANPOINT((5.10326910018921,17.2961025238037,-4.99499988555908));
#2445=IFCVERTEXPOINT(#2444);
#2446=IFCCARTESIANPOINT((4.09326887130737,17.2961025238037,-4.99499988555908));
#2447=IFCVERTEXPOINT(#2446);
#2448=IFCCARTESIANPOINT((5.10326910018921,17.2961025238037,-4.99499988555908));
#2449=IFCDIRECTION((-1.,0.,0.));
#2450=IFCVECTOR(#2449,1.);
#2451=IFCLINE(#2448,#2450);
#2452=IFCEDGECURVE(#2445,#2447,#2451,.T.);
#2453=IFCORIENTEDEDGE(*,*,#2452,.T.);
#2454=IFCEDGELOOP((#2433,#2443,#2453));
#2455=IFCFACEOUTERBOUND(#2454,.T.);
#2456=IFCCARTESIANPOINT((4.66236564366166,17.3820054844206,-4.99499988555908));
#2457=IFCDIRECTION((-0.,-0.,-1.));
#2458=IFCDIRECTION((-1.,0.,0.));
#2459=IFCAXIS2PLACEMENT3D(#2456,#2457,#2458);
#2460=IFCPLANE(#2459);
#2461=IFCADVANCEDFACE((#2455),#2460,.T.);
#2462=IFCCARTESIANPOINT((5.10326910018921,17.2961025238037,-4.99499988555908));
#2463=IFCVERTEXPOINT(#2462);
#2464=IFCCARTESIANPOINT((5.10326910018921,17.5961017608643,-4.99499988555908));
#2465=IFCVERTEXPOINT(#2464);
#2466=IFCCARTESIANPOINT((5.10326910018921,17.2961025238037,-4.99499988555908));
#2467=IFCDIRECTION((0.,1.,0.));
#2468=IFCVECTOR(#2467,1.);
#2469=IFCLINE(#2466,#2468);
#2470=IFCEDGECURVE(#2463,#2465,#2469,.T.);
#2471=IFCORIENTEDEDGE(*,*,#2470,.T.);
#2472=IFCCARTESIANPOINT((5.10326910018921,17.5961017608643,-4.99499988555908));
#2473=IFCVERTEXPOINT(#2472);
#2474=IFCCARTESIANPOINT((5.10326910018921,17.5961017608643,-6.00500011444092));
#2475=IFCVERTEXPOINT(#2474);
#2476=IFCCARTESIANPOINT((5.10326910018921,17.5961017608643,-4.99499988555908));
#2477=IFCDIRECTION((0.,0.,-1.));
#2478=IFCVECTOR(#2477,1.);
#2479=IFCLINE(#2476,#2478);
#2480=IFCEDGECURVE(#2473,#2475,#2479,.T.);
#2481=IFCORIENTEDEDGE(*,*,#2480,.T.);
#2482=IFCCARTESIANPOINT((5.10326910018921,17.5961017608643,-6.00500011444092));
#2483=IFCVERTEXPOINT(#2482);
#2484=IFCCARTESIANPOINT((5.10326910018921,17.2961025238037,-4.99499988555908));
#2485=IFCVERTEXPOINT(#2484);
#2486=IFCCARTESIANPOINT((5.10326910018921,17.5961017608643,-6.00500011444092));
#2487=IFCDIRECTION((0.,-0.284733848428321,0.958606611472714));
#2488=IFCVECTOR(#2487,1.);
#2489=IFCLINE(#2486,#2488);
#2490=IFCEDGECURVE(#2483,#2485,#2489,.T.);
#2491=IFCORIENTEDEDGE(*,*,#2490,.T.);
#2492=IFCEDGELOOP((#2471,#2481,#2491));
#2493=IFCFACEOUTERBOUND(#2492,.T.);
#2494=IFCCARTESIANPOINT((5.10326910018921,17.5101988002474,-5.43590334208663));
#2495=IFCDIRECTION((-1.,-0.,-0.));
#2496=IFCDIRECTION((0.,0.,-1.));
#2497=IFCAXIS2PLACEMENT3D(#2494,#2495,#2496);
#2498=IFCPLANE(#2497);
#2499=IFCADVANCEDFACE((#2493),#2498,.T.);
#2500=IFCCARTESIANPOINT((5.10326910018921,17.2961025238037,-4.99499988555908));
#2501=IFCVERTEXPOINT(#2500);
#2502=IFCCARTESIANPOINT((5.10326910018921,17.5961017608643,-6.00500011444092));
#2503=IFCVERTEXPOINT(#2502);
#2504=IFCCARTESIANPOINT((5.10326910018921,17.2961025238037,-4.99499988555908));
#2505=IFCDIRECTION((0.,0.284733848428321,-0.958606611472714));
#2506=IFCVECTOR(#2505,1.);
#2507=IFCLINE(#2504,#2506);
#2508=IFCEDGECURVE(#2501,#2503,#2507,.T.);
#2509=IFCORIENTEDEDGE(*,*,#2508,.T.);
#2510=IFCCARTESIANPOINT((5.10326910018921,17.5961017608643,-6.00500011444092));
#2511=IFCVERTEXPOINT(#2510);
#2512=IFCCARTESIANPOINT((5.10326910018921,17.2961025238037,-6.00500011444092));
#2513=IFCVERTEXPOINT(#2512);
#2514=IFCCARTESIANPOINT((5.10326910018921,17.5961017608643,-6.00500011444092));
#2515=IFCDIRECTION((0.,-1.,0.));
#2516=IFCVECTOR(#2515,1.);
#2517=IFCLINE(#2514,#2516);
#2518=IFCEDGECURVE(#2511,#2513,#2517,.T.);
#2519=IFCORIENTEDEDGE(*,*,#2518,.T.);
#2520=IFCCARTESIANPOINT((5.10326910018921,17.2961025238037,-6.00500011444092));
#2521=IFCVERTEXPOINT(#2520);
#2522=IFCCARTESIANPOINT((5.10326910018921,17.2961025238037,-4.99499988555908));
#2523=IFCVERTEXPOINT(#2522);
#2524=IFCCARTESIANPOINT((5.10326910018921,17.2961025238037,-6.00500011444092));
#2525=IFCDIRECTION((0.,0.,1.));
#2526=IFCVECTOR(#2525,1.);
#2527=IFCLINE(#2524,#2526);
#2528=IFCEDGECURVE(#2521,#2523,#2527,.T.);
#2529=IFCORIENTEDEDGE(*,*,#2528,.T.);
#2530=IFCEDGELOOP((#2509,#2519,#2529));
#2531=IFCFACEOUTERBOUND(#2530,.T.);
#2532=IFCCARTESIANPOINT((5.10326910018921,17.3820054844206,-5.56409665791337));
#2533=IFCDIRECTION((-1.,-0.,-0.));
#2534=IFCDIRECTION((0.,0.,-1.));
#2535=IFCAXIS2PLACEMENT3D(#2532,#2533,#2534);
#2536=IFCPLANE(#2535);
#2537=IFCADVANCEDFACE((#2531),#2536,.T.);
#2538=IFCCARTESIANPOINT((5.10326910018921,17.2961025238037,-6.00500011444092));
#2539=IFCVERTEXPOINT(#2538);
#2540=IFCCARTESIANPOINT((5.10326910018921,17.5961017608643,-6.00500011444092));
#2541=IFCVERTEXPOINT(#2540);
#2542=IFCCARTESIANPOINT((5.10326910018921,17.2961025238037,-6.00500011444092));
#2543=IFCDIRECTION((0.,1.,0.));
#2544=IFCVECTOR(#2543,1.);
#2545=IFCLINE(#2542,#2544);
#2546=IFCEDGECURVE(#2539,#2541,#2545,.T.);
#2547=IFCORIENTEDEDGE(*,*,#2546,.T.);
#2548=IFCCARTESIANPOINT((5.10326910018921,17.5961017608643,-6.00500011444092));
#2549=IFCVERTEXPOINT(#2548);
#2550=IFCCARTESIANPOINT((4.09326887130737,17.5961017608643,-6.00500011444092));
#2551=IFCVERTEXPOINT(#2550);
#2552=IFCCARTESIANPOINT((5.10326910018921,17.5961017608643,-6.00500011444092));
#2553=IFCDIRECTION((-1.,0.,0.));
#2554=IFCVECTOR(#2553,1.);
#2555=IFCLINE(#2552,#2554);
#2556=IFCEDGECURVE(#2549,#2551,#2555,.T.);
#2557=IFCORIENTEDEDGE(*,*,#2556,.T.);
#2558=IFCCARTESIANPOINT((4.09326887130737,17.5961017608643,-6.00500011444092));
#2559=IFCVERTEXPOINT(#2558);
#2560=IFCCARTESIANPOINT((5.10326910018921,17.2961025238037,-6.00500011444092));
#2561=IFCVERTEXPOINT(#2560);
#2562=IFCCARTESIANPOINT((4.09326887130737,17.5961017608643,-6.00500011444092));
#2563=IFCDIRECTION((0.958606611472714,-0.284733848428321,0.));
#2564=IFCVECTOR(#2563,1.);
#2565=IFCLINE(#2562,#2564);
#2566=IFCEDGECURVE(#2559,#2561,#2565,.T.);
#2567=IFCORIENTEDEDGE(*,*,#2566,.T.);
#2568=IFCEDGELOOP((#2547,#2557,#2567));
#2569=IFCFACEOUTERBOUND(#2568,.T.);
#2570=IFCCARTESIANPOINT((4.66236564366166,17.5101988002474,-6.00500011444092));
#2571=IFCDIRECTION((1.87802194681822E-29,1.24416693053359E-28,1.));
#2572=IFCDIRECTION((0.,1.,-1.24416693053359E-28));
#2573=IFCAXIS2PLACEMENT3D(#2570,#2571,#2572);
#2574=IFCPLANE(#2573);
#2575=IFCADVANCEDFACE((#2569),#2574,.T.);
#2576=IFCCARTESIANPOINT((5.10326910018921,17.2961025238037,-6.00500011444092));
#2577=IFCVERTEXPOINT(#2576);
#2578=IFCCARTESIANPOINT((4.09326887130737,17.5961017608643,-6.00500011444092));
#2579=IFCVERTEXPOINT(#2578);
#2580=IFCCARTESIANPOINT((5.10326910018921,17.2961025238037,-6.00500011444092));
#2581=IFCDIRECTION((-0.958606611472714,0.284733848428321,0.));
#2582=IFCVECTOR(#2581,1.);
#2583=IFCLINE(#2580,#2582);
#2584=IFCEDGECURVE(#2577,#2579,#2583,.T.);
#2585=IFCORIENTEDEDGE(*,*,#2584,.T.);
#2586=IFCCARTESIANPOINT((4.09326887130737,17.5961017608643,-6.00500011444092));
#2587=IFCVERTEXPOINT(#2586);
#2588=IFCCARTESIANPOINT((4.09326887130737,17.2961025238037,-6.00500011444092));
#2589=IFCVERTEXPOINT(#2588);
#2590=IFCCARTESIANPOINT((4.09326887130737,17.5961017608643,-6.00500011444092));
#2591=IFCDIRECTION((0.,-1.,0.));
#2592=IFCVECTOR(#2591,1.);
#2593=IFCLINE(#2590,#2592);
#2594=IFCEDGECURVE(#2587,#2589,#2593,.T.);
#2595=IFCORIENTEDEDGE(*,*,#2594,.T.);
#2596=IFCCARTESIANPOINT((4.09326887130737,17.2961025238037,-6.00500011444092));
#2597=IFCVERTEXPOINT(#2596);
#2598=IFCCARTESIANPOINT((5.10326910018921,17.2961025238037,-6.00500011444092));
#2599=IFCVERTEXPOINT(#2598);
#2600=IFCCARTESIANPOINT((4.09326887130737,17.2961025238037,-6.00500011444092));
#2601=IFCDIRECTION((1.,0.,0.));
#2602=IFCVECTOR(#2601,1.);
#2603=IFCLINE(#2600,#2602);
#2604=IFCEDGECURVE(#2597,#2599,#2603,.T.);
#2605=IFCORIENTEDEDGE(*,*,#2604,.T.);
#2606=IFCEDGELOOP((#2585,#2595,#2605));
#2607=IFCFACEOUTERBOUND(#2606,.T.);
#2608=IFCCARTESIANPOINT((4.53417232783492,17.3820054844206,-6.00500011444092));
#2609=IFCDIRECTION((0.,0.,1.));
#2610=IFCDIRECTION((1.,0.,-0.));
#2611=IFCAXIS2PLACEMENT3D(#2608,#2609,#2610);
#2612=IFCPLANE(#2611);
#2613=IFCADVANCEDFACE((#2607),#2612,.T.);
#2614=IFCCARTESIANPOINT((4.09326887130737,17.2961025238037,-6.00500011444092));
#2615=IFCVERTEXPOINT(#2614);
#2616=IFCCARTESIANPOINT((4.09326887130737,17.5961017608643,-6.00500011444092));
#2617=IFCVERTEXPOINT(#2616);
#2618=IFCCARTESIANPOINT((4.09326887130737,17.2961025238037,-6.00500011444092));
#2619=IFCDIRECTION((0.,1.,0.));
#2620=IFCVECTOR(#2619,1.);
#2621=IFCLINE(#2618,#2620);
#2622=IFCEDGECURVE(#2615,#2617,#2621,.T.);
#2623=IFCORIENTEDEDGE(*,*,#2622,.T.);
#2624=IFCCARTESIANPOINT((4.09326887130737,17.5961017608643,-6.00500011444092));
#2625=IFCVERTEXPOINT(#2624);
#2626=IFCCARTESIANPOINT((4.09326887130737,17.5961017608643,-4.99499988555908));
#2627=IFCVERTEXPOINT(#2626);
#2628=IFCCARTESIANPOINT((4.09326887130737,17.5961017608643,-6.00500011444092));
#2629=IFCDIRECTION((0.,0.,1.));
#2630=IFCVECTOR(#2629,1.);
#2631=IFCLINE(#2628,#2630);
#2632=IFCEDGECURVE(#2625,#2627,#2631,.T.);
#2633=IFCORIENTEDEDGE(*,*,#2632,.T.);
#2634=IFCCARTESIANPOINT((4.09326887130737,17.5961017608643,-4.99499988555908));
#2635=IFCVERTEXPOINT(#2634);
#2636=IFCCARTESIANPOINT((4.09326887130737,17.2961025238037,-6.00500011444092));
#2637=IFCVERTEXPOINT(#2636);
#2638=IFCCARTESIANPOINT((4.09326887130737,17.5961017608643,-4.99499988555908));
#2639=IFCDIRECTION((0.,-0.284733848428321,-0.958606611472714));
#2640=IFCVECTOR(#2639,1.);
#2641=IFCLINE(#2638,#2640);
#2642=IFCEDGECURVE(#2635,#2637,#2641,.T.);
#2643=IFCORIENTEDEDGE(*,*,#2642,.T.);
#2644=IFCEDGELOOP((#2623,#2633,#2643));
#2645=IFCFACEOUTERBOUND(#2644,.T.);
#2646=IFCCARTESIANPOINT((4.09326887130737,17.5101988002474,-5.56409665791337));
#2647=IFCDIRECTION((1.,0.,0.));
#2648=IFCDIRECTION((-0.,0.,1.));
#2649=IFCAXIS2PLACEMENT3D(#2646,#2647,#2648);
#2650=IFCPLANE(#2649);
#2651=IFCADVANCEDFACE((#2645),#2650,.T.);
#2652=IFCCARTESIANPOINT((4.09326887130737,17.2961025238037,-6.00500011444092));
#2653=IFCVERTEXPOINT(#2652);
#2654=IFCCARTESIANPOINT((4.09326887130737,17.5961017608643,-4.99499988555908));
#2655=IFCVERTEXPOINT(#2654);
#2656=IFCCARTESIANPOINT((4.09326887130737,17.2961025238037,-6.00500011444092));
#2657=IFCDIRECTION((0.,0.284733848428321,0.958606611472714));
#2658=IFCVECTOR(#2657,1.);
#2659=IFCLINE(#2656,#2658);
#2660=IFCEDGECURVE(#2653,#2655,#2659,.T.);
#2661=IFCORIENTEDEDGE(*,*,#2660,.T.);
#2662=IFCCARTESIANPOINT((4.09326887130737,17.5961017608643,-4.99499988555908));
#2663=IFCVERTEXPOINT(#2662);
#2664=IFCCARTESIANPOINT((4.09326887130737,17.2961025238037,-4.99499988555908));
#2665=IFCVERTEXPOINT(#2664);
#2666=IFCCARTESIANPOINT((4.09326887130737,17.5961017608643,-4.99499988555908));
#2667=IFCDIRECTION((0.,-1.,0.));
#2668=IFCVECTOR(#2667,1.);
#2669=IFCLINE(#2666,#2668);
#2670=IFCEDGECURVE(#2663,#2665,#2669,.T.);
#2671=IFCORIENTEDEDGE(*,*,#2670,.T.);
#2672=IFCCARTESIANPOINT((4.09326887130737,17.2961025238037,-4.99499988555908));
#2673=IFCVERTEXPOINT(#2672);
#2674=IFCCARTESIANPOINT((4.09326887130737,17.2961025238037,-6.00500011444092));
#2675=IFCVERTEXPOINT(#2674);
#2676=IFCCARTESIANPOINT((4.09326887130737,17.2961025238037,-4.99499988555908));
#2677=IFCDIRECTION((0.,0.,-1.));
#2678=IFCVECTOR(#2677,1.);
#2679=IFCLINE(#2676,#2678);
#2680=IFCEDGECURVE(#2673,#2675,#2679,.T.);
#2681=IFCORIENTEDEDGE(*,*,#2680,.T.);
#2682=IFCEDGELOOP((#2661,#2671,#2681));
#2683=IFCFACEOUTERBOUND(#2682,.T.);
#2684=IFCCARTESIANPOINT((4.09326887130737,17.3820054844206,-5.43590334208663));
#2685=IFCDIRECTION((1.,0.,0.));
#2686=IFCDIRECTION((-0.,0.,1.));
#2687=IFCAXIS2PLACEMENT3D(#2684,#2685,#2686);
#2688=IFCPLANE(#2687);
#2689=IFCADVANCEDFACE((#2683),#2688,.T.);
#2690=IFCCARTESIANPOINT((-0.58673083782196,17.2961025238037,-4.99499988555908));
#2691=IFCVERTEXPOINT(#2690);
#2692=IFCCARTESIANPOINT((-0.58673083782196,17.5961017608643,-4.99499988555908));
#2693=IFCVERTEXPOINT(#2692);
#2694=IFCCARTESIANPOINT((-0.58673083782196,17.2961025238037,-4.99499988555908));
#2695=IFCDIRECTION((0.,1.,0.));
#2696=IFCVECTOR(#2695,1.);
#2697=IFCLINE(#2694,#2696);
#2698=IFCEDGECURVE(#2691,#2693,#2697,.T.);
#2699=IFCORIENTEDEDGE(*,*,#2698,.T.);
#2700=IFCCARTESIANPOINT((-0.58673083782196,17.5961017608643,-4.99499988555908));
#2701=IFCVERTEXPOINT(#2700);
#2702=IFCCARTESIANPOINT((-0.58673083782196,17.5961017608643,-6.00500011444092));
#2703=IFCVERTEXPOINT(#2702);
#2704=IFCCARTESIANPOINT((-0.58673083782196,17.5961017608643,-4.99499988555908));
#2705=IFCDIRECTION((0.,0.,-1.));
#2706=IFCVECTOR(#2705,1.);
#2707=IFCLINE(#2704,#2706);
#2708=IFCEDGECURVE(#2701,#2703,#2707,.T.);
#2709=IFCORIENTEDEDGE(*,*,#2708,.T.);
#2710=IFCCARTESIANPOINT((-0.58673083782196,17.5961017608643,-6.00500011444092));
#2711=IFCVERTEXPOINT(#2710);
#2712=IFCCARTESIANPOINT((-0.58673083782196,17.2961025238037,-4.99499988555908));
#2713=IFCVERTEXPOINT(#2712);
#2714=IFCCARTESIANPOINT((-0.58673083782196,17.5961017608643,-6.00500011444092));
#2715=IFCDIRECTION((0.,-0.284733848428321,0.958606611472714));
#2716=IFCVECTOR(#2715,1.);
#2717=IFCLINE(#2714,#2716);
#2718=IFCEDGECURVE(#2711,#2713,#2717,.T.);
#2719=IFCORIENTEDEDGE(*,*,#2718,.T.);
#2720=IFCEDGELOOP((#2699,#2709,#2719));
#2721=IFCFACEOUTERBOUND(#2720,.T.);
#2722=IFCCARTESIANPOINT((-0.58673083782196,17.5101988002474,-5.43590334208663));
#2723=IFCDIRECTION((-1.,-1.55520866316699E-29,-2.34752743352278E-30));
#2724=IFCDIRECTION((1.55520866316699E-29,-1.,0.));
#2725=IFCAXIS2PLACEMENT3D(#2722,#2723,#2724);
#2726=IFCPLANE(#2725);
#2727=IFCADVANCEDFACE((#2721),#2726,.T.);
#2728=IFCCARTESIANPOINT((-0.58673083782196,17.2961025238037,-4.99499988555908));
#2729=IFCVERTEXPOINT(#2728);
#2730=IFCCARTESIANPOINT((-0.58673083782196,17.5961017608643,-6.00500011444092));
#2731=IFCVERTEXPOINT(#2730);
#2732=IFCCARTESIANPOINT((-0.58673083782196,17.2961025238037,-4.99499988555908));
#2733=IFCDIRECTION((0.,0.284733848428321,-0.958606611472714));
#2734=IFCVECTOR(#2733,1.);
#2735=IFCLINE(#2732,#2734);
#2736=IFCEDGECURVE(#2729,#2731,#2735,.T.);
#2737=IFCORIENTEDEDGE(*,*,#2736,.T.);
#2738=IFCCARTESIANPOINT((-0.58673083782196,17.5961017608643,-6.00500011444092));
#2739=IFCVERTEXPOINT(#2738);
#2740=IFCCARTESIANPOINT((-0.58673083782196,17.2961025238037,-6.00500011444092));
#2741=IFCVERTEXPOINT(#2740);
#2742=IFCCARTESIANPOINT((-0.58673083782196,17.5961017608643,-6.00500011444092));
#2743=IFCDIRECTION((0.,-1.,0.));
#2744=IFCVECTOR(#2743,1.);
#2745=IFCLINE(#2742,#2744);
#2746=IFCEDGECURVE(#2739,#2741,#2745,.T.);
#2747=IFCORIENTEDEDGE(*,*,#2746,.T.);
#2748=IFCCARTESIANPOINT((-0.58673083782196,17.2961025238037,-6.00500011444092));
#2749=IFCVERTEXPOINT(#2748);
#2750=IFCCARTESIANPOINT((-0.58673083782196,17.2961025238037,-4.99499988555908));
#2751=IFCVERTEXPOINT(#2750);
#2752=IFCCARTESIANPOINT((-0.58673083782196,17.2961025238037,-6.00500011444092));
#2753=IFCDIRECTION((0.,0.,1.));
#2754=IFCVECTOR(#2753,1.);
#2755=IFCLINE(#2752,#2754);
#2756=IFCEDGECURVE(#2749,#2751,#2755,.T.);
#2757=IFCORIENTEDEDGE(*,*,#2756,.T.);
#2758=IFCEDGELOOP((#2737,#2747,#2757));
#2759=IFCFACEOUTERBOUND(#2758,.T.);
#2760=IFCCARTESIANPOINT((-0.58673083782196,17.3820054844206,-5.56409665791337));
#2761=IFCDIRECTION((-1.,-0.,-0.));
#2762=IFCDIRECTION((0.,0.,-1.));
#2763=IFCAXIS2PLACEMENT3D(#2760,#2761,#2762);
#2764=IFCPLANE(#2763);
#2765=IFCADVANCEDFACE((#2759),#2764,.T.);
#2766=IFCCARTESIANPOINT((-0.58673083782196,17.2961025238037,-6.00500011444092));
#2767=IFCVERTEXPOINT(#2766);
#2768=IFCCARTESIANPOINT((-0.58673083782196,17.5961017608643,-6.00500011444092));
#2769=IFCVERTEXPOINT(#2768);
#2770=IFCCARTESIANPOINT((-0.58673083782196,17.2961025238037,-6.00500011444092));
#2771=IFCDIRECTION((0.,1.,0.));
#2772=IFCVECTOR(#2771,1.);
#2773=IFCLINE(#2770,#2772);
#2774=IFCEDGECURVE(#2767,#2769,#2773,.T.);
#2775=IFCORIENTEDEDGE(*,*,#2774,.T.);
#2776=IFCCARTESIANPOINT((-0.58673083782196,17.5961017608643,-6.00500011444092));
#2777=IFCVERTEXPOINT(#2776);
#2778=IFCCARTESIANPOINT((-1.5967310667038,17.5961017608643,-6.00500011444092));
#2779=IFCVERTEXPOINT(#2778);
#2780=IFCCARTESIANPOINT((-0.58673083782196,17.5961017608643,-6.00500011444092));
#2781=IFCDIRECTION((-1.,0.,0.));
#2782=IFCVECTOR(#2781,1.);
#2783=IFCLINE(#2780,#2782);
#2784=IFCEDGECURVE(#2777,#2779,#2783,.T.);
#2785=IFCORIENTEDEDGE(*,*,#2784,.T.);
#2786=IFCCARTESIANPOINT((-1.5967310667038,17.5961017608643,-6.00500011444092));
#2787=IFCVERTEXPOINT(#2786);
#2788=IFCCARTESIANPOINT((-0.58673083782196,17.2961025238037,-6.00500011444092));
#2789=IFCVERTEXPOINT(#2788);
#2790=IFCCARTESIANPOINT((-1.5967310667038,17.5961017608643,-6.00500011444092));
#2791=IFCDIRECTION((0.958606611472714,-0.284733848428321,0.));
#2792=IFCVECTOR(#2791,1.);
#2793=IFCLINE(#2790,#2792);
#2794=IFCEDGECURVE(#2787,#2789,#2793,.T.);
#2795=IFCORIENTEDEDGE(*,*,#2794,.T.);
#2796=IFCEDGELOOP((#2775,#2785,#2795));
#2797=IFCFACEOUTERBOUND(#2796,.T.);
#2798=IFCCARTESIANPOINT((-1.02763429434951,17.5101988002474,-6.00500011444092));
#2799=IFCDIRECTION((1.87802194681822E-29,1.24416693053359E-28,1.));
#2800=IFCDIRECTION((0.,1.,-1.24416693053359E-28));
#2801=IFCAXIS2PLACEMENT3D(#2798,#2799,#2800);
#2802=IFCPLANE(#2801);
#2803=IFCADVANCEDFACE((#2797),#2802,.T.);
#2804=IFCCARTESIANPOINT((-0.58673083782196,17.2961025238037,-6.00500011444092));
#2805=IFCVERTEXPOINT(#2804);
#2806=IFCCARTESIANPOINT((-1.5967310667038,17.5961017608643,-6.00500011444092));
#2807=IFCVERTEXPOINT(#2806);
#2808=IFCCARTESIANPOINT((-0.58673083782196,17.2961025238037,-6.00500011444092));
#2809=IFCDIRECTION((-0.958606611472714,0.284733848428321,0.));
#2810=IFCVECTOR(#2809,1.);
#2811=IFCLINE(#2808,#2810);
#2812=IFCEDGECURVE(#2805,#2807,#2811,.T.);
#2813=IFCORIENTEDEDGE(*,*,#2812,.T.);
#2814=IFCCARTESIANPOINT((-1.5967310667038,17.5961017608643,-6.00500011444092));
#2815=IFCVERTEXPOINT(#2814);
#2816=IFCCARTESIANPOINT((-1.5967310667038,17.2961025238037,-6.00500011444092));
#2817=IFCVERTEXPOINT(#2816);
#2818=IFCCARTESIANPOINT((-1.5967310667038,17.5961017608643,-6.00500011444092));
#2819=IFCDIRECTION((0.,-1.,0.));
#2820=IFCVECTOR(#2819,1.);
#2821=IFCLINE(#2818,#2820);
#2822=IFCEDGECURVE(#2815,#2817,#2821,.T.);
#2823=IFCORIENTEDEDGE(*,*,#2822,.T.);
#2824=IFCCARTESIANPOINT((-1.5967310667038,17.2961025238037,-6.00500011444092));
#2825=IFCVERTEXPOINT(#2824);
#2826=IFCCARTESIANPOINT((-0.58673083782196,17.2961025238037,-6.00500011444092));
#2827=IFCVERTEXPOINT(#2826);
#2828=IFCCARTESIANPOINT((-1.5967310667038,17.2961025238037,-6.00500011444092));
#2829=IFCDIRECTION((1.,0.,0.));
#2830=IFCVECTOR(#2829,1.);
#2831=IFCLINE(#2828,#2830);
#2832=IFCEDGECURVE(#2825,#2827,#2831,.T.);
#2833=IFCORIENTEDEDGE(*,*,#2832,.T.);
#2834=IFCEDGELOOP((#2813,#2823,#2833));
#2835=IFCFACEOUTERBOUND(#2834,.T.);
#2836=IFCCARTESIANPOINT((-1.15582761017625,17.3820054844206,-6.00500011444092));
#2837=IFCDIRECTION((0.,0.,1.));
#2838=IFCDIRECTION((1.,0.,-0.));
#2839=IFCAXIS2PLACEMENT3D(#2836,#2837,#2838);
#2840=IFCPLANE(#2839);
#2841=IFCADVANCEDFACE((#2835),#2840,.T.);
#2842=IFCCARTESIANPOINT((-1.5967310667038,17.2961025238037,-6.00500011444092));
#2843=IFCVERTEXPOINT(#2842);
#2844=IFCCARTESIANPOINT((-1.5967310667038,17.5961017608643,-6.00500011444092));
#2845=IFCVERTEXPOINT(#2844);
#2846=IFCCARTESIANPOINT((-1.5967310667038,17.2961025238037,-6.00500011444092));
#2847=IFCDIRECTION((0.,1.,0.));
#2848=IFCVECTOR(#2847,1.);
#2849=IFCLINE(#2846,#2848);
#2850=IFCEDGECURVE(#2843,#2845,#2849,.T.);
#2851=IFCORIENTEDEDGE(*,*,#2850,.T.);
#2852=IFCCARTESIANPOINT((-1.5967310667038,17.5961017608643,-6.00500011444092));
#2853=IFCVERTEXPOINT(#2852);
#2854=IFCCARTESIANPOINT((-1.5967310667038,17.5961017608643,-4.99499988555908));
#2855=IFCVERTEXPOINT(#2854);
#2856=IFCCARTESIANPOINT((-1.5967310667038,17.5961017608643,-6.00500011444092));
#2857=IFCDIRECTION((0.,0.,1.));
#2858=IFCVECTOR(#2857,1.);
#2859=IFCLINE(#2856,#2858);
#2860=IFCEDGECURVE(#2853,#2855,#2859,.T.);
#2861=IFCORIENTEDEDGE(*,*,#2860,.T.);
#2862=IFCCARTESIANPOINT((-1.5967310667038,17.5961017608643,-4.99499988555908));
#2863=IFCVERTEXPOINT(#2862);
#2864=IFCCARTESIANPOINT((-1.5967310667038,17.2961025238037,-6.00500011444092));
#2865=IFCVERTEXPOINT(#2864);
#2866=IFCCARTESIANPOINT((-1.5967310667038,17.5961017608643,-4.99499988555908));
#2867=IFCDIRECTION((0.,-0.284733848428321,-0.958606611472714));
#2868=IFCVECTOR(#2867,1.);
#2869=IFCLINE(#2866,#2868);
#2870=IFCEDGECURVE(#2863,#2865,#2869,.T.);
#2871=IFCORIENTEDEDGE(*,*,#2870,.T.);
#2872=IFCEDGELOOP((#2851,#2861,#2871));
#2873=IFCFACEOUTERBOUND(#2872,.T.);
#2874=IFCCARTESIANPOINT((-1.5967310667038,17.5101988002474,-5.56409665791337));
#2875=IFCDIRECTION((1.,0.,0.));
#2876=IFCDIRECTION((-0.,0.,1.));
#2877=IFCAXIS2PLACEMENT3D(#2874,#2875,#2876);
#2878=IFCPLANE(#2877);
#2879=IFCADVANCEDFACE((#2873),#2878,.T.);
#2880=IFCCARTESIANPOINT((-1.5967310667038,17.2961025238037,-6.00500011444092));
#2881=IFCVERTEXPOINT(#2880);
#2882=IFCCARTESIANPOINT((-1.5967310667038,17.5961017608643,-4.99499988555908));
#2883=IFCVERTEXPOINT(#2882);
#2884=IFCCARTESIANPOINT((-1.5967310667038,17.2961025238037,-6.00500011444092));
#2885=IFCDIRECTION((0.,0.284733848428321,0.958606611472714));
#2886=IFCVECTOR(#2885,1.);
#2887=IFCLINE(#2884,#2886);
#2888=IFCEDGECURVE(#2881,#2883,#2887,.T.);
#2889=IFCORIENTEDEDGE(*,*,#2888,.T.);
#2890=IFCCARTESIANPOINT((-1.5967310667038,17.5961017608643,-4.99499988555908));
#2891=IFCVERTEXPOINT(#2890);
#2892=IFCCARTESIANPOINT((-1.5967310667038,17.2961025238037,-4.99499988555908));
#2893=IFCVERTEXPOINT(#2892);
#2894=IFCCARTESIANPOINT((-1.5967310667038,17.5961017608643,-4.99499988555908));
#2895=IFCDIRECTION((0.,-1.,0.));
#2896=IFCVECTOR(#2895,1.);
#2897=IFCLINE(#2894,#2896);
#2898=IFCEDGECURVE(#2891,#2893,#2897,.T.);
#2899=IFCORIENTEDEDGE(*,*,#2898,.T.);
#2900=IFCCARTESIANPOINT((-1.5967310667038,17.2961025238037,-4.99499988555908));
#2901=IFCVERTEXPOINT(#2900);
#2902=IFCCARTESIANPOINT((-1.5967310667038,17.2961025238037,-6.00500011444092));
#2903=IFCVERTEXPOINT(#2902);
#2904=IFCCARTESIANPOINT((-1.5967310667038,17.2961025238037,-4.99499988555908));
#2905=IFCDIRECTION((0.,0.,-1.));
#2906=IFCVECTOR(#2905,1.);
#2907=IFCLINE(#2904,#2906);
#2908=IFCEDGECURVE(#2901,#2903,#2907,.T.);
#2909=IFCORIENTEDEDGE(*,*,#2908,.T.);
#2910=IFCEDGELOOP((#2889,#2899,#2909));
#2911=IFCFACEOUTERBOUND(#2910,.T.);
#2912=IFCCARTESIANPOINT((-1.5967310667038,17.3820054844206,-5.43590334208663));
#2913=IFCDIRECTION((1.,0.,0.));
#2914=IFCDIRECTION((-0.,0.,1.));
#2915=IFCAXIS2PLACEMENT3D(#2912,#2913,#2914);
#2916=IFCPLANE(#2915);
#2917=IFCADVANCEDFACE((#2911),#2916,.T.);
#2918=IFCCARTESIANPOINT((-1.5967310667038,17.2961025238037,-4.99499988555908));
#2919=IFCVERTEXPOINT(#2918);
#2920=IFCCARTESIANPOINT((-1.5967310667038,17.5961017608643,-4.99499988555908));
#2921=IFCVERTEXPOINT(#2920);
#2922=IFCCARTESIANPOINT((-1.5967310667038,17.2961025238037,-4.99499988555908));
#2923=IFCDIRECTION((0.,1.,0.));
#2924=IFCVECTOR(#2923,1.);
#2925=IFCLINE(#2922,#2924);
#2926=IFCEDGECURVE(#2919,#2921,#2925,.T.);
#2927=IFCORIENTEDEDGE(*,*,#2926,.T.);
#2928=IFCCARTESIANPOINT((-1.5967310667038,17.5961017608643,-4.99499988555908));
#2929=IFCVERTEXPOINT(#2928);
#2930=IFCCARTESIANPOINT((-0.58673083782196,17.5961017608643,-4.99499988555908));
#2931=IFCVERTEXPOINT(#2930);
#2932=IFCCARTESIANPOINT((-1.5967310667038,17.5961017608643,-4.99499988555908));
#2933=IFCDIRECTION((1.,0.,0.));
#2934=IFCVECTOR(#2933,1.);
#2935=IFCLINE(#2932,#2934);
#2936=IFCEDGECURVE(#2929,#2931,#2935,.T.);
#2937=IFCORIENTEDEDGE(*,*,#2936,.T.);
#2938=IFCCARTESIANPOINT((-0.58673083782196,17.5961017608643,-4.99499988555908));
#2939=IFCVERTEXPOINT(#2938);
#2940=IFCCARTESIANPOINT((-1.5967310667038,17.2961025238037,-4.99499988555908));
#2941=IFCVERTEXPOINT(#2940);
#2942=IFCCARTESIANPOINT((-0.58673083782196,17.5961017608643,-4.99499988555908));
#2943=IFCDIRECTION((-0.958606611472714,-0.284733848428321,0.));
#2944=IFCVECTOR(#2943,1.);
#2945=IFCLINE(#2942,#2944);
#2946=IFCEDGECURVE(#2939,#2941,#2945,.T.);
#2947=IFCORIENTEDEDGE(*,*,#2946,.T.);
#2948=IFCEDGELOOP((#2927,#2937,#2947));
#2949=IFCFACEOUTERBOUND(#2948,.T.);
#2950=IFCCARTESIANPOINT((-1.15582761017625,17.5101988002474,-4.99499988555908));
#2951=IFCDIRECTION((-1.87802194681822E-29,1.24416693053359E-28,-1.));
#2952=IFCDIRECTION((0.,-1.,-1.24416693053359E-28));
#2953=IFCAXIS2PLACEMENT3D(#2950,#2951,#2952);
#2954=IFCPLANE(#2953);
#2955=IFCADVANCEDFACE((#2949),#2954,.T.);
#2956=IFCCARTESIANPOINT((-1.5967310667038,17.2961025238037,-4.99499988555908));
#2957=IFCVERTEXPOINT(#2956);
#2958=IFCCARTESIANPOINT((-0.58673083782196,17.5961017608643,-4.99499988555908));
#2959=IFCVERTEXPOINT(#2958);
#2960=IFCCARTESIANPOINT((-1.5967310667038,17.2961025238037,-4.99499988555908));
#2961=IFCDIRECTION((0.958606611472714,0.284733848428321,0.));
#2962=IFCVECTOR(#2961,1.);
#2963=IFCLINE(#2960,#2962);
#2964=IFCEDGECURVE(#2957,#2959,#2963,.T.);
#2965=IFCORIENTEDEDGE(*,*,#2964,.T.);
#2966=IFCCARTESIANPOINT((-0.58673083782196,17.5961017608643,-4.99499988555908));
#2967=IFCVERTEXPOINT(#2966);
#2968=IFCCARTESIANPOINT((-0.58673083782196,17.2961025238037,-4.99499988555908));
#2969=IFCVERTEXPOINT(#2968);
#2970=IFCCARTESIANPOINT((-0.58673083782196,17.5961017608643,-4.99499988555908));
#2971=IFCDIRECTION((0.,-1.,0.));
#2972=IFCVECTOR(#2971,1.);
#2973=IFCLINE(#2970,#2972);
#2974=IFCEDGECURVE(#2967,#2969,#2973,.T.);
#2975=IFCORIENTEDEDGE(*,*,#2974,.T.);
#2976=IFCCARTESIANPOINT((-0.58673083782196,17.2961025238037,-4.99499988555908));
#2977=IFCVERTEXPOINT(#2976);
#2978=IFCCARTESIANPOINT((-1.5967310667038,17.2961025238037,-4.99499988555908));
#2979=IFCVERTEXPOINT(#2978);
#2980=IFCCARTESIANPOINT((-0.58673083782196,17.2961025238037,-4.99499988555908));
#2981=IFCDIRECTION((-1.,0.,0.));
#2982=IFCVECTOR(#2981,1.);
#2983=IFCLINE(#2980,#2982);
#2984=IFCEDGECURVE(#2977,#2979,#2983,.T.);
#2985=IFCORIENTEDEDGE(*,*,#2984,.T.);
#2986=IFCEDGELOOP((#2965,#2975,#2985));
#2987=IFCFACEOUTERBOUND(#2986,.T.);
#2988=IFCCARTESIANPOINT((-1.02763429434951,17.3820054844206,-4.99499988555908));
#2989=IFCDIRECTION((-0.,-0.,-1.));
#2990=IFCDIRECTION((-1.,0.,0.));
#2991=IFCAXIS2PLACEMENT3D(#2988,#2989,#2990);
#2992=IFCPLANE(#2991);
#2993=IFCADVANCEDFACE((#2987),#2992,.T.);
#2994=IFCCARTESIANPOINT((1.90326905250549,17.2961025238037,-4.99499988555908));
#2995=IFCVERTEXPOINT(#2994);
#2996=IFCCARTESIANPOINT((1.90326905250549,17.5961017608643,-4.99499988555908));
#2997=IFCVERTEXPOINT(#2996);
#2998=IFCCARTESIANPOINT((1.90326905250549,17.2961025238037,-4.99499988555908));
#2999=IFCDIRECTION((0.,1.,0.));
#3000=IFCVECTOR(#2999,1.);
#3001=IFCLINE(#2998,#3000);
#3002=IFCEDGECURVE(#2995,#2997,#3001,.T.);
#3003=IFCORIENTEDEDGE(*,*,#3002,.T.);
#3004=IFCCARTESIANPOINT((1.90326905250549,17.5961017608643,-4.99499988555908));
#3005=IFCVERTEXPOINT(#3004);
#3006=IFCCARTESIANPOINT((2.91326904296875,17.5961017608643,-4.99499988555908));
#3007=IFCVERTEXPOINT(#3006);
#3008=IFCCARTESIANPOINT((1.90326905250549,17.5961017608643,-4.99499988555908));
#3009=IFCDIRECTION((1.,0.,0.));
#3010=IFCVECTOR(#3009,1.);
#3011=IFCLINE(#3008,#3010);
#3012=IFCEDGECURVE(#3005,#3007,#3011,.T.);
#3013=IFCORIENTEDEDGE(*,*,#3012,.T.);
#3014=IFCCARTESIANPOINT((2.91326904296875,17.5961017608643,-4.99499988555908));
#3015=IFCVERTEXPOINT(#3014);
#3016=IFCCARTESIANPOINT((1.90326905250549,17.2961025238037,-4.99499988555908));
#3017=IFCVERTEXPOINT(#3016);
#3018=IFCCARTESIANPOINT((2.91326904296875,17.5961017608643,-4.99499988555908));
#3019=IFCDIRECTION((-0.958606593126883,-0.284733910192781,0.));
#3020=IFCVECTOR(#3019,1.);
#3021=IFCLINE(#3018,#3020);
#3022=IFCEDGECURVE(#3015,#3017,#3021,.T.);
#3023=IFCORIENTEDEDGE(*,*,#3022,.T.);
#3024=IFCEDGELOOP((#3003,#3013,#3023));
#3025=IFCFACEOUTERBOUND(#3024,.T.);
#3026=IFCCARTESIANPOINT((2.34417239229099,17.5101987977801,-4.99499988555908));
#3027=IFCDIRECTION((-0.,-0.,-1.));
#3028=IFCDIRECTION((-1.,0.,0.));
#3029=IFCAXIS2PLACEMENT3D(#3026,#3027,#3028);
#3030=IFCPLANE(#3029);
#3031=IFCADVANCEDFACE((#3025),#3030,.T.);
#3032=IFCCARTESIANPOINT((1.90326905250549,17.2961025238037,-4.99499988555908));
#3033=IFCVERTEXPOINT(#3032);
#3034=IFCCARTESIANPOINT((2.91326904296875,17.5961017608643,-4.99499988555908));
#3035=IFCVERTEXPOINT(#3034);
#3036=IFCCARTESIANPOINT((1.90326905250549,17.2961025238037,-4.99499988555908));
#3037=IFCDIRECTION((0.958606593126883,0.284733910192781,0.));
#3038=IFCVECTOR(#3037,1.);
#3039=IFCLINE(#3036,#3038);
#3040=IFCEDGECURVE(#3033,#3035,#3039,.T.);
#3041=IFCORIENTEDEDGE(*,*,#3040,.T.);
#3042=IFCCARTESIANPOINT((2.91326904296875,17.5961017608643,-4.99499988555908));
#3043=IFCVERTEXPOINT(#3042);
#3044=IFCCARTESIANPOINT((2.91326904296875,17.2961025238037,-4.99499988555908));
#3045=IFCVERTEXPOINT(#3044);
#3046=IFCCARTESIANPOINT((2.91326904296875,17.5961017608643,-4.99499988555908));
#3047=IFCDIRECTION((0.,-1.,0.));
#3048=IFCVECTOR(#3047,1.);
#3049=IFCLINE(#3046,#3048);
#3050=IFCEDGECURVE(#3043,#3045,#3049,.T.);
#3051=IFCORIENTEDEDGE(*,*,#3050,.T.);
#3052=IFCCARTESIANPOINT((2.91326904296875,17.2961025238037,-4.99499988555908));
#3053=IFCVERTEXPOINT(#3052);
#3054=IFCCARTESIANPOINT((1.90326905250549,17.2961025238037,-4.99499988555908));
#3055=IFCVERTEXPOINT(#3054);
#3056=IFCCARTESIANPOINT((2.91326904296875,17.2961025238037,-4.99499988555908));
#3057=IFCDIRECTION((-1.,0.,0.));
#3058=IFCVECTOR(#3057,1.);
#3059=IFCLINE(#3056,#3058);
#3060=IFCEDGECURVE(#3053,#3055,#3059,.T.);
#3061=IFCORIENTEDEDGE(*,*,#3060,.T.);
#3062=IFCEDGELOOP((#3041,#3051,#3061));
#3063=IFCFACEOUTERBOUND(#3062,.T.);
#3064=IFCCARTESIANPOINT((2.47236570318326,17.3820054868879,-4.99499988555908));
#3065=IFCDIRECTION((-0.,-0.,-1.));
#3066=IFCDIRECTION((-1.,0.,0.));
#3067=IFCAXIS2PLACEMENT3D(#3064,#3065,#3066);
#3068=IFCPLANE(#3067);
#3069=IFCADVANCEDFACE((#3063),#3068,.T.);
#3070=IFCCARTESIANPOINT((2.91326904296875,17.2961025238037,-4.99499988555908));
#3071=IFCVERTEXPOINT(#3070);
#3072=IFCCARTESIANPOINT((2.91326904296875,17.5961017608643,-4.99499988555908));
#3073=IFCVERTEXPOINT(#3072);
#3074=IFCCARTESIANPOINT((2.91326904296875,17.2961025238037,-4.99499988555908));
#3075=IFCDIRECTION((0.,1.,0.));
#3076=IFCVECTOR(#3075,1.);
#3077=IFCLINE(#3074,#3076);
#3078=IFCEDGECURVE(#3071,#3073,#3077,.T.);
#3079=IFCORIENTEDEDGE(*,*,#3078,.T.);
#3080=IFCCARTESIANPOINT((2.91326904296875,17.5961017608643,-4.99499988555908));
#3081=IFCVERTEXPOINT(#3080);
#3082=IFCCARTESIANPOINT((2.91326904296875,17.5961017608643,-6.00500011444092));
#3083=IFCVERTEXPOINT(#3082);
#3084=IFCCARTESIANPOINT((2.91326904296875,17.5961017608643,-4.99499988555908));
#3085=IFCDIRECTION((0.,0.,-1.));
#3086=IFCVECTOR(#3085,1.);
#3087=IFCLINE(#3084,#3086);
#3088=IFCEDGECURVE(#3081,#3083,#3087,.T.);
#3089=IFCORIENTEDEDGE(*,*,#3088,.T.);
#3090=IFCCARTESIANPOINT((2.91326904296875,17.5961017608643,-6.00500011444092));
#3091=IFCVERTEXPOINT(#3090);
#3092=IFCCARTESIANPOINT((2.91326904296875,17.2961025238037,-4.99499988555908));
#3093=IFCVERTEXPOINT(#3092);
#3094=IFCCARTESIANPOINT((2.91326904296875,17.5961017608643,-6.00500011444092));
#3095=IFCDIRECTION((0.,-0.284733848428321,0.958606611472714));
#3096=IFCVECTOR(#3095,1.);
#3097=IFCLINE(#3094,#3096);
#3098=IFCEDGECURVE(#3091,#3093,#3097,.T.);
#3099=IFCORIENTEDEDGE(*,*,#3098,.T.);
#3100=IFCEDGELOOP((#3079,#3089,#3099));
#3101=IFCFACEOUTERBOUND(#3100,.T.);
#3102=IFCCARTESIANPOINT((2.91326904296875,17.5101988002474,-5.43590334208663));
#3103=IFCDIRECTION((-1.,-6.22083465266795E-29,-9.39010973409111E-30));
#3104=IFCDIRECTION((6.22083465266795E-29,-1.,0.));
#3105=IFCAXIS2PLACEMENT3D(#3102,#3103,#3104);
#3106=IFCPLANE(#3105);
#3107=IFCADVANCEDFACE((#3101),#3106,.T.);
#3108=IFCCARTESIANPOINT((2.91326904296875,17.2961025238037,-4.99499988555908));
#3109=IFCVERTEXPOINT(#3108);
#3110=IFCCARTESIANPOINT((2.91326904296875,17.5961017608643,-6.00500011444092));
#3111=IFCVERTEXPOINT(#3110);
#3112=IFCCARTESIANPOINT((2.91326904296875,17.2961025238037,-4.99499988555908));
#3113=IFCDIRECTION((0.,0.284733848428321,-0.958606611472714));
#3114=IFCVECTOR(#3113,1.);
#3115=IFCLINE(#3112,#3114);
#3116=IFCEDGECURVE(#3109,#3111,#3115,.T.);
#3117=IFCORIENTEDEDGE(*,*,#3116,.T.);
#3118=IFCCARTESIANPOINT((2.91326904296875,17.5961017608643,-6.00500011444092));
#3119=IFCVERTEXPOINT(#3118);
#3120=IFCCARTESIANPOINT((2.91326904296875,17.2961025238037,-6.00500011444092));
#3121=IFCVERTEXPOINT(#3120);
#3122=IFCCARTESIANPOINT((2.91326904296875,17.5961017608643,-6.00500011444092));
#3123=IFCDIRECTION((0.,-1.,0.));
#3124=IFCVECTOR(#3123,1.);
#3125=IFCLINE(#3122,#3124);
#3126=IFCEDGECURVE(#3119,#3121,#3125,.T.);
#3127=IFCORIENTEDEDGE(*,*,#3126,.T.);
#3128=IFCCARTESIANPOINT((2.91326904296875,17.2961025238037,-6.00500011444092));
#3129=IFCVERTEXPOINT(#3128);
#3130=IFCCARTESIANPOINT((2.91326904296875,17.2961025238037,-4.99499988555908));
#3131=IFCVERTEXPOINT(#3130);
#3132=IFCCARTESIANPOINT((2.91326904296875,17.2961025238037,-6.00500011444092));
#3133=IFCDIRECTION((0.,0.,1.));
#3134=IFCVECTOR(#3133,1.);
#3135=IFCLINE(#3132,#3134);
#3136=IFCEDGECURVE(#3129,#3131,#3135,.T.);
#3137=IFCORIENTEDEDGE(*,*,#3136,.T.);
#3138=IFCEDGELOOP((#3117,#3127,#3137));
#3139=IFCFACEOUTERBOUND(#3138,.T.);
#3140=IFCCARTESIANPOINT((2.91326904296875,17.3820054844206,-5.56409665791337));
#3141=IFCDIRECTION((-1.,-0.,-0.));
#3142=IFCDIRECTION((0.,0.,-1.));
#3143=IFCAXIS2PLACEMENT3D(#3140,#3141,#3142);
#3144=IFCPLANE(#3143);
#3145=IFCADVANCEDFACE((#3139),#3144,.T.);
#3146=IFCCARTESIANPOINT((2.91326904296875,17.2961025238037,-6.00500011444092));
#3147=IFCVERTEXPOINT(#3146);
#3148=IFCCARTESIANPOINT((2.91326904296875,17.5961017608643,-6.00500011444092));
#3149=IFCVERTEXPOINT(#3148);
#3150=IFCCARTESIANPOINT((2.91326904296875,17.2961025238037,-6.00500011444092));
#3151=IFCDIRECTION((0.,1.,0.));
#3152=IFCVECTOR(#3151,1.);
#3153=IFCLINE(#3150,#3152);
#3154=IFCEDGECURVE(#3147,#3149,#3153,.T.);
#3155=IFCORIENTEDEDGE(*,*,#3154,.T.);
#3156=IFCCARTESIANPOINT((2.91326904296875,17.5961017608643,-6.00500011444092));
#3157=IFCVERTEXPOINT(#3156);
#3158=IFCCARTESIANPOINT((1.90326905250549,17.5961017608643,-6.00500011444092));
#3159=IFCVERTEXPOINT(#3158);
#3160=IFCCARTESIANPOINT((2.91326904296875,17.5961017608643,-6.00500011444092));
#3161=IFCDIRECTION((-1.,0.,0.));
#3162=IFCVECTOR(#3161,1.);
#3163=IFCLINE(#3160,#3162);
#3164=IFCEDGECURVE(#3157,#3159,#3163,.T.);
#3165=IFCORIENTEDEDGE(*,*,#3164,.T.);
#3166=IFCCARTESIANPOINT((1.90326905250549,17.5961017608643,-6.00500011444092));
#3167=IFCVERTEXPOINT(#3166);
#3168=IFCCARTESIANPOINT((2.91326904296875,17.2961025238037,-6.00500011444092));
#3169=IFCVERTEXPOINT(#3168);
#3170=IFCCARTESIANPOINT((1.90326905250549,17.5961017608643,-6.00500011444092));
#3171=IFCDIRECTION((0.958606593126883,-0.284733910192781,0.));
#3172=IFCVECTOR(#3171,1.);
#3173=IFCLINE(#3170,#3172);
#3174=IFCEDGECURVE(#3167,#3169,#3173,.T.);
#3175=IFCORIENTEDEDGE(*,*,#3174,.T.);
#3176=IFCEDGELOOP((#3155,#3165,#3175));
#3177=IFCFACEOUTERBOUND(#3176,.T.);
#3178=IFCCARTESIANPOINT((2.47236570318326,17.5101987977801,-6.00500011444092));
#3179=IFCDIRECTION((1.7417379341337E-29,1.17128837738162E-28,1.));
#3180=IFCDIRECTION((0.,1.,-1.17128837738162E-28));
#3181=IFCAXIS2PLACEMENT3D(#3178,#3179,#3180);
#3182=IFCPLANE(#3181);
#3183=IFCADVANCEDFACE((#3177),#3182,.T.);
#3184=IFCCARTESIANPOINT((2.91326904296875,17.2961025238037,-6.00500011444092));
#3185=IFCVERTEXPOINT(#3184);
#3186=IFCCARTESIANPOINT((1.90326905250549,17.5961017608643,-6.00500011444092));
#3187=IFCVERTEXPOINT(#3186);
#3188=IFCCARTESIANPOINT((2.91326904296875,17.2961025238037,-6.00500011444092));
#3189=IFCDIRECTION((-0.958606593126883,0.284733910192781,0.));
#3190=IFCVECTOR(#3189,1.);
#3191=IFCLINE(#3188,#3190);
#3192=IFCEDGECURVE(#3185,#3187,#3191,.T.);
#3193=IFCORIENTEDEDGE(*,*,#3192,.T.);
#3194=IFCCARTESIANPOINT((1.90326905250549,17.5961017608643,-6.00500011444092));
#3195=IFCVERTEXPOINT(#3194);
#3196=IFCCARTESIANPOINT((1.90326905250549,17.2961025238037,-6.00500011444092));
#3197=IFCVERTEXPOINT(#3196);
#3198=IFCCARTESIANPOINT((1.90326905250549,17.5961017608643,-6.00500011444092));
#3199=IFCDIRECTION((0.,-1.,0.));
#3200=IFCVECTOR(#3199,1.);
#3201=IFCLINE(#3198,#3200);
#3202=IFCEDGECURVE(#3195,#3197,#3201,.T.);
#3203=IFCORIENTEDEDGE(*,*,#3202,.T.);
#3204=IFCCARTESIANPOINT((1.90326905250549,17.2961025238037,-6.00500011444092));
#3205=IFCVERTEXPOINT(#3204);
#3206=IFCCARTESIANPOINT((2.91326904296875,17.2961025238037,-6.00500011444092));
#3207=IFCVERTEXPOINT(#3206);
#3208=IFCCARTESIANPOINT((1.90326905250549,17.2961025238037,-6.00500011444092));
#3209=IFCDIRECTION((1.,0.,0.));
#3210=IFCVECTOR(#3209,1.);
#3211=IFCLINE(#3208,#3210);
#3212=IFCEDGECURVE(#3205,#3207,#3211,.T.);
#3213=IFCORIENTEDEDGE(*,*,#3212,.T.);
#3214=IFCEDGELOOP((#3193,#3203,#3213));
#3215=IFCFACEOUTERBOUND(#3214,.T.);
#3216=IFCCARTESIANPOINT((2.34417239229099,17.3820054868879,-6.00500011444092));
#3217=IFCDIRECTION((0.,0.,1.));
#3218=IFCDIRECTION((1.,0.,-0.));
#3219=IFCAXIS2PLACEMENT3D(#3216,#3217,#3218);
#3220=IFCPLANE(#3219);
#3221=IFCADVANCEDFACE((#3215),#3220,.T.);
#3222=IFCCARTESIANPOINT((1.90326905250549,17.2961025238037,-6.00500011444092));
#3223=IFCVERTEXPOINT(#3222);
#3224=IFCCARTESIANPOINT((1.90326905250549,17.5961017608643,-6.00500011444092));
#3225=IFCVERTEXPOINT(#3224);
#3226=IFCCARTESIANPOINT((1.90326905250549,17.2961025238037,-6.00500011444092));
#3227=IFCDIRECTION((0.,1.,0.));
#3228=IFCVECTOR(#3227,1.);
#3229=IFCLINE(#3226,#3228);
#3230=IFCEDGECURVE(#3223,#3225,#3229,.T.);
#3231=IFCORIENTEDEDGE(*,*,#3230,.T.);
#3232=IFCCARTESIANPOINT((1.90326905250549,17.5961017608643,-6.00500011444092));
#3233=IFCVERTEXPOINT(#3232);
#3234=IFCCARTESIANPOINT((1.90326905250549,17.5961017608643,-4.99499988555908));
#3235=IFCVERTEXPOINT(#3234);
#3236=IFCCARTESIANPOINT((1.90326905250549,17.5961017608643,-6.00500011444092));
#3237=IFCDIRECTION((0.,0.,1.));
#3238=IFCVECTOR(#3237,1.);
#3239=IFCLINE(#3236,#3238);
#3240=IFCEDGECURVE(#3233,#3235,#3239,.T.);
#3241=IFCORIENTEDEDGE(*,*,#3240,.T.);
#3242=IFCCARTESIANPOINT((1.90326905250549,17.5961017608643,-4.99499988555908));
#3243=IFCVERTEXPOINT(#3242);
#3244=IFCCARTESIANPOINT((1.90326905250549,17.2961025238037,-6.00500011444092));
#3245=IFCVERTEXPOINT(#3244);
#3246=IFCCARTESIANPOINT((1.90326905250549,17.5961017608643,-4.99499988555908));
#3247=IFCDIRECTION((0.,-0.284733848428321,-0.958606611472714));
#3248=IFCVECTOR(#3247,1.);
#3249=IFCLINE(#3246,#3248);
#3250=IFCEDGECURVE(#3243,#3245,#3249,.T.);
#3251=IFCORIENTEDEDGE(*,*,#3250,.T.);
#3252=IFCEDGELOOP((#3231,#3241,#3251));
#3253=IFCFACEOUTERBOUND(#3252,.T.);
#3254=IFCCARTESIANPOINT((1.90326905250549,17.5101988002474,-5.56409665791337));
#3255=IFCDIRECTION((1.,0.,0.));
#3256=IFCDIRECTION((-0.,0.,1.));
#3257=IFCAXIS2PLACEMENT3D(#3254,#3255,#3256);
#3258=IFCPLANE(#3257);
#3259=IFCADVANCEDFACE((#3253),#3258,.T.);
#3260=IFCCARTESIANPOINT((1.90326905250549,17.2961025238037,-6.00500011444092));
#3261=IFCVERTEXPOINT(#3260);
#3262=IFCCARTESIANPOINT((1.90326905250549,17.5961017608643,-4.99499988555908));
#3263=IFCVERTEXPOINT(#3262);
#3264=IFCCARTESIANPOINT((1.90326905250549,17.2961025238037,-6.00500011444092));
#3265=IFCDIRECTION((0.,0.284733848428321,0.958606611472714));
#3266=IFCVECTOR(#3265,1.);
#3267=IFCLINE(#3264,#3266);
#3268=IFCEDGECURVE(#3261,#3263,#3267,.T.);
#3269=IFCORIENTEDEDGE(*,*,#3268,.T.);
#3270=IFCCARTESIANPOINT((1.90326905250549,17.5961017608643,-4.99499988555908));
#3271=IFCVERTEXPOINT(#3270);
#3272=IFCCARTESIANPOINT((1.90326905250549,17.2961025238037,-4.99499988555908));
#3273=IFCVERTEXPOINT(#3272);
#3274=IFCCARTESIANPOINT((1.90326905250549,17.5961017608643,-4.99499988555908));
#3275=IFCDIRECTION((0.,-1.,0.));
#3276=IFCVECTOR(#3275,1.);
#3277=IFCLINE(#3274,#3276);
#3278=IFCEDGECURVE(#3271,#3273,#3277,.T.);
#3279=IFCORIENTEDEDGE(*,*,#3278,.T.);
#3280=IFCCARTESIANPOINT((1.90326905250549,17.2961025238037,-4.99499988555908));
#3281=IFCVERTEXPOINT(#3280);
#3282=IFCCARTESIANPOINT((1.90326905250549,17.2961025238037,-6.00500011444092));
#3283=IFCVERTEXPOINT(#3282);
#3284=IFCCARTESIANPOINT((1.90326905250549,17.2961025238037,-4.99499988555908));
#3285=IFCDIRECTION((0.,0.,-1.));
#3286=IFCVECTOR(#3285,1.);
#3287=IFCLINE(#3284,#3286);
#3288=IFCEDGECURVE(#3281,#3283,#3287,.T.);
#3289=IFCORIENTEDEDGE(*,*,#3288,.T.);
#3290=IFCEDGELOOP((#3269,#3279,#3289));
#3291=IFCFACEOUTERBOUND(#3290,.T.);
#3292=IFCCARTESIANPOINT((1.90326905250549,17.3820054844206,-5.43590334208663));
#3293=IFCDIRECTION((1.,0.,0.));
#3294=IFCDIRECTION((-0.,0.,1.));
#3295=IFCAXIS2PLACEMENT3D(#3292,#3293,#3294);
#3296=IFCPLANE(#3295);
#3297=IFCADVANCEDFACE((#3291),#3296,.T.);
#3298=IFCCLOSEDSHELL((#599,#637,#675,#713,#751,#789,#827,#865,#903,#941,#979,#1017,#1055,#1093,#1131,#1169,#1207,#1245,#1283,#1321,#1359,#1397,#1435,#1473,#1511,#1549,#1587,#1625,#1663,#1701,#1739,#1777,#1815,#1853,#1891,#1929,#1967,#2005,#2043,#2081,#2119,#2157,#2195,#2233,#2271,#2309,#2347,#2385,#2423,#2461,#2499,#2537,#2575,#2613,#2651,#2689,#2727,#2765,#2803,#2841,#2879,#2917,#2955,#2993,#3031,#3069,#3107,#3145,#3183,#3221,#3259,#3297));
#3299=IFCADVANCEDBREP(#3298);
#3300=IFCSTYLEDITEM(#3299,(#555),$);
#3301=IFCSHAPEREPRESENTATION(#557,'Body','AdvancedBrep',(#3299));
#3302=IFCPRODUCTDEFINITIONSHAPE($,$,(#3301));
#3303=IFCBUILDINGELEMENTPROXY('11gYLf9r592fPFOe28bK0N',$,'Surface 7','',$,#42,#3302,$,$);
#3304=IFCRELASSOCIATESMATERIAL('0pe7l05YX1Vfk4yCNUTpmd',$,$,$,(#3303),#45);

/* Surface 6 */
#3305=IFCCARTESIANPOINT((6.40326929092407,17.446102142334,-4.));
#3306=IFCVERTEXPOINT(#3305);
#3307=IFCCARTESIANPOINT((6.40326929092407,17.446102142334,0.));
#3308=IFCVERTEXPOINT(#3307);
#3309=IFCCARTESIANPOINT((6.40326929092407,17.446102142334,-4.));
#3310=IFCDIRECTION((0.,0.,1.));
#3311=IFCVECTOR(#3310,1.);
#3312=IFCLINE(#3309,#3311);
#3313=IFCEDGECURVE(#3306,#3308,#3312,.T.);
#3314=IFCORIENTEDEDGE(*,*,#3313,.T.);
#3315=IFCCARTESIANPOINT((6.40326929092407,17.446102142334,0.));
#3316=IFCVERTEXPOINT(#3315);
#3317=IFCCARTESIANPOINT((6.40326929092407,11.446102142334,0.));
#3318=IFCVERTEXPOINT(#3317);
#3319=IFCCARTESIANPOINT((6.40326929092407,17.446102142334,0.));
#3320=IFCDIRECTION((0.,-1.,0.));
#3321=IFCVECTOR(#3320,1.);
#3322=IFCLINE(#3319,#3321);
#3323=IFCEDGECURVE(#3316,#3318,#3322,.T.);
#3324=IFCORIENTEDEDGE(*,*,#3323,.T.);
#3325=IFCCARTESIANPOINT((6.40326929092407,11.446102142334,0.));
#3326=IFCVERTEXPOINT(#3325);
#3327=IFCCARTESIANPOINT((6.40326929092407,17.446102142334,-4.));
#3328=IFCVERTEXPOINT(#3327);
#3329=IFCCARTESIANPOINT((6.40326929092407,11.446102142334,0.));
#3330=IFCDIRECTION((0.,0.832050294337844,-0.554700196225229));
#3331=IFCVECTOR(#3330,1.);
#3332=IFCLINE(#3329,#3331);
#3333=IFCEDGECURVE(#3326,#3328,#3332,.T.);
#3334=IFCORIENTEDEDGE(*,*,#3333,.T.);
#3335=IFCEDGELOOP((#3314,#3324,#3334));
#3336=IFCFACEOUTERBOUND(#3335,.T.);
#3337=IFCCARTESIANPOINT((6.40326929092407,15.143326504602,-1.30277563773199));
#3338=IFCDIRECTION((1.,-3.05385910600062E-31,-2.60725523940136E-31));
#3339=IFCDIRECTION((3.05385910600062E-31,1.,0.));
#3340=IFCAXIS2PLACEMENT3D(#3337,#3338,#3339);
#3341=IFCPLANE(#3340);
#3342=IFCADVANCEDFACE((#3336),#3341,.T.);
#3343=IFCCARTESIANPOINT((6.40326929092407,17.446102142334,-4.));
#3344=IFCVERTEXPOINT(#3343);
#3345=IFCCARTESIANPOINT((6.40326929092407,11.446102142334,0.));
#3346=IFCVERTEXPOINT(#3345);
#3347=IFCCARTESIANPOINT((6.40326929092407,17.446102142334,-4.));
#3348=IFCDIRECTION((0.,-0.832050294337844,0.554700196225229));
#3349=IFCVECTOR(#3348,1.);
#3350=IFCLINE(#3347,#3349);
#3351=IFCEDGECURVE(#3344,#3346,#3350,.T.);
#3352=IFCORIENTEDEDGE(*,*,#3351,.T.);
#3353=IFCCARTESIANPOINT((6.40326929092407,11.446102142334,0.));
#3354=IFCVERTEXPOINT(#3353);
#3355=IFCCARTESIANPOINT((6.40326929092407,11.446102142334,-4.));
#3356=IFCVERTEXPOINT(#3355);
#3357=IFCCARTESIANPOINT((6.40326929092407,11.446102142334,0.));
#3358=IFCDIRECTION((0.,0.,-1.));
#3359=IFCVECTOR(#3358,1.);
#3360=IFCLINE(#3357,#3359);
#3361=IFCEDGECURVE(#3354,#3356,#3360,.T.);
#3362=IFCORIENTEDEDGE(*,*,#3361,.T.);
#3363=IFCCARTESIANPOINT((6.40326929092407,11.446102142334,-4.));
#3364=IFCVERTEXPOINT(#3363);
#3365=IFCCARTESIANPOINT((6.40326929092407,17.446102142334,-4.));
#3366=IFCVERTEXPOINT(#3365);
#3367=IFCCARTESIANPOINT((6.40326929092407,11.446102142334,-4.));
#3368=IFCDIRECTION((0.,1.,0.));
#3369=IFCVECTOR(#3368,1.);
#3370=IFCLINE(#3367,#3369);
#3371=IFCEDGECURVE(#3364,#3366,#3370,.T.);
#3372=IFCORIENTEDEDGE(*,*,#3371,.T.);
#3373=IFCEDGELOOP((#3352,#3362,#3372));
#3374=IFCFACEOUTERBOUND(#3373,.T.);
#3375=IFCCARTESIANPOINT((6.40326929092407,13.748877780066,-2.69722436226801));
#3376=IFCDIRECTION((1.,-7.5495941499095E-32,6.09005272635362E-33));
#3377=IFCDIRECTION((7.5495941499095E-32,1.,0.));
#3378=IFCAXIS2PLACEMENT3D(#3375,#3376,#3377);
#3379=IFCPLANE(#3378);
#3380=IFCADVANCEDFACE((#3374),#3379,.T.);
#3381=IFCCARTESIANPOINT((6.10326910018921,17.446102142334,-4.));
#3382=IFCVERTEXPOINT(#3381);
#3383=IFCCARTESIANPOINT((6.10326910018921,11.446102142334,-4.));
#3384=IFCVERTEXPOINT(#3383);
#3385=IFCCARTESIANPOINT((6.10326910018921,17.446102142334,-4.));
#3386=IFCDIRECTION((0.,-1.,0.));
#3387=IFCVECTOR(#3386,1.);
#3388=IFCLINE(#3385,#3387);
#3389=IFCEDGECURVE(#3382,#3384,#3388,.T.);
#3390=IFCORIENTEDEDGE(*,*,#3389,.T.);
#3391=IFCCARTESIANPOINT((6.10326910018921,11.446102142334,-4.));
#3392=IFCVERTEXPOINT(#3391);
#3393=IFCCARTESIANPOINT((6.10326910018921,11.446102142334,0.));
#3394=IFCVERTEXPOINT(#3393);
#3395=IFCCARTESIANPOINT((6.10326910018921,11.446102142334,-4.));
#3396=IFCDIRECTION((0.,0.,1.));
#3397=IFCVECTOR(#3396,1.);
#3398=IFCLINE(#3395,#3397);
#3399=IFCEDGECURVE(#3392,#3394,#3398,.T.);
#3400=IFCORIENTEDEDGE(*,*,#3399,.T.);
#3401=IFCCARTESIANPOINT((6.10326910018921,11.446102142334,0.));
#3402=IFCVERTEXPOINT(#3401);
#3403=IFCCARTESIANPOINT((6.10326910018921,17.446102142334,-4.));
#3404=IFCVERTEXPOINT(#3403);
#3405=IFCCARTESIANPOINT((6.10326910018921,11.446102142334,0.));
#3406=IFCDIRECTION((0.,0.832050294337844,-0.554700196225229));
#3407=IFCVECTOR(#3406,1.);
#3408=IFCLINE(#3405,#3407);
#3409=IFCEDGECURVE(#3402,#3404,#3408,.T.);
#3410=IFCORIENTEDEDGE(*,*,#3409,.T.);
#3411=IFCEDGELOOP((#3390,#3400,#3410));
#3412=IFCFACEOUTERBOUND(#3411,.T.);
#3413=IFCCARTESIANPOINT((6.10326910018921,13.748877780066,-2.69722436226801));
#3414=IFCDIRECTION((-1.,-0.,-0.));
#3415=IFCDIRECTION((0.,0.,-1.));
#3416=IFCAXIS2PLACEMENT3D(#3413,#3414,#3415);
#3417=IFCPLANE(#3416);
#3418=IFCADVANCEDFACE((#3412),#3417,.T.);
#3419=IFCCARTESIANPOINT((6.10326910018921,17.446102142334,-4.));
#3420=IFCVERTEXPOINT(#3419);
#3421=IFCCARTESIANPOINT((6.10326910018921,11.446102142334,0.));
#3422=IFCVERTEXPOINT(#3421);
#3423=IFCCARTESIANPOINT((6.10326910018921,17.446102142334,-4.));
#3424=IFCDIRECTION((0.,-0.832050294337844,0.554700196225229));
#3425=IFCVECTOR(#3424,1.);
#3426=IFCLINE(#3423,#3425);
#3427=IFCEDGECURVE(#3420,#3422,#3426,.T.);
#3428=IFCORIENTEDEDGE(*,*,#3427,.T.);
#3429=IFCCARTESIANPOINT((6.10326910018921,11.446102142334,0.));
#3430=IFCVERTEXPOINT(#3429);
#3431=IFCCARTESIANPOINT((6.10326910018921,17.446102142334,0.));
#3432=IFCVERTEXPOINT(#3431);
#3433=IFCCARTESIANPOINT((6.10326910018921,11.446102142334,0.));
#3434=IFCDIRECTION((0.,1.,0.));
#3435=IFCVECTOR(#3434,1.);
#3436=IFCLINE(#3433,#3435);
#3437=IFCEDGECURVE(#3430,#3432,#3436,.T.);
#3438=IFCORIENTEDEDGE(*,*,#3437,.T.);
#3439=IFCCARTESIANPOINT((6.10326910018921,17.446102142334,0.));
#3440=IFCVERTEXPOINT(#3439);
#3441=IFCCARTESIANPOINT((6.10326910018921,17.446102142334,-4.));
#3442=IFCVERTEXPOINT(#3441);
#3443=IFCCARTESIANPOINT((6.10326910018921,17.446102142334,0.));
#3444=IFCDIRECTION((0.,0.,-1.));
#3445=IFCVECTOR(#3444,1.);
#3446=IFCLINE(#3443,#3445);
#3447=IFCEDGECURVE(#3440,#3442,#3446,.T.);
#3448=IFCORIENTEDEDGE(*,*,#3447,.T.);
#3449=IFCEDGELOOP((#3428,#3438,#3448));
#3450=IFCFACEOUTERBOUND(#3449,.T.);
#3451=IFCCARTESIANPOINT((6.10326910018921,15.143326504602,-1.30277563773199));
#3452=IFCDIRECTION((-1.,-0.,-0.));
#3453=IFCDIRECTION((0.,0.,-1.));
#3454=IFCAXIS2PLACEMENT3D(#3451,#3452,#3453);
#3455=IFCPLANE(#3454);
#3456=IFCADVANCEDFACE((#3450),#3455,.T.);
#3457=IFCCARTESIANPOINT((6.40326929092407,17.446102142334,-4.));
#3458=IFCVERTEXPOINT(#3457);
#3459=IFCCARTESIANPOINT((6.10326910018921,17.446102142334,-4.));
#3460=IFCVERTEXPOINT(#3459);
#3461=IFCCARTESIANPOINT((6.40326929092407,17.446102142334,-4.));
#3462=IFCDIRECTION((-1.,0.,0.));
#3463=IFCVECTOR(#3462,1.);
#3464=IFCLINE(#3461,#3463);
#3465=IFCEDGECURVE(#3458,#3460,#3464,.T.);
#3466=IFCORIENTEDEDGE(*,*,#3465,.T.);
#3467=IFCCARTESIANPOINT((6.10326910018921,17.446102142334,-4.));
#3468=IFCVERTEXPOINT(#3467);
#3469=IFCCARTESIANPOINT((6.10326910018921,17.446102142334,0.));
#3470=IFCVERTEXPOINT(#3469);
#3471=IFCCARTESIANPOINT((6.10326910018921,17.446102142334,-4.));
#3472=IFCDIRECTION((0.,0.,1.));
#3473=IFCVECTOR(#3472,1.);
#3474=IFCLINE(#3471,#3473);
#3475=IFCEDGECURVE(#3468,#3470,#3474,.T.);
#3476=IFCORIENTEDEDGE(*,*,#3475,.T.);
#3477=IFCCARTESIANPOINT((6.10326910018921,17.446102142334,0.));
#3478=IFCVERTEXPOINT(#3477);
#3479=IFCCARTESIANPOINT((6.40326929092407,17.446102142334,-4.));
#3480=IFCVERTEXPOINT(#3479);
#3481=IFCCARTESIANPOINT((6.10326910018921,17.446102142334,0.));
#3482=IFCDIRECTION((0.0747899955258289,0.,-0.997199306342141));
#3483=IFCVECTOR(#3482,1.);
#3484=IFCLINE(#3481,#3483);
#3485=IFCEDGECURVE(#3478,#3480,#3484,.T.);
#3486=IFCORIENTEDEDGE(*,*,#3485,.T.);
#3487=IFCEDGELOOP((#3466,#3476,#3486));
#3488=IFCFACEOUTERBOUND(#3487,.T.);
#3489=IFCCARTESIANPOINT((6.18107770744577,17.446102142334,-2.07219148811087));
#3490=IFCDIRECTION((0.,1.,0.));
#3491=IFCDIRECTION((0.,-0.,1.));
#3492=IFCAXIS2PLACEMENT3D(#3489,#3490,#3491);
#3493=IFCPLANE(#3492);
#3494=IFCADVANCEDFACE((#3488),#3493,.T.);
#3495=IFCCARTESIANPOINT((6.40326929092407,17.446102142334,-4.));
#3496=IFCVERTEXPOINT(#3495);
#3497=IFCCARTESIANPOINT((6.10326910018921,17.446102142334,0.));
#3498=IFCVERTEXPOINT(#3497);
#3499=IFCCARTESIANPOINT((6.40326929092407,17.446102142334,-4.));
#3500=IFCDIRECTION((-0.0747899955258289,0.,0.997199306342141));
#3501=IFCVECTOR(#3500,1.);
#3502=IFCLINE(#3499,#3501);
#3503=IFCEDGECURVE(#3496,#3498,#3502,.T.);
#3504=IFCORIENTEDEDGE(*,*,#3503,.T.);
#3505=IFCCARTESIANPOINT((6.10326910018921,17.446102142334,0.));
#3506=IFCVERTEXPOINT(#3505);
#3507=IFCCARTESIANPOINT((6.40326929092407,17.446102142334,0.));
#3508=IFCVERTEXPOINT(#3507);
#3509=IFCCARTESIANPOINT((6.10326910018921,17.446102142334,0.));
#3510=IFCDIRECTION((1.,0.,0.));
#3511=IFCVECTOR(#3510,1.);
#3512=IFCLINE(#3509,#3511);
#3513=IFCEDGECURVE(#3506,#3508,#3512,.T.);
#3514=IFCORIENTEDEDGE(*,*,#3513,.T.);
#3515=IFCCARTESIANPOINT((6.40326929092407,17.446102142334,0.));
#3516=IFCVERTEXPOINT(#3515);
#3517=IFCCARTESIANPOINT((6.40326929092407,17.446102142334,-4.));
#3518=IFCVERTEXPOINT(#3517);
#3519=IFCCARTESIANPOINT((6.40326929092407,17.446102142334,0.));
#3520=IFCDIRECTION((0.,0.,-1.));
#3521=IFCVECTOR(#3520,1.);
#3522=IFCLINE(#3519,#3521);
#3523=IFCEDGECURVE(#3516,#3518,#3522,.T.);
#3524=IFCORIENTEDEDGE(*,*,#3523,.T.);
#3525=IFCEDGELOOP((#3504,#3514,#3524));
#3526=IFCFACEOUTERBOUND(#3525,.T.);
#3527=IFCCARTESIANPOINT((6.32546068366751,17.446102142334,-1.92780851188913));
#3528=IFCDIRECTION((0.,1.,0.));
#3529=IFCDIRECTION((0.,-0.,1.));
#3530=IFCAXIS2PLACEMENT3D(#3527,#3528,#3529);
#3531=IFCPLANE(#3530);
#3532=IFCADVANCEDFACE((#3526),#3531,.T.);
#3533=IFCCARTESIANPOINT((6.40326929092407,17.446102142334,0.));
#3534=IFCVERTEXPOINT(#3533);
#3535=IFCCARTESIANPOINT((6.10326910018921,17.446102142334,0.));
#3536=IFCVERTEXPOINT(#3535);
#3537=IFCCARTESIANPOINT((6.40326929092407,17.446102142334,0.));
#3538=IFCDIRECTION((-1.,0.,0.));
#3539=IFCVECTOR(#3538,1.);
#3540=IFCLINE(#3537,#3539);
#3541=IFCEDGECURVE(#3534,#3536,#3540,.T.);
#3542=IFCORIENTEDEDGE(*,*,#3541,.T.);
#3543=IFCCARTESIANPOINT((6.10326910018921,17.446102142334,0.));
#3544=IFCVERTEXPOINT(#3543);
#3545=IFCCARTESIANPOINT((6.10326910018921,11.446102142334,0.));
#3546=IFCVERTEXPOINT(#3545);
#3547=IFCCARTESIANPOINT((6.10326910018921,17.446102142334,0.));
#3548=IFCDIRECTION((0.,-1.,0.));
#3549=IFCVECTOR(#3548,1.);
#3550=IFCLINE(#3547,#3549);
#3551=IFCEDGECURVE(#3544,#3546,#3550,.T.);
#3552=IFCORIENTEDEDGE(*,*,#3551,.T.);
#3553=IFCCARTESIANPOINT((6.10326910018921,11.446102142334,0.));
#3554=IFCVERTEXPOINT(#3553);
#3555=IFCCARTESIANPOINT((6.40326929092407,17.446102142334,0.));
#3556=IFCVERTEXPOINT(#3555);
#3557=IFCCARTESIANPOINT((6.10326910018921,11.446102142334,0.));
#3558=IFCDIRECTION((0.0499376486141982,0.998752337294329,0.));
#3559=IFCVECTOR(#3558,1.);
#3560=IFCLINE(#3557,#3559);
#3561=IFCEDGECURVE(#3554,#3556,#3560,.T.);
#3562=IFCORIENTEDEDGE(*,*,#3561,.T.);
#3563=IFCEDGELOOP((#3542,#3552,#3562));
#3564=IFCFACEOUTERBOUND(#3563,.T.);
#3565=IFCCARTESIANPOINT((6.18014297984169,14.5192283580489,0.));
#3566=IFCDIRECTION((0.,0.,1.));
#3567=IFCDIRECTION((1.,0.,-0.));
#3568=IFCAXIS2PLACEMENT3D(#3565,#3566,#3567);
#3569=IFCPLANE(#3568);
#3570=IFCADVANCEDFACE((#3564),#3569,.T.);
#3571=IFCCARTESIANPOINT((6.40326929092407,17.446102142334,0.));
#3572=IFCVERTEXPOINT(#3571);
#3573=IFCCARTESIANPOINT((6.10326910018921,11.446102142334,0.));
#3574=IFCVERTEXPOINT(#3573);
#3575=IFCCARTESIANPOINT((6.40326929092407,17.446102142334,0.));
#3576=IFCDIRECTION((-0.0499376486141982,-0.998752337294329,0.));
#3577=IFCVECTOR(#3576,1.);
#3578=IFCLINE(#3575,#3577);
#3579=IFCEDGECURVE(#3572,#3574,#3578,.T.);
#3580=IFCORIENTEDEDGE(*,*,#3579,.T.);
#3581=IFCCARTESIANPOINT((6.10326910018921,11.446102142334,0.));
#3582=IFCVERTEXPOINT(#3581);
#3583=IFCCARTESIANPOINT((6.40326929092407,11.446102142334,0.));
#3584=IFCVERTEXPOINT(#3583);
#3585=IFCCARTESIANPOINT((6.10326910018921,11.446102142334,0.));
#3586=IFCDIRECTION((1.,0.,0.));
#3587=IFCVECTOR(#3586,1.);
#3588=IFCLINE(#3585,#3587);
#3589=IFCEDGECURVE(#3582,#3584,#3588,.T.);
#3590=IFCORIENTEDEDGE(*,*,#3589,.T.);
#3591=IFCCARTESIANPOINT((6.40326929092407,11.446102142334,0.));
#3592=IFCVERTEXPOINT(#3591);
#3593=IFCCARTESIANPOINT((6.40326929092407,17.446102142334,0.));
#3594=IFCVERTEXPOINT(#3593);
#3595=IFCCARTESIANPOINT((6.40326929092407,11.446102142334,0.));
#3596=IFCDIRECTION((0.,1.,0.));
#3597=IFCVECTOR(#3596,1.);
#3598=IFCLINE(#3595,#3597);
#3599=IFCEDGECURVE(#3592,#3594,#3598,.T.);
#3600=IFCORIENTEDEDGE(*,*,#3599,.T.);
#3601=IFCEDGELOOP((#3580,#3590,#3600));
#3602=IFCFACEOUTERBOUND(#3601,.T.);
#3603=IFCCARTESIANPOINT((6.32639541127159,14.372975926619,0.));
#3604=IFCDIRECTION((0.,0.,1.));
#3605=IFCDIRECTION((1.,0.,-0.));
#3606=IFCAXIS2PLACEMENT3D(#3603,#3604,#3605);
#3607=IFCPLANE(#3606);
#3608=IFCADVANCEDFACE((#3602),#3607,.T.);
#3609=IFCCARTESIANPOINT((6.40326929092407,11.446102142334,0.));
#3610=IFCVERTEXPOINT(#3609);
#3611=IFCCARTESIANPOINT((6.10326910018921,11.446102142334,0.));
#3612=IFCVERTEXPOINT(#3611);
#3613=IFCCARTESIANPOINT((6.40326929092407,11.446102142334,0.));
#3614=IFCDIRECTION((-1.,0.,0.));
#3615=IFCVECTOR(#3614,1.);
#3616=IFCLINE(#3613,#3615);
#3617=IFCEDGECURVE(#3610,#3612,#3616,.T.);
#3618=IFCORIENTEDEDGE(*,*,#3617,.T.);
#3619=IFCCARTESIANPOINT((6.10326910018921,11.446102142334,0.));
#3620=IFCVERTEXPOINT(#3619);
#3621=IFCCARTESIANPOINT((6.10326910018921,11.446102142334,-4.));
#3622=IFCVERTEXPOINT(#3621);
#3623=IFCCARTESIANPOINT((6.10326910018921,11.446102142334,0.));
#3624=IFCDIRECTION((0.,0.,-1.));
#3625=IFCVECTOR(#3624,1.);
#3626=IFCLINE(#3623,#3625);
#3627=IFCEDGECURVE(#3620,#3622,#3626,.T.);
#3628=IFCORIENTEDEDGE(*,*,#3627,.T.);
#3629=IFCCARTESIANPOINT((6.10326910018921,11.446102142334,-4.));
#3630=IFCVERTEXPOINT(#3629);
#3631=IFCCARTESIANPOINT((6.40326929092407,11.446102142334,0.));
#3632=IFCVERTEXPOINT(#3631);
#3633=IFCCARTESIANPOINT((6.10326910018921,11.446102142334,-4.));
#3634=IFCDIRECTION((0.0747899955258289,0.,0.997199306342141));
#3635=IFCVECTOR(#3634,1.);
#3636=IFCLINE(#3633,#3635);
#3637=IFCEDGECURVE(#3630,#3632,#3636,.T.);
#3638=IFCORIENTEDEDGE(*,*,#3637,.T.);
#3639=IFCEDGELOOP((#3618,#3628,#3638));
#3640=IFCFACEOUTERBOUND(#3639,.T.);
#3641=IFCCARTESIANPOINT((6.18107770744577,11.446102142334,-1.92780851188913));
#3642=IFCDIRECTION((-0.,-1.,-0.));
#3643=IFCDIRECTION((0.,0.,-1.));
#3644=IFCAXIS2PLACEMENT3D(#3641,#3642,#3643);
#3645=IFCPLANE(#3644);
#3646=IFCADVANCEDFACE((#3640),#3645,.T.);
#3647=IFCCARTESIANPOINT((6.40326929092407,11.446102142334,0.));
#3648=IFCVERTEXPOINT(#3647);
#3649=IFCCARTESIANPOINT((6.10326910018921,11.446102142334,-4.));
#3650=IFCVERTEXPOINT(#3649);
#3651=IFCCARTESIANPOINT((6.40326929092407,11.446102142334,0.));
#3652=IFCDIRECTION((-0.0747899955258289,0.,-0.997199306342141));
#3653=IFCVECTOR(#3652,1.);
#3654=IFCLINE(#3651,#3653);
#3655=IFCEDGECURVE(#3648,#3650,#3654,.T.);
#3656=IFCORIENTEDEDGE(*,*,#3655,.T.);
#3657=IFCCARTESIANPOINT((6.10326910018921,11.446102142334,-4.));
#3658=IFCVERTEXPOINT(#3657);
#3659=IFCCARTESIANPOINT((6.40326929092407,11.446102142334,-4.));
#3660=IFCVERTEXPOINT(#3659);
#3661=IFCCARTESIANPOINT((6.10326910018921,11.446102142334,-4.));
#3662=IFCDIRECTION((1.,0.,0.));
#3663=IFCVECTOR(#3662,1.);
#3664=IFCLINE(#3661,#3663);
#3665=IFCEDGECURVE(#3658,#3660,#3664,.T.);
#3666=IFCORIENTEDEDGE(*,*,#3665,.T.);
#3667=IFCCARTESIANPOINT((6.40326929092407,11.446102142334,-4.));
#3668=IFCVERTEXPOINT(#3667);
#3669=IFCCARTESIANPOINT((6.40326929092407,11.446102142334,0.));
#3670=IFCVERTEXPOINT(#3669);
#3671=IFCCARTESIANPOINT((6.40326929092407,11.446102142334,-4.));
#3672=IFCDIRECTION((0.,0.,1.));
#3673=IFCVECTOR(#3672,1.);
#3674=IFCLINE(#3671,#3673);
#3675=IFCEDGECURVE(#3668,#3670,#3674,.T.);
#3676=IFCORIENTEDEDGE(*,*,#3675,.T.);
#3677=IFCEDGELOOP((#3656,#3666,#3676));
#3678=IFCFACEOUTERBOUND(#3677,.T.);
#3679=IFCCARTESIANPOINT((6.32546068366751,11.446102142334,-2.07219148811087));
#3680=IFCDIRECTION((-0.,-1.,-0.));
#3681=IFCDIRECTION((0.,0.,-1.));
#3682=IFCAXIS2PLACEMENT3D(#3679,#3680,#3681);
#3683=IFCPLANE(#3682);
#3684=IFCADVANCEDFACE((#3678),#3683,.T.);
#3685=IFCCARTESIANPOINT((6.40326929092407,11.446102142334,-4.));
#3686=IFCVERTEXPOINT(#3685);
#3687=IFCCARTESIANPOINT((6.10326910018921,11.446102142334,-4.));
#3688=IFCVERTEXPOINT(#3687);
#3689=IFCCARTESIANPOINT((6.40326929092407,11.446102142334,-4.));
#3690=IFCDIRECTION((-1.,0.,0.));
#3691=IFCVECTOR(#3690,1.);
#3692=IFCLINE(#3689,#3691);
#3693=IFCEDGECURVE(#3686,#3688,#3692,.T.);
#3694=IFCORIENTEDEDGE(*,*,#3693,.T.);
#3695=IFCCARTESIANPOINT((6.10326910018921,11.446102142334,-4.));
#3696=IFCVERTEXPOINT(#3695);
#3697=IFCCARTESIANPOINT((6.10326910018921,17.446102142334,-4.));
#3698=IFCVERTEXPOINT(#3697);
#3699=IFCCARTESIANPOINT((6.10326910018921,11.446102142334,-4.));
#3700=IFCDIRECTION((0.,1.,0.));
#3701=IFCVECTOR(#3700,1.);
#3702=IFCLINE(#3699,#3701);
#3703=IFCEDGECURVE(#3696,#3698,#3702,.T.);
#3704=IFCORIENTEDEDGE(*,*,#3703,.T.);
#3705=IFCCARTESIANPOINT((6.10326910018921,17.446102142334,-4.));
#3706=IFCVERTEXPOINT(#3705);
#3707=IFCCARTESIANPOINT((6.40326929092407,11.446102142334,-4.));
#3708=IFCVERTEXPOINT(#3707);
#3709=IFCCARTESIANPOINT((6.10326910018921,17.446102142334,-4.));
#3710=IFCDIRECTION((0.0499376486141982,-0.998752337294329,0.));
#3711=IFCVECTOR(#3710,1.);
#3712=IFCLINE(#3709,#3711);
#3713=IFCEDGECURVE(#3706,#3708,#3712,.T.);
#3714=IFCORIENTEDEDGE(*,*,#3713,.T.);
#3715=IFCEDGELOOP((#3694,#3704,#3714));
#3716=IFCFACEOUTERBOUND(#3715,.T.);
#3717=IFCCARTESIANPOINT((6.18014297984169,14.372975926619,-4.));
#3718=IFCDIRECTION((-0.,-0.,-1.));
#3719=IFCDIRECTION((-1.,0.,0.));
#3720=IFCAXIS2PLACEMENT3D(#3717,#3718,#3719);
#3721=IFCPLANE(#3720);
#3722=IFCADVANCEDFACE((#3716),#3721,.T.);
#3723=IFCCARTESIANPOINT((6.40326929092407,11.446102142334,-4.));
#3724=IFCVERTEXPOINT(#3723);
#3725=IFCCARTESIANPOINT((6.10326910018921,17.446102142334,-4.));
#3726=IFCVERTEXPOINT(#3725);
#3727=IFCCARTESIANPOINT((6.40326929092407,11.446102142334,-4.));
#3728=IFCDIRECTION((-0.0499376486141982,0.998752337294329,0.));
#3729=IFCVECTOR(#3728,1.);
#3730=IFCLINE(#3727,#3729);
#3731=IFCEDGECURVE(#3724,#3726,#3730,.T.);
#3732=IFCORIENTEDEDGE(*,*,#3731,.T.);
#3733=IFCCARTESIANPOINT((6.10326910018921,17.446102142334,-4.));
#3734=IFCVERTEXPOINT(#3733);
#3735=IFCCARTESIANPOINT((6.40326929092407,17.446102142334,-4.));
#3736=IFCVERTEXPOINT(#3735);
#3737=IFCCARTESIANPOINT((6.10326910018921,17.446102142334,-4.));
#3738=IFCDIRECTION((1.,0.,0.));
#3739=IFCVECTOR(#3738,1.);
#3740=IFCLINE(#3737,#3739);
#3741=IFCEDGECURVE(#3734,#3736,#3740,.T.);
#3742=IFCORIENTEDEDGE(*,*,#3741,.T.);
#3743=IFCCARTESIANPOINT((6.40326929092407,17.446102142334,-4.));
#3744=IFCVERTEXPOINT(#3743);
#3745=IFCCARTESIANPOINT((6.40326929092407,11.446102142334,-4.));
#3746=IFCVERTEXPOINT(#3745);
#3747=IFCCARTESIANPOINT((6.40326929092407,17.446102142334,-4.));
#3748=IFCDIRECTION((0.,-1.,0.));
#3749=IFCVECTOR(#3748,1.);
#3750=IFCLINE(#3747,#3749);
#3751=IFCEDGECURVE(#3744,#3746,#3750,.T.);
#3752=IFCORIENTEDEDGE(*,*,#3751,.T.);
#3753=IFCEDGELOOP((#3732,#3742,#3752));
#3754=IFCFACEOUTERBOUND(#3753,.T.);
#3755=IFCCARTESIANPOINT((6.32639541127159,14.5192283580489,-4.));
#3756=IFCDIRECTION((-0.,-0.,-1.));
#3757=IFCDIRECTION((-1.,0.,0.));
#3758=IFCAXIS2PLACEMENT3D(#3755,#3756,#3757);
#3759=IFCPLANE(#3758);
#3760=IFCADVANCEDFACE((#3754),#3759,.T.);
#3761=IFCCLOSEDSHELL((#3342,#3380,#3418,#3456,#3494,#3532,#3570,#3608,#3646,#3684,#3722,#3760));
#3762=IFCADVANCEDBREP(#3761);
#3763=IFCSTYLEDITEM(#3762,(#555),$);
#3764=IFCSHAPEREPRESENTATION(#557,'Body','AdvancedBrep',(#3762));
#3765=IFCPRODUCTDEFINITIONSHAPE($,$,(#3764));
#3766=IFCBUILDINGELEMENTPROXY('2vGABdHajAsw$2zob8bHmJ',$,'Surface 6','',$,#42,#3765,$,$);
#3767=IFCRELASSOCIATESMATERIAL('234Hkyz$5AyRe$Ptqz7vfS',$,$,$,(#3766),#45);

/* Surface 8 */
#3768=IFCCARTESIANPOINT((-2.59673094749451,17.446102142334,-8.));
#3769=IFCVERTEXPOINT(#3768);
#3770=IFCCARTESIANPOINT((-2.59673094749451,17.446102142334,-4.));
#3771=IFCVERTEXPOINT(#3770);
#3772=IFCCARTESIANPOINT((-2.59673094749451,17.446102142334,-8.));
#3773=IFCDIRECTION((0.,0.,1.));
#3774=IFCVECTOR(#3773,1.);
#3775=IFCLINE(#3772,#3774);
#3776=IFCEDGECURVE(#3769,#3771,#3775,.T.);
#3777=IFCORIENTEDEDGE(*,*,#3776,.T.);
#3778=IFCCARTESIANPOINT((-2.59673094749451,17.446102142334,-4.));
#3779=IFCVERTEXPOINT(#3778);
#3780=IFCCARTESIANPOINT((-2.59673094749451,11.446102142334,-4.));
#3781=IFCVERTEXPOINT(#3780);
#3782=IFCCARTESIANPOINT((-2.59673094749451,17.446102142334,-4.));
#3783=IFCDIRECTION((0.,-1.,0.));
#3784=IFCVECTOR(#3783,1.);
#3785=IFCLINE(#3782,#3784);
#3786=IFCEDGECURVE(#3779,#3781,#3785,.T.);
#3787=IFCORIENTEDEDGE(*,*,#3786,.T.);
#3788=IFCCARTESIANPOINT((-2.59673094749451,11.446102142334,-4.));
#3789=IFCVERTEXPOINT(#3788);
#3790=IFCCARTESIANPOINT((-2.59673094749451,17.446102142334,-8.));
#3791=IFCVERTEXPOINT(#3790);
#3792=IFCCARTESIANPOINT((-2.59673094749451,11.446102142334,-4.));
#3793=IFCDIRECTION((0.,0.832050294337844,-0.554700196225229));
#3794=IFCVECTOR(#3793,1.);
#3795=IFCLINE(#3792,#3794);
#3796=IFCEDGECURVE(#3789,#3791,#3795,.T.);
#3797=IFCORIENTEDEDGE(*,*,#3796,.T.);
#3798=IFCEDGELOOP((#3777,#3787,#3797));
#3799=IFCFACEOUTERBOUND(#3798,.T.);
#3800=IFCCARTESIANPOINT((-2.59673094749451,15.143326504602,-5.30277563773199));
#3801=IFCDIRECTION((1.,2.89418369336272E-32,-6.9351064560473E-32));
#3802=IFCDIRECTION((6.9351064560473E-32,0.,1.));
#3803=IFCAXIS2PLACEMENT3D(#3800,#3801,#3802);
#3804=IFCPLANE(#3803);
#3805=IFCADVANCEDFACE((#3799),#3804,.T.);
#3806=IFCCARTESIANPOINT((-2.59673094749451,17.446102142334,-8.));
#3807=IFCVERTEXPOINT(#3806);
#3808=IFCCARTESIANPOINT((-2.59673094749451,11.446102142334,-4.));
#3809=IFCVERTEXPOINT(#3808);
#3810=IFCCARTESIANPOINT((-2.59673094749451,17.446102142334,-8.));
#3811=IFCDIRECTION((0.,-0.832050294337844,0.554700196225229));
#3812=IFCVECTOR(#3811,1.);
#3813=IFCLINE(#3810,#3812);
#3814=IFCEDGECURVE(#3807,#3809,#3813,.T.);
#3815=IFCORIENTEDEDGE(*,*,#3814,.T.);
#3816=IFCCARTESIANPOINT((-2.59673094749451,11.446102142334,-4.));
#3817=IFCVERTEXPOINT(#3816);
#3818=IFCCARTESIANPOINT((-2.59673094749451,11.446102142334,-8.));
#3819=IFCVERTEXPOINT(#3818);
#3820=IFCCARTESIANPOINT((-2.59673094749451,11.446102142334,-4.));
#3821=IFCDIRECTION((0.,0.,-1.));
#3822=IFCVECTOR(#3821,1.);
#3823=IFCLINE(#3820,#3822);
#3824=IFCEDGECURVE(#3817,#3819,#3823,.T.);
#3825=IFCORIENTEDEDGE(*,*,#3824,.T.);
#3826=IFCCARTESIANPOINT((-2.59673094749451,11.446102142334,-8.));
#3827=IFCVERTEXPOINT(#3826);
#3828=IFCCARTESIANPOINT((-2.59673094749451,17.446102142334,-8.));
#3829=IFCVERTEXPOINT(#3828);
#3830=IFCCARTESIANPOINT((-2.59673094749451,11.446102142334,-8.));
#3831=IFCDIRECTION((0.,1.,0.));
#3832=IFCVECTOR(#3831,1.);
#3833=IFCLINE(#3830,#3832);
#3834=IFCEDGECURVE(#3827,#3829,#3833,.T.);
#3835=IFCORIENTEDEDGE(*,*,#3834,.T.);
#3836=IFCEDGELOOP((#3815,#3825,#3835));
#3837=IFCFACEOUTERBOUND(#3836,.T.);
#3838=IFCCARTESIANPOINT((-2.59673094749451,13.748877780066,-6.69722436226801));
#3839=IFCDIRECTION((1.,0.,0.));
#3840=IFCDIRECTION((-0.,0.,1.));
#3841=IFCAXIS2PLACEMENT3D(#3838,#3839,#3840);
#3842=IFCPLANE(#3841);
#3843=IFCADVANCEDFACE((#3837),#3842,.T.);
#3844=IFCCARTESIANPOINT((-2.89673113822937,17.446102142334,-8.));
#3845=IFCVERTEXPOINT(#3844);
#3846=IFCCARTESIANPOINT((-2.89673113822937,11.446102142334,-8.));
#3847=IFCVERTEXPOINT(#3846);
#3848=IFCCARTESIANPOINT((-2.89673113822937,17.446102142334,-8.));
#3849=IFCDIRECTION((0.,-1.,0.));
#3850=IFCVECTOR(#3849,1.);
#3851=IFCLINE(#3848,#3850);
#3852=IFCEDGECURVE(#3845,#3847,#3851,.T.);
#3853=IFCORIENTEDEDGE(*,*,#3852,.T.);
#3854=IFCCARTESIANPOINT((-2.89673113822937,11.446102142334,-8.));
#3855=IFCVERTEXPOINT(#3854);
#3856=IFCCARTESIANPOINT((-2.89673113822937,11.446102142334,-4.));
#3857=IFCVERTEXPOINT(#3856);
#3858=IFCCARTESIANPOINT((-2.89673113822937,11.446102142334,-8.));
#3859=IFCDIRECTION((0.,0.,1.));
#3860=IFCVECTOR(#3859,1.);
#3861=IFCLINE(#3858,#3860);
#3862=IFCEDGECURVE(#3855,#3857,#3861,.T.);
#3863=IFCORIENTEDEDGE(*,*,#3862,.T.);
#3864=IFCCARTESIANPOINT((-2.89673113822937,11.446102142334,-4.));
#3865=IFCVERTEXPOINT(#3864);
#3866=IFCCARTESIANPOINT((-2.89673113822937,17.446102142334,-8.));
#3867=IFCVERTEXPOINT(#3866);
#3868=IFCCARTESIANPOINT((-2.89673113822937,11.446102142334,-4.));
#3869=IFCDIRECTION((0.,0.832050294337844,-0.554700196225229));
#3870=IFCVECTOR(#3869,1.);
#3871=IFCLINE(#3868,#3870);
#3872=IFCEDGECURVE(#3865,#3867,#3871,.T.);
#3873=IFCORIENTEDEDGE(*,*,#3872,.T.);
#3874=IFCEDGELOOP((#3853,#3863,#3873));
#3875=IFCFACEOUTERBOUND(#3874,.T.);
#3876=IFCCARTESIANPOINT((-2.89673113822937,13.748877780066,-6.69722436226801));
#3877=IFCDIRECTION((-1.,-0.,-0.));
#3878=IFCDIRECTION((0.,0.,-1.));
#3879=IFCAXIS2PLACEMENT3D(#3876,#3877,#3878);
#3880=IFCPLANE(#3879);
#3881=IFCADVANCEDFACE((#3875),#3880,.T.);
#3882=IFCCARTESIANPOINT((-2.89673113822937,17.446102142334,-8.));
#3883=IFCVERTEXPOINT(#3882);
#3884=IFCCARTESIANPOINT((-2.89673113822937,11.446102142334,-4.));
#3885=IFCVERTEXPOINT(#3884);
#3886=IFCCARTESIANPOINT((-2.89673113822937,17.446102142334,-8.));
#3887=IFCDIRECTION((0.,-0.832050294337844,0.554700196225229));
#3888=IFCVECTOR(#3887,1.);
#3889=IFCLINE(#3886,#3888);
#3890=IFCEDGECURVE(#3883,#3885,#3889,.T.);
#3891=IFCORIENTEDEDGE(*,*,#3890,.T.);
#3892=IFCCARTESIANPOINT((-2.89673113822937,11.446102142334,-4.));
#3893=IFCVERTEXPOINT(#3892);
#3894=IFCCARTESIANPOINT((-2.89673113822937,17.446102142334,-4.));
#3895=IFCVERTEXPOINT(#3894);
#3896=IFCCARTESIANPOINT((-2.89673113822937,11.446102142334,-4.));
#3897=IFCDIRECTION((0.,1.,0.));
#3898=IFCVECTOR(#3897,1.);
#3899=IFCLINE(#3896,#3898);
#3900=IFCEDGECURVE(#3893,#3895,#3899,.T.);
#3901=IFCORIENTEDEDGE(*,*,#3900,.T.);
#3902=IFCCARTESIANPOINT((-2.89673113822937,17.446102142334,-4.));
#3903=IFCVERTEXPOINT(#3902);
#3904=IFCCARTESIANPOINT((-2.89673113822937,17.446102142334,-8.));
#3905=IFCVERTEXPOINT(#3904);
#3906=IFCCARTESIANPOINT((-2.89673113822937,17.446102142334,-4.));
#3907=IFCDIRECTION((0.,0.,-1.));
#3908=IFCVECTOR(#3907,1.);
#3909=IFCLINE(#3906,#3908);
#3910=IFCEDGECURVE(#3903,#3905,#3909,.T.);
#3911=IFCORIENTEDEDGE(*,*,#3910,.T.);
#3912=IFCEDGELOOP((#3891,#3901,#3911));
#3913=IFCFACEOUTERBOUND(#3912,.T.);
#3914=IFCCARTESIANPOINT((-2.89673113822937,15.143326504602,-5.30277563773199));
#3915=IFCDIRECTION((-1.,-0.,-0.));
#3916=IFCDIRECTION((0.,0.,-1.));
#3917=IFCAXIS2PLACEMENT3D(#3914,#3915,#3916);
#3918=IFCPLANE(#3917);
#3919=IFCADVANCEDFACE((#3913),#3918,.T.);
#3920=IFCCARTESIANPOINT((-2.59673094749451,17.446102142334,-8.));
#3921=IFCVERTEXPOINT(#3920);
#3922=IFCCARTESIANPOINT((-2.89673113822937,17.446102142334,-8.));
#3923=IFCVERTEXPOINT(#3922);
#3924=IFCCARTESIANPOINT((-2.59673094749451,17.446102142334,-8.));
#3925=IFCDIRECTION((-1.,0.,0.));
#3926=IFCVECTOR(#3925,1.);
#3927=IFCLINE(#3924,#3926);
#3928=IFCEDGECURVE(#3921,#3923,#3927,.T.);
#3929=IFCORIENTEDEDGE(*,*,#3928,.T.);
#3930=IFCCARTESIANPOINT((-2.89673113822937,17.446102142334,-8.));
#3931=IFCVERTEXPOINT(#3930);
#3932=IFCCARTESIANPOINT((-2.89673113822937,17.446102142334,-4.));
#3933=IFCVERTEXPOINT(#3932);
#3934=IFCCARTESIANPOINT((-2.89673113822937,17.446102142334,-8.));
#3935=IFCDIRECTION((0.,0.,1.));
#3936=IFCVECTOR(#3935,1.);
#3937=IFCLINE(#3934,#3936);
#3938=IFCEDGECURVE(#3931,#3933,#3937,.T.);
#3939=IFCORIENTEDEDGE(*,*,#3938,.T.);
#3940=IFCCARTESIANPOINT((-2.89673113822937,17.446102142334,-4.));
#3941=IFCVERTEXPOINT(#3940);
#3942=IFCCARTESIANPOINT((-2.59673094749451,17.446102142334,-8.));
#3943=IFCVERTEXPOINT(#3942);
#3944=IFCCARTESIANPOINT((-2.89673113822937,17.446102142334,-4.));
#3945=IFCDIRECTION((0.0747899955258289,0.,-0.997199306342141));
#3946=IFCVECTOR(#3945,1.);
#3947=IFCLINE(#3944,#3946);
#3948=IFCEDGECURVE(#3941,#3943,#3947,.T.);
#3949=IFCORIENTEDEDGE(*,*,#3948,.T.);
#3950=IFCEDGELOOP((#3929,#3939,#3949));
#3951=IFCFACEOUTERBOUND(#3950,.T.);
#3952=IFCCARTESIANPOINT((-2.81892253097281,17.446102142334,-6.07219148811087));
#3953=IFCDIRECTION((0.,1.,0.));
#3954=IFCDIRECTION((0.,-0.,1.));
#3955=IFCAXIS2PLACEMENT3D(#3952,#3953,#3954);
#3956=IFCPLANE(#3955);
#3957=IFCADVANCEDFACE((#3951),#3956,.T.);
#3958=IFCCARTESIANPOINT((-2.59673094749451,17.446102142334,-8.));
#3959=IFCVERTEXPOINT(#3958);
#3960=IFCCARTESIANPOINT((-2.89673113822937,17.446102142334,-4.));
#3961=IFCVERTEXPOINT(#3960);
#3962=IFCCARTESIANPOINT((-2.59673094749451,17.446102142334,-8.));
#3963=IFCDIRECTION((-0.0747899955258289,0.,0.997199306342141));
#3964=IFCVECTOR(#3963,1.);
#3965=IFCLINE(#3962,#3964);
#3966=IFCEDGECURVE(#3959,#3961,#3965,.T.);
#3967=IFCORIENTEDEDGE(*,*,#3966,.T.);
#3968=IFCCARTESIANPOINT((-2.89673113822937,17.446102142334,-4.));
#3969=IFCVERTEXPOINT(#3968);
#3970=IFCCARTESIANPOINT((-2.59673094749451,17.446102142334,-4.));
#3971=IFCVERTEXPOINT(#3970);
#3972=IFCCARTESIANPOINT((-2.89673113822937,17.446102142334,-4.));
#3973=IFCDIRECTION((1.,0.,0.));
#3974=IFCVECTOR(#3973,1.);
#3975=IFCLINE(#3972,#3974);
#3976=IFCEDGECURVE(#3969,#3971,#3975,.T.);
#3977=IFCORIENTEDEDGE(*,*,#3976,.T.);
#3978=IFCCARTESIANPOINT((-2.59673094749451,17.446102142334,-4.));
#3979=IFCVERTEXPOINT(#3978);
#3980=IFCCARTESIANPOINT((-2.59673094749451,17.446102142334,-8.));
#3981=IFCVERTEXPOINT(#3980);
#3982=IFCCARTESIANPOINT((-2.59673094749451,17.446102142334,-4.));
#3983=IFCDIRECTION((0.,0.,-1.));
#3984=IFCVECTOR(#3983,1.);
#3985=IFCLINE(#3982,#3984);
#3986=IFCEDGECURVE(#3979,#3981,#3985,.T.);
#3987=IFCORIENTEDEDGE(*,*,#3986,.T.);
#3988=IFCEDGELOOP((#3967,#3977,#3987));
#3989=IFCFACEOUTERBOUND(#3988,.T.);
#3990=IFCCARTESIANPOINT((-2.67453955475107,17.446102142334,-5.92780851188913));
#3991=IFCDIRECTION((0.,1.,0.));
#3992=IFCDIRECTION((0.,-0.,1.));
#3993=IFCAXIS2PLACEMENT3D(#3990,#3991,#3992);
#3994=IFCPLANE(#3993);
#3995=IFCADVANCEDFACE((#3989),#3994,.T.);
#3996=IFCCARTESIANPOINT((-2.59673094749451,17.446102142334,-4.));
#3997=IFCVERTEXPOINT(#3996);
#3998=IFCCARTESIANPOINT((-2.89673113822937,17.446102142334,-4.));
#3999=IFCVERTEXPOINT(#3998);
#4000=IFCCARTESIANPOINT((-2.59673094749451,17.446102142334,-4.));
#4001=IFCDIRECTION((-1.,0.,0.));
#4002=IFCVECTOR(#4001,1.);
#4003=IFCLINE(#4000,#4002);
#4004=IFCEDGECURVE(#3997,#3999,#4003,.T.);
#4005=IFCORIENTEDEDGE(*,*,#4004,.T.);
#4006=IFCCARTESIANPOINT((-2.89673113822937,17.446102142334,-4.));
#4007=IFCVERTEXPOINT(#4006);
#4008=IFCCARTESIANPOINT((-2.89673113822937,11.446102142334,-4.));
#4009=IFCVERTEXPOINT(#4008);
#4010=IFCCARTESIANPOINT((-2.89673113822937,17.446102142334,-4.));
#4011=IFCDIRECTION((0.,-1.,0.));
#4012=IFCVECTOR(#4011,1.);
#4013=IFCLINE(#4010,#4012);
#4014=IFCEDGECURVE(#4007,#4009,#4013,.T.);
#4015=IFCORIENTEDEDGE(*,*,#4014,.T.);
#4016=IFCCARTESIANPOINT((-2.89673113822937,11.446102142334,-4.));
#4017=IFCVERTEXPOINT(#4016);
#4018=IFCCARTESIANPOINT((-2.59673094749451,17.446102142334,-4.));
#4019=IFCVERTEXPOINT(#4018);
#4020=IFCCARTESIANPOINT((-2.89673113822937,11.446102142334,-4.));
#4021=IFCDIRECTION((0.0499376486141982,0.998752337294329,0.));
#4022=IFCVECTOR(#4021,1.);
#4023=IFCLINE(#4020,#4022);
#4024=IFCEDGECURVE(#4017,#4019,#4023,.T.);
#4025=IFCORIENTEDEDGE(*,*,#4024,.T.);
#4026=IFCEDGELOOP((#4005,#4015,#4025));
#4027=IFCFACEOUTERBOUND(#4026,.T.);
#4028=IFCCARTESIANPOINT((-2.81985725857688,14.5192283580489,-4.));
#4029=IFCDIRECTION((0.,0.,1.));
#4030=IFCDIRECTION((1.,0.,-0.));
#4031=IFCAXIS2PLACEMENT3D(#4028,#4029,#4030);
#4032=IFCPLANE(#4031);
#4033=IFCADVANCEDFACE((#4027),#4032,.T.);
#4034=IFCCARTESIANPOINT((-2.59673094749451,17.446102142334,-4.));
#4035=IFCVERTEXPOINT(#4034);
#4036=IFCCARTESIANPOINT((-2.89673113822937,11.446102142334,-4.));
#4037=IFCVERTEXPOINT(#4036);
#4038=IFCCARTESIANPOINT((-2.59673094749451,17.446102142334,-4.));
#4039=IFCDIRECTION((-0.0499376486141982,-0.998752337294329,0.));
#4040=IFCVECTOR(#4039,1.);
#4041=IFCLINE(#4038,#4040);
#4042=IFCEDGECURVE(#4035,#4037,#4041,.T.);
#4043=IFCORIENTEDEDGE(*,*,#4042,.T.);
#4044=IFCCARTESIANPOINT((-2.89673113822937,11.446102142334,-4.));
#4045=IFCVERTEXPOINT(#4044);
#4046=IFCCARTESIANPOINT((-2.59673094749451,11.446102142334,-4.));
#4047=IFCVERTEXPOINT(#4046);
#4048=IFCCARTESIANPOINT((-2.89673113822937,11.446102142334,-4.));
#4049=IFCDIRECTION((1.,0.,0.));
#4050=IFCVECTOR(#4049,1.);
#4051=IFCLINE(#4048,#4050);
#4052=IFCEDGECURVE(#4045,#4047,#4051,.T.);
#4053=IFCORIENTEDEDGE(*,*,#4052,.T.);
#4054=IFCCARTESIANPOINT((-2.59673094749451,11.446102142334,-4.));
#4055=IFCVERTEXPOINT(#4054);
#4056=IFCCARTESIANPOINT((-2.59673094749451,17.446102142334,-4.));
#4057=IFCVERTEXPOINT(#4056);
#4058=IFCCARTESIANPOINT((-2.59673094749451,11.446102142334,-4.));
#4059=IFCDIRECTION((0.,1.,0.));
#4060=IFCVECTOR(#4059,1.);
#4061=IFCLINE(#4058,#4060);
#4062=IFCEDGECURVE(#4055,#4057,#4061,.T.);
#4063=IFCORIENTEDEDGE(*,*,#4062,.T.);
#4064=IFCEDGELOOP((#4043,#4053,#4063));
#4065=IFCFACEOUTERBOUND(#4064,.T.);
#4066=IFCCARTESIANPOINT((-2.67360482714699,14.372975926619,-4.));
#4067=IFCDIRECTION((0.,0.,1.));
#4068=IFCDIRECTION((1.,0.,-0.));
#4069=IFCAXIS2PLACEMENT3D(#4066,#4067,#4068);
#4070=IFCPLANE(#4069);
#4071=IFCADVANCEDFACE((#4065),#4070,.T.);
#4072=IFCCARTESIANPOINT((-2.59673094749451,11.446102142334,-4.));
#4073=IFCVERTEXPOINT(#4072);
#4074=IFCCARTESIANPOINT((-2.89673113822937,11.446102142334,-4.));
#4075=IFCVERTEXPOINT(#4074);
#4076=IFCCARTESIANPOINT((-2.59673094749451,11.446102142334,-4.));
#4077=IFCDIRECTION((-1.,0.,0.));
#4078=IFCVECTOR(#4077,1.);
#4079=IFCLINE(#4076,#4078);
#4080=IFCEDGECURVE(#4073,#4075,#4079,.T.);
#4081=IFCORIENTEDEDGE(*,*,#4080,.T.);
#4082=IFCCARTESIANPOINT((-2.89673113822937,11.446102142334,-4.));
#4083=IFCVERTEXPOINT(#4082);
#4084=IFCCARTESIANPOINT((-2.89673113822937,11.446102142334,-8.));
#4085=IFCVERTEXPOINT(#4084);
#4086=IFCCARTESIANPOINT((-2.89673113822937,11.446102142334,-4.));
#4087=IFCDIRECTION((0.,0.,-1.));
#4088=IFCVECTOR(#4087,1.);
#4089=IFCLINE(#4086,#4088);
#4090=IFCEDGECURVE(#4083,#4085,#4089,.T.);
#4091=IFCORIENTEDEDGE(*,*,#4090,.T.);
#4092=IFCCARTESIANPOINT((-2.89673113822937,11.446102142334,-8.));
#4093=IFCVERTEXPOINT(#4092);
#4094=IFCCARTESIANPOINT((-2.59673094749451,11.446102142334,-4.));
#4095=IFCVERTEXPOINT(#4094);
#4096=IFCCARTESIANPOINT((-2.89673113822937,11.446102142334,-8.));
#4097=IFCDIRECTION((0.0747899955258289,0.,0.997199306342141));
#4098=IFCVECTOR(#4097,1.);
#4099=IFCLINE(#4096,#4098);
#4100=IFCEDGECURVE(#4093,#4095,#4099,.T.);
#4101=IFCORIENTEDEDGE(*,*,#4100,.T.);
#4102=IFCEDGELOOP((#4081,#4091,#4101));
#4103=IFCFACEOUTERBOUND(#4102,.T.);
#4104=IFCCARTESIANPOINT((-2.81892253097281,11.446102142334,-5.92780851188913));
#4105=IFCDIRECTION((-0.,-1.,-0.));
#4106=IFCDIRECTION((0.,0.,-1.));
#4107=IFCAXIS2PLACEMENT3D(#4104,#4105,#4106);
#4108=IFCPLANE(#4107);
#4109=IFCADVANCEDFACE((#4103),#4108,.T.);
#4110=IFCCARTESIANPOINT((-2.59673094749451,11.446102142334,-4.));
#4111=IFCVERTEXPOINT(#4110);
#4112=IFCCARTESIANPOINT((-2.89673113822937,11.446102142334,-8.));
#4113=IFCVERTEXPOINT(#4112);
#4114=IFCCARTESIANPOINT((-2.59673094749451,11.446102142334,-4.));
#4115=IFCDIRECTION((-0.0747899955258289,0.,-0.997199306342141));
#4116=IFCVECTOR(#4115,1.);
#4117=IFCLINE(#4114,#4116);
#4118=IFCEDGECURVE(#4111,#4113,#4117,.T.);
#4119=IFCORIENTEDEDGE(*,*,#4118,.T.);
#4120=IFCCARTESIANPOINT((-2.89673113822937,11.446102142334,-8.));
#4121=IFCVERTEXPOINT(#4120);
#4122=IFCCARTESIANPOINT((-2.59673094749451,11.446102142334,-8.));
#4123=IFCVERTEXPOINT(#4122);
#4124=IFCCARTESIANPOINT((-2.89673113822937,11.446102142334,-8.));
#4125=IFCDIRECTION((1.,0.,0.));
#4126=IFCVECTOR(#4125,1.);
#4127=IFCLINE(#4124,#4126);
#4128=IFCEDGECURVE(#4121,#4123,#4127,.T.);
#4129=IFCORIENTEDEDGE(*,*,#4128,.T.);
#4130=IFCCARTESIANPOINT((-2.59673094749451,11.446102142334,-8.));
#4131=IFCVERTEXPOINT(#4130);
#4132=IFCCARTESIANPOINT((-2.59673094749451,11.446102142334,-4.));
#4133=IFCVERTEXPOINT(#4132);
#4134=IFCCARTESIANPOINT((-2.59673094749451,11.446102142334,-8.));
#4135=IFCDIRECTION((0.,0.,1.));
#4136=IFCVECTOR(#4135,1.);
#4137=IFCLINE(#4134,#4136);
#4138=IFCEDGECURVE(#4131,#4133,#4137,.T.);
#4139=IFCORIENTEDEDGE(*,*,#4138,.T.);
#4140=IFCEDGELOOP((#4119,#4129,#4139));
#4141=IFCFACEOUTERBOUND(#4140,.T.);
#4142=IFCCARTESIANPOINT((-2.67453955475107,11.446102142334,-6.07219148811087));
#4143=IFCDIRECTION((-0.,-1.,-0.));
#4144=IFCDIRECTION((0.,0.,-1.));
#4145=IFCAXIS2PLACEMENT3D(#4142,#4143,#4144);
#4146=IFCPLANE(#4145);
#4147=IFCADVANCEDFACE((#4141),#4146,.T.);
#4148=IFCCARTESIANPOINT((-2.59673094749451,11.446102142334,-8.));
#4149=IFCVERTEXPOINT(#4148);
#4150=IFCCARTESIANPOINT((-2.89673113822937,11.446102142334,-8.));
#4151=IFCVERTEXPOINT(#4150);
#4152=IFCCARTESIANPOINT((-2.59673094749451,11.446102142334,-8.));
#4153=IFCDIRECTION((-1.,0.,0.));
#4154=IFCVECTOR(#4153,1.);
#4155=IFCLINE(#4152,#4154);
#4156=IFCEDGECURVE(#4149,#4151,#4155,.T.);
#4157=IFCORIENTEDEDGE(*,*,#4156,.T.);
#4158=IFCCARTESIANPOINT((-2.89673113822937,11.446102142334,-8.));
#4159=IFCVERTEXPOINT(#4158);
#4160=IFCCARTESIANPOINT((-2.89673113822937,17.446102142334,-8.));
#4161=IFCVERTEXPOINT(#4160);
#4162=IFCCARTESIANPOINT((-2.89673113822937,11.446102142334,-8.));
#4163=IFCDIRECTION((0.,1.,0.));
#4164=IFCVECTOR(#4163,1.);
#4165=IFCLINE(#4162,#4164);
#4166=IFCEDGECURVE(#4159,#4161,#4165,.T.);
#4167=IFCORIENTEDEDGE(*,*,#4166,.T.);
#4168=IFCCARTESIANPOINT((-2.89673113822937,17.446102142334,-8.));
#4169=IFCVERTEXPOINT(#4168);
#4170=IFCCARTESIANPOINT((-2.59673094749451,11.446102142334,-8.));
#4171=IFCVERTEXPOINT(#4170);
#4172=IFCCARTESIANPOINT((-2.89673113822937,17.446102142334,-8.));
#4173=IFCDIRECTION((0.0499376486141982,-0.998752337294329,0.));
#4174=IFCVECTOR(#4173,1.);
#4175=IFCLINE(#4172,#4174);
#4176=IFCEDGECURVE(#4169,#4171,#4175,.T.);
#4177=IFCORIENTEDEDGE(*,*,#4176,.T.);
#4178=IFCEDGELOOP((#4157,#4167,#4177));
#4179=IFCFACEOUTERBOUND(#4178,.T.);
#4180=IFCCARTESIANPOINT((-2.81985725857688,14.372975926619,-8.));
#4181=IFCDIRECTION((-0.,-0.,-1.));
#4182=IFCDIRECTION((-1.,0.,0.));
#4183=IFCAXIS2PLACEMENT3D(#4180,#4181,#4182);
#4184=IFCPLANE(#4183);
#4185=IFCADVANCEDFACE((#4179),#4184,.T.);
#4186=IFCCARTESIANPOINT((-2.59673094749451,11.446102142334,-8.));
#4187=IFCVERTEXPOINT(#4186);
#4188=IFCCARTESIANPOINT((-2.89673113822937,17.446102142334,-8.));
#4189=IFCVERTEXPOINT(#4188);
#4190=IFCCARTESIANPOINT((-2.59673094749451,11.446102142334,-8.));
#4191=IFCDIRECTION((-0.0499376486141982,0.998752337294329,0.));
#4192=IFCVECTOR(#4191,1.);
#4193=IFCLINE(#4190,#4192);
#4194=IFCEDGECURVE(#4187,#4189,#4193,.T.);
#4195=IFCORIENTEDEDGE(*,*,#4194,.T.);
#4196=IFCCARTESIANPOINT((-2.89673113822937,17.446102142334,-8.));
#4197=IFCVERTEXPOINT(#4196);
#4198=IFCCARTESIANPOINT((-2.59673094749451,17.446102142334,-8.));
#4199=IFCVERTEXPOINT(#4198);
#4200=IFCCARTESIANPOINT((-2.89673113822937,17.446102142334,-8.));
#4201=IFCDIRECTION((1.,0.,0.));
#4202=IFCVECTOR(#4201,1.);
#4203=IFCLINE(#4200,#4202);
#4204=IFCEDGECURVE(#4197,#4199,#4203,.T.);
#4205=IFCORIENTEDEDGE(*,*,#4204,.T.);
#4206=IFCCARTESIANPOINT((-2.59673094749451,17.446102142334,-8.));
#4207=IFCVERTEXPOINT(#4206);
#4208=IFCCARTESIANPOINT((-2.59673094749451,11.446102142334,-8.));
#4209=IFCVERTEXPOINT(#4208);
#4210=IFCCARTESIANPOINT((-2.59673094749451,17.446102142334,-8.));
#4211=IFCDIRECTION((0.,-1.,0.));
#4212=IFCVECTOR(#4211,1.);
#4213=IFCLINE(#4210,#4212);
#4214=IFCEDGECURVE(#4207,#4209,#4213,.T.);
#4215=IFCORIENTEDEDGE(*,*,#4214,.T.);
#4216=IFCEDGELOOP((#4195,#4205,#4215));
#4217=IFCFACEOUTERBOUND(#4216,.T.);
#4218=IFCCARTESIANPOINT((-2.67360482714699,14.5192283580489,-8.));
#4219=IFCDIRECTION((-0.,-0.,-1.));
#4220=IFCDIRECTION((-1.,0.,0.));
#4221=IFCAXIS2PLACEMENT3D(#4218,#4219,#4220);
#4222=IFCPLANE(#4221);
#4223=IFCADVANCEDFACE((#4217),#4222,.T.);
#4224=IFCCLOSEDSHELL((#3805,#3843,#3881,#3919,#3957,#3995,#4033,#4071,#4109,#4147,#4185,#4223));
#4225=IFCADVANCEDBREP(#4224);
#4226=IFCSTYLEDITEM(#4225,(#555),$);
#4227=IFCSHAPEREPRESENTATION(#557,'Body','AdvancedBrep',(#4225));
#4228=IFCPRODUCTDEFINITIONSHAPE($,$,(#4227));
#4229=IFCBUILDINGELEMENTPROXY('0npIv4rPD7bfDWYNp3md1g',$,'Surface 8','',$,#42,#4228,$,$);
#4230=IFCRELASSOCIATESMATERIAL('2RRA$PL6L9fwK9MYcD59UT',$,$,$,(#4229),#45);

/* Surface 10 */
#4231=IFCCARTESIANPOINT((6.25326919555664,11.2961025238037,-4.));
#4232=IFCVERTEXPOINT(#4231);
#4233=IFCCARTESIANPOINT((6.25326919555664,11.2961025238037,0.));
#4234=IFCVERTEXPOINT(#4233);
#4235=IFCCARTESIANPOINT((6.25326919555664,11.2961025238037,-4.));
#4236=IFCDIRECTION((0.,0.,1.));
#4237=IFCVECTOR(#4236,1.);
#4238=IFCLINE(#4235,#4237);
#4239=IFCEDGECURVE(#4232,#4234,#4238,.T.);
#4240=IFCORIENTEDEDGE(*,*,#4239,.T.);
#4241=IFCCARTESIANPOINT((6.25326919555664,11.2961025238037,0.));
#4242=IFCVERTEXPOINT(#4241);
#4243=IFCCARTESIANPOINT((0.603268980979919,11.2961025238037,0.));
#4244=IFCVERTEXPOINT(#4243);
#4245=IFCCARTESIANPOINT((6.25326919555664,11.2961025238037,0.));
#4246=IFCDIRECTION((-1.,0.,0.));
#4247=IFCVECTOR(#4246,1.);
#4248=IFCLINE(#4245,#4247);
#4249=IFCEDGECURVE(#4242,#4244,#4248,.T.);
#4250=IFCORIENTEDEDGE(*,*,#4249,.T.);
#4251=IFCCARTESIANPOINT((0.603268980979919,11.2961025238037,0.));
#4252=IFCVERTEXPOINT(#4251);
#4253=IFCCARTESIANPOINT((6.25326919555664,11.2961025238037,-4.));
#4254=IFCVERTEXPOINT(#4253);
#4255=IFCCARTESIANPOINT((0.603268980979919,11.2961025238037,0.));
#4256=IFCDIRECTION((0.816166416088032,0.,-0.577816909799304));
#4257=IFCVECTOR(#4256,1.);
#4258=IFCLINE(#4255,#4257);
#4259=IFCEDGECURVE(#4252,#4254,#4258,.T.);
#4260=IFCORIENTEDEDGE(*,*,#4259,.T.);
#4261=IFCEDGELOOP((#4240,#4250,#4260));
#4262=IFCFACEOUTERBOUND(#4261,.T.);
#4263=IFCCARTESIANPOINT((4.11011712560623,11.2961025238037,-1.31815196266205));
#4264=IFCDIRECTION((-0.,-1.,-0.));
#4265=IFCDIRECTION((0.,0.,-1.));
#4266=IFCAXIS2PLACEMENT3D(#4263,#4264,#4265);
#4267=IFCPLANE(#4266);
#4268=IFCADVANCEDFACE((#4262),#4267,.T.);
#4269=IFCCARTESIANPOINT((6.25326919555664,11.2961025238037,-4.));
#4270=IFCVERTEXPOINT(#4269);
#4271=IFCCARTESIANPOINT((0.603268980979919,11.2961025238037,0.));
#4272=IFCVERTEXPOINT(#4271);
#4273=IFCCARTESIANPOINT((6.25326919555664,11.2961025238037,-4.));
#4274=IFCDIRECTION((-0.816166416088032,0.,0.577816909799304));
#4275=IFCVECTOR(#4274,1.);
#4276=IFCLINE(#4273,#4275);
#4277=IFCEDGECURVE(#4270,#4272,#4276,.T.);
#4278=IFCORIENTEDEDGE(*,*,#4277,.T.);
#4279=IFCCARTESIANPOINT((0.603268980979919,11.2961025238037,0.));
#4280=IFCVERTEXPOINT(#4279);
#4281=IFCCARTESIANPOINT((0.603268980979919,11.2961025238037,-4.));
#4282=IFCVERTEXPOINT(#4281);
#4283=IFCCARTESIANPOINT((0.603268980979919,11.2961025238037,0.));
#4284=IFCDIRECTION((0.,0.,-1.));
#4285=IFCVECTOR(#4284,1.);
#4286=IFCLINE(#4283,#4285);
#4287=IFCEDGECURVE(#4280,#4282,#4286,.T.);
#4288=IFCORIENTEDEDGE(*,*,#4287,.T.);
#4289=IFCCARTESIANPOINT((0.603268980979919,11.2961025238037,-4.));
#4290=IFCVERTEXPOINT(#4289);
#4291=IFCCARTESIANPOINT((6.25326919555664,11.2961025238037,-4.));
#4292=IFCVERTEXPOINT(#4291);
#4293=IFCCARTESIANPOINT((0.603268980979919,11.2961025238037,-4.));
#4294=IFCDIRECTION((1.,0.,0.));
#4295=IFCVECTOR(#4294,1.);
#4296=IFCLINE(#4293,#4295);
#4297=IFCEDGECURVE(#4290,#4292,#4296,.T.);
#4298=IFCORIENTEDEDGE(*,*,#4297,.T.);
#4299=IFCEDGELOOP((#4278,#4288,#4298));
#4300=IFCFACEOUTERBOUND(#4299,.T.);
#4301=IFCCARTESIANPOINT((2.74642105093033,11.2961025238037,-2.68184803733795));
#4302=IFCDIRECTION((-0.,-1.,-0.));
#4303=IFCDIRECTION((0.,0.,-1.));
#4304=IFCAXIS2PLACEMENT3D(#4301,#4302,#4303);
#4305=IFCPLANE(#4304);
#4306=IFCADVANCEDFACE((#4300),#4305,.T.);
#4307=IFCCARTESIANPOINT((6.25326919555664,11.5961017608643,-4.));
#4308=IFCVERTEXPOINT(#4307);
#4309=IFCCARTESIANPOINT((0.603268980979919,11.5961017608643,-4.));
#4310=IFCVERTEXPOINT(#4309);
#4311=IFCCARTESIANPOINT((6.25326919555664,11.5961017608643,-4.));
#4312=IFCDIRECTION((-1.,0.,0.));
#4313=IFCVECTOR(#4312,1.);
#4314=IFCLINE(#4311,#4313);
#4315=IFCEDGECURVE(#4308,#4310,#4314,.T.);
#4316=IFCORIENTEDEDGE(*,*,#4315,.T.);
#4317=IFCCARTESIANPOINT((0.603268980979919,11.5961017608643,-4.));
#4318=IFCVERTEXPOINT(#4317);
#4319=IFCCARTESIANPOINT((0.603268980979919,11.5961017608643,0.));
#4320=IFCVERTEXPOINT(#4319);
#4321=IFCCARTESIANPOINT((0.603268980979919,11.5961017608643,-4.));
#4322=IFCDIRECTION((0.,0.,1.));
#4323=IFCVECTOR(#4322,1.);
#4324=IFCLINE(#4321,#4323);
#4325=IFCEDGECURVE(#4318,#4320,#4324,.T.);
#4326=IFCORIENTEDEDGE(*,*,#4325,.T.);
#4327=IFCCARTESIANPOINT((0.603268980979919,11.5961017608643,0.));
#4328=IFCVERTEXPOINT(#4327);
#4329=IFCCARTESIANPOINT((6.25326919555664,11.5961017608643,-4.));
#4330=IFCVERTEXPOINT(#4329);
#4331=IFCCARTESIANPOINT((0.603268980979919,11.5961017608643,0.));
#4332=IFCDIRECTION((0.816166416088032,0.,-0.577816909799304));
#4333=IFCVECTOR(#4332,1.);
#4334=IFCLINE(#4331,#4333);
#4335=IFCEDGECURVE(#4328,#4330,#4334,.T.);
#4336=IFCORIENTEDEDGE(*,*,#4335,.T.);
#4337=IFCEDGELOOP((#4316,#4326,#4336));
#4338=IFCFACEOUTERBOUND(#4337,.T.);
#4339=IFCCARTESIANPOINT((2.74642105093033,11.5961017608643,-2.68184803733795));
#4340=IFCDIRECTION((0.,1.,0.));
#4341=IFCDIRECTION((0.,-0.,1.));
#4342=IFCAXIS2PLACEMENT3D(#4339,#4340,#4341);
#4343=IFCPLANE(#4342);
#4344=IFCADVANCEDFACE((#4338),#4343,.T.);
#4345=IFCCARTESIANPOINT((6.25326919555664,11.5961017608643,-4.));
#4346=IFCVERTEXPOINT(#4345);
#4347=IFCCARTESIANPOINT((0.603268980979919,11.5961017608643,0.));
#4348=IFCVERTEXPOINT(#4347);
#4349=IFCCARTESIANPOINT((6.25326919555664,11.5961017608643,-4.));
#4350=IFCDIRECTION((-0.816166416088032,0.,0.577816909799304));
#4351=IFCVECTOR(#4350,1.);
#4352=IFCLINE(#4349,#4351);
#4353=IFCEDGECURVE(#4346,#4348,#4352,.T.);
#4354=IFCORIENTEDEDGE(*,*,#4353,.T.);
#4355=IFCCARTESIANPOINT((0.603268980979919,11.5961017608643,0.));
#4356=IFCVERTEXPOINT(#4355);
#4357=IFCCARTESIANPOINT((6.25326919555664,11.5961017608643,0.));
#4358=IFCVERTEXPOINT(#4357);
#4359=IFCCARTESIANPOINT((0.603268980979919,11.5961017608643,0.));
#4360=IFCDIRECTION((1.,0.,0.));
#4361=IFCVECTOR(#4360,1.);
#4362=IFCLINE(#4359,#4361);
#4363=IFCEDGECURVE(#4356,#4358,#4362,.T.);
#4364=IFCORIENTEDEDGE(*,*,#4363,.T.);
#4365=IFCCARTESIANPOINT((6.25326919555664,11.5961017608643,0.));
#4366=IFCVERTEXPOINT(#4365);
#4367=IFCCARTESIANPOINT((6.25326919555664,11.5961017608643,-4.));
#4368=IFCVERTEXPOINT(#4367);
#4369=IFCCARTESIANPOINT((6.25326919555664,11.5961017608643,0.));
#4370=IFCDIRECTION((0.,0.,-1.));
#4371=IFCVECTOR(#4370,1.);
#4372=IFCLINE(#4369,#4371);
#4373=IFCEDGECURVE(#4366,#4368,#4372,.T.);
#4374=IFCORIENTEDEDGE(*,*,#4373,.T.);
#4375=IFCEDGELOOP((#4354,#4364,#4374));
#4376=IFCFACEOUTERBOUND(#4375,.T.);
#4377=IFCCARTESIANPOINT((4.11011712560623,11.5961017608643,-1.31815196266205));
#4378=IFCDIRECTION((-1.75483884203853E-31,1.,-1.16931463809674E-31));
#4379=IFCDIRECTION((1.,1.75483884203853E-31,0.));
#4380=IFCAXIS2PLACEMENT3D(#4377,#4378,#4379);
#4381=IFCPLANE(#4380);
#4382=IFCADVANCEDFACE((#4376),#4381,.T.);
#4383=IFCCARTESIANPOINT((6.25326919555664,11.2961025238037,-4.));
#4384=IFCVERTEXPOINT(#4383);
#4385=IFCCARTESIANPOINT((6.25326919555664,11.5961017608643,-4.));
#4386=IFCVERTEXPOINT(#4385);
#4387=IFCCARTESIANPOINT((6.25326919555664,11.2961025238037,-4.));
#4388=IFCDIRECTION((0.,1.,0.));
#4389=IFCVECTOR(#4388,1.);
#4390=IFCLINE(#4387,#4389);
#4391=IFCEDGECURVE(#4384,#4386,#4390,.T.);
#4392=IFCORIENTEDEDGE(*,*,#4391,.T.);
#4393=IFCCARTESIANPOINT((6.25326919555664,11.5961017608643,-4.));
#4394=IFCVERTEXPOINT(#4393);
#4395=IFCCARTESIANPOINT((6.25326919555664,11.5961017608643,0.));
#4396=IFCVERTEXPOINT(#4395);
#4397=IFCCARTESIANPOINT((6.25326919555664,11.5961017608643,-4.));
#4398=IFCDIRECTION((0.,0.,1.));
#4399=IFCVECTOR(#4398,1.);
#4400=IFCLINE(#4397,#4399);
#4401=IFCEDGECURVE(#4394,#4396,#4400,.T.);
#4402=IFCORIENTEDEDGE(*,*,#4401,.T.);
#4403=IFCCARTESIANPOINT((6.25326919555664,11.5961017608643,0.));
#4404=IFCVERTEXPOINT(#4403);
#4405=IFCCARTESIANPOINT((6.25326919555664,11.2961025238037,-4.));
#4406=IFCVERTEXPOINT(#4405);
#4407=IFCCARTESIANPOINT((6.25326919555664,11.5961017608643,0.));
#4408=IFCDIRECTION((0.,-0.0747897591048505,-0.997199324073697));
#4409=IFCVECTOR(#4408,1.);
#4410=IFCLINE(#4407,#4409);
#4411=IFCEDGECURVE(#4404,#4406,#4410,.T.);
#4412=IFCORIENTEDEDGE(*,*,#4411,.T.);
#4413=IFCEDGELOOP((#4392,#4402,#4412));
#4414=IFCFACEOUTERBOUND(#4413,.T.);
#4415=IFCCARTESIANPOINT((6.25326919555664,11.5182934098576,-2.07219126752359));
#4416=IFCDIRECTION((1.,-8.48239868569079E-29,3.23269407554556E-30));
#4417=IFCDIRECTION((8.48239868569079E-29,1.,0.));
#4418=IFCAXIS2PLACEMENT3D(#4415,#4416,#4417);
#4419=IFCPLANE(#4418);
#4420=IFCADVANCEDFACE((#4414),#4419,.T.);
#4421=IFCCARTESIANPOINT((6.25326919555664,11.2961025238037,-4.));
#4422=IFCVERTEXPOINT(#4421);
#4423=IFCCARTESIANPOINT((6.25326919555664,11.5961017608643,0.));
#4424=IFCVERTEXPOINT(#4423);
#4425=IFCCARTESIANPOINT((6.25326919555664,11.2961025238037,-4.));
#4426=IFCDIRECTION((0.,0.0747897591048505,0.997199324073697));
#4427=IFCVECTOR(#4426,1.);
#4428=IFCLINE(#4425,#4427);
#4429=IFCEDGECURVE(#4422,#4424,#4428,.T.);
#4430=IFCORIENTEDEDGE(*,*,#4429,.T.);
#4431=IFCCARTESIANPOINT((6.25326919555664,11.5961017608643,0.));
#4432=IFCVERTEXPOINT(#4431);
#4433=IFCCARTESIANPOINT((6.25326919555664,11.2961025238037,0.));
#4434=IFCVERTEXPOINT(#4433);
#4435=IFCCARTESIANPOINT((6.25326919555664,11.5961017608643,0.));
#4436=IFCDIRECTION((0.,-1.,0.));
#4437=IFCVECTOR(#4436,1.);
#4438=IFCLINE(#4435,#4437);
#4439=IFCEDGECURVE(#4432,#4434,#4438,.T.);
#4440=IFCORIENTEDEDGE(*,*,#4439,.T.);
#4441=IFCCARTESIANPOINT((6.25326919555664,11.2961025238037,0.));
#4442=IFCVERTEXPOINT(#4441);
#4443=IFCCARTESIANPOINT((6.25326919555664,11.2961025238037,-4.));
#4444=IFCVERTEXPOINT(#4443);
#4445=IFCCARTESIANPOINT((6.25326919555664,11.2961025238037,0.));
#4446=IFCDIRECTION((0.,0.,-1.));
#4447=IFCVECTOR(#4446,1.);
#4448=IFCLINE(#4445,#4447);
#4449=IFCEDGECURVE(#4442,#4444,#4448,.T.);
#4450=IFCORIENTEDEDGE(*,*,#4449,.T.);
#4451=IFCEDGELOOP((#4430,#4440,#4450));
#4452=IFCFACEOUTERBOUND(#4451,.T.);
#4453=IFCCARTESIANPOINT((6.25326919555664,11.3739108748104,-1.92780873247641));
#4454=IFCDIRECTION((1.,-1.85977761500168E-28,6.95942031359419E-30));
#4455=IFCDIRECTION((1.85977761500168E-28,1.,0.));
#4456=IFCAXIS2PLACEMENT3D(#4453,#4454,#4455);
#4457=IFCPLANE(#4456);
#4458=IFCADVANCEDFACE((#4452),#4457,.T.);
#4459=IFCCARTESIANPOINT((6.25326919555664,11.2961025238037,0.));
#4460=IFCVERTEXPOINT(#4459);
#4461=IFCCARTESIANPOINT((6.25326919555664,11.5961017608643,0.));
#4462=IFCVERTEXPOINT(#4461);
#4463=IFCCARTESIANPOINT((6.25326919555664,11.2961025238037,0.));
#4464=IFCDIRECTION((0.,1.,0.));
#4465=IFCVECTOR(#4464,1.);
#4466=IFCLINE(#4463,#4465);
#4467=IFCEDGECURVE(#4460,#4462,#4466,.T.);
#4468=IFCORIENTEDEDGE(*,*,#4467,.T.);
#4469=IFCCARTESIANPOINT((6.25326919555664,11.5961017608643,0.));
#4470=IFCVERTEXPOINT(#4469);
#4471=IFCCARTESIANPOINT((0.603268980979919,11.5961017608643,0.));
#4472=IFCVERTEXPOINT(#4471);
#4473=IFCCARTESIANPOINT((6.25326919555664,11.5961017608643,0.));
#4474=IFCDIRECTION((-1.,0.,0.));
#4475=IFCVECTOR(#4474,1.);
#4476=IFCLINE(#4473,#4475);
#4477=IFCEDGECURVE(#4470,#4472,#4476,.T.);
#4478=IFCORIENTEDEDGE(*,*,#4477,.T.);
#4479=IFCCARTESIANPOINT((0.603268980979919,11.5961017608643,0.));
#4480=IFCVERTEXPOINT(#4479);
#4481=IFCCARTESIANPOINT((6.25326919555664,11.2961025238037,0.));
#4482=IFCVERTEXPOINT(#4481);
#4483=IFCCARTESIANPOINT((0.603268980979919,11.5961017608643,0.));
#4484=IFCDIRECTION((0.998593316959451,-0.0530225171405661,0.));
#4485=IFCVECTOR(#4484,1.);
#4486=IFCLINE(#4483,#4485);
#4487=IFCEDGECURVE(#4480,#4482,#4486,.T.);
#4488=IFCORIENTEDEDGE(*,*,#4487,.T.);
#4489=IFCEDGELOOP((#4468,#4478,#4488));
#4490=IFCFACEOUTERBOUND(#4489,.T.);
#4491=IFCCARTESIANPOINT((3.50127915873135,11.5191122127971,0.));
#4492=IFCDIRECTION((0.,0.,1.));
#4493=IFCDIRECTION((1.,0.,-0.));
#4494=IFCAXIS2PLACEMENT3D(#4491,#4492,#4493);
#4495=IFCPLANE(#4494);
#4496=IFCADVANCEDFACE((#4490),#4495,.T.);
#4497=IFCCARTESIANPOINT((6.25326919555664,11.2961025238037,0.));
#4498=IFCVERTEXPOINT(#4497);
#4499=IFCCARTESIANPOINT((0.603268980979919,11.5961017608643,0.));
#4500=IFCVERTEXPOINT(#4499);
#4501=IFCCARTESIANPOINT((6.25326919555664,11.2961025238037,0.));
#4502=IFCDIRECTION((-0.998593316959451,0.0530225171405661,0.));
#4503=IFCVECTOR(#4502,1.);
#4504=IFCLINE(#4501,#4503);
#4505=IFCEDGECURVE(#4498,#4500,#4504,.T.);
#4506=IFCORIENTEDEDGE(*,*,#4505,.T.);
#4507=IFCCARTESIANPOINT((0.603268980979919,11.5961017608643,0.));
#4508=IFCVERTEXPOINT(#4507);
#4509=IFCCARTESIANPOINT((0.603268980979919,11.2961025238037,0.));
#4510=IFCVERTEXPOINT(#4509);
#4511=IFCCARTESIANPOINT((0.603268980979919,11.5961017608643,0.));
#4512=IFCDIRECTION((0.,-1.,0.));
#4513=IFCVECTOR(#4512,1.);
#4514=IFCLINE(#4511,#4513);
#4515=IFCEDGECURVE(#4508,#4510,#4514,.T.);
#4516=IFCORIENTEDEDGE(*,*,#4515,.T.);
#4517=IFCCARTESIANPOINT((0.603268980979919,11.2961025238037,0.));
#4518=IFCVERTEXPOINT(#4517);
#4519=IFCCARTESIANPOINT((6.25326919555664,11.2961025238037,0.));
#4520=IFCVERTEXPOINT(#4519);
#4521=IFCCARTESIANPOINT((0.603268980979919,11.2961025238037,0.));
#4522=IFCDIRECTION((1.,0.,0.));
#4523=IFCVECTOR(#4522,1.);
#4524=IFCLINE(#4521,#4523);
#4525=IFCEDGECURVE(#4518,#4520,#4524,.T.);
#4526=IFCORIENTEDEDGE(*,*,#4525,.T.);
#4527=IFCEDGELOOP((#4506,#4516,#4526));
#4528=IFCFACEOUTERBOUND(#4527,.T.);
#4529=IFCCARTESIANPOINT((3.35525901780521,11.3730920718709,0.));
#4530=IFCDIRECTION((0.,0.,1.));
#4531=IFCDIRECTION((1.,0.,-0.));
#4532=IFCAXIS2PLACEMENT3D(#4529,#4530,#4531);
#4533=IFCPLANE(#4532);
#4534=IFCADVANCEDFACE((#4528),#4533,.T.);
#4535=IFCCARTESIANPOINT((0.603268980979919,11.2961025238037,0.));
#4536=IFCVERTEXPOINT(#4535);
#4537=IFCCARTESIANPOINT((0.603268980979919,11.5961017608643,0.));
#4538=IFCVERTEXPOINT(#4537);
#4539=IFCCARTESIANPOINT((0.603268980979919,11.2961025238037,0.));
#4540=IFCDIRECTION((0.,1.,0.));
#4541=IFCVECTOR(#4540,1.);
#4542=IFCLINE(#4539,#4541);
#4543=IFCEDGECURVE(#4536,#4538,#4542,.T.);
#4544=IFCORIENTEDEDGE(*,*,#4543,.T.);
#4545=IFCCARTESIANPOINT((0.603268980979919,11.5961017608643,0.));
#4546=IFCVERTEXPOINT(#4545);
#4547=IFCCARTESIANPOINT((0.603268980979919,11.5961017608643,-4.));
#4548=IFCVERTEXPOINT(#4547);
#4549=IFCCARTESIANPOINT((0.603268980979919,11.5961017608643,0.));
#4550=IFCDIRECTION((0.,0.,-1.));
#4551=IFCVECTOR(#4550,1.);
#4552=IFCLINE(#4549,#4551);
#4553=IFCEDGECURVE(#4546,#4548,#4552,.T.);
#4554=IFCORIENTEDEDGE(*,*,#4553,.T.);
#4555=IFCCARTESIANPOINT((0.603268980979919,11.5961017608643,-4.));
#4556=IFCVERTEXPOINT(#4555);
#4557=IFCCARTESIANPOINT((0.603268980979919,11.2961025238037,0.));
#4558=IFCVERTEXPOINT(#4557);
#4559=IFCCARTESIANPOINT((0.603268980979919,11.5961017608643,-4.));
#4560=IFCDIRECTION((0.,-0.0747897591048505,0.997199324073697));
#4561=IFCVECTOR(#4560,1.);
#4562=IFCLINE(#4559,#4561);
#4563=IFCEDGECURVE(#4556,#4558,#4562,.T.);
#4564=IFCORIENTEDEDGE(*,*,#4563,.T.);
#4565=IFCEDGELOOP((#4544,#4554,#4564));
#4566=IFCFACEOUTERBOUND(#4565,.T.);
#4567=IFCCARTESIANPOINT((0.603268980979919,11.5182934098576,-1.92780873247641));
#4568=IFCDIRECTION((-1.,-0.,-0.));
#4569=IFCDIRECTION((0.,0.,-1.));
#4570=IFCAXIS2PLACEMENT3D(#4567,#4568,#4569);
#4571=IFCPLANE(#4570);
#4572=IFCADVANCEDFACE((#4566),#4571,.T.);
#4573=IFCCARTESIANPOINT((0.603268980979919,11.2961025238037,0.));
#4574=IFCVERTEXPOINT(#4573);
#4575=IFCCARTESIANPOINT((0.603268980979919,11.5961017608643,-4.));
#4576=IFCVERTEXPOINT(#4575);
#4577=IFCCARTESIANPOINT((0.603268980979919,11.2961025238037,0.));
#4578=IFCDIRECTION((0.,0.0747897591048505,-0.997199324073697));
#4579=IFCVECTOR(#4578,1.);
#4580=IFCLINE(#4577,#4579);
#4581=IFCEDGECURVE(#4574,#4576,#4580,.T.);
#4582=IFCORIENTEDEDGE(*,*,#4581,.T.);
#4583=IFCCARTESIANPOINT((0.603268980979919,11.5961017608643,-4.));
#4584=IFCVERTEXPOINT(#4583);
#4585=IFCCARTESIANPOINT((0.603268980979919,11.2961025238037,-4.));
#4586=IFCVERTEXPOINT(#4585);
#4587=IFCCARTESIANPOINT((0.603268980979919,11.5961017608643,-4.));
#4588=IFCDIRECTION((0.,-1.,0.));
#4589=IFCVECTOR(#4588,1.);
#4590=IFCLINE(#4587,#4589);
#4591=IFCEDGECURVE(#4584,#4586,#4590,.T.);
#4592=IFCORIENTEDEDGE(*,*,#4591,.T.);
#4593=IFCCARTESIANPOINT((0.603268980979919,11.2961025238037,-4.));
#4594=IFCVERTEXPOINT(#4593);
#4595=IFCCARTESIANPOINT((0.603268980979919,11.2961025238037,0.));
#4596=IFCVERTEXPOINT(#4595);
#4597=IFCCARTESIANPOINT((0.603268980979919,11.2961025238037,-4.));
#4598=IFCDIRECTION((0.,0.,1.));
#4599=IFCVECTOR(#4598,1.);
#4600=IFCLINE(#4597,#4599);
#4601=IFCEDGECURVE(#4594,#4596,#4600,.T.);
#4602=IFCORIENTEDEDGE(*,*,#4601,.T.);
#4603=IFCEDGELOOP((#4582,#4592,#4602));
#4604=IFCFACEOUTERBOUND(#4603,.T.);
#4605=IFCCARTESIANPOINT((0.603268980979919,11.3739108748104,-2.07219126752359));
#4606=IFCDIRECTION((-1.,-0.,-0.));
#4607=IFCDIRECTION((0.,0.,-1.));
#4608=IFCAXIS2PLACEMENT3D(#4605,#4606,#4607);
#4609=IFCPLANE(#4608);
#4610=IFCADVANCEDFACE((#4604),#4609,.T.);
#4611=IFCCARTESIANPOINT((0.603268980979919,11.2961025238037,-4.));
#4612=IFCVERTEXPOINT(#4611);
#4613=IFCCARTESIANPOINT((0.603268980979919,11.5961017608643,-4.));
#4614=IFCVERTEXPOINT(#4613);
#4615=IFCCARTESIANPOINT((0.603268980979919,11.2961025238037,-4.));
#4616=IFCDIRECTION((0.,1.,0.));
#4617=IFCVECTOR(#4616,1.);
#4618=IFCLINE(#4615,#4617);
#4619=IFCEDGECURVE(#4612,#4614,#4618,.T.);
#4620=IFCORIENTEDEDGE(*,*,#4619,.T.);
#4621=IFCCARTESIANPOINT((0.603268980979919,11.5961017608643,-4.));
#4622=IFCVERTEXPOINT(#4621);
#4623=IFCCARTESIANPOINT((6.25326919555664,11.5961017608643,-4.));
#4624=IFCVERTEXPOINT(#4623);
#4625=IFCCARTESIANPOINT((0.603268980979919,11.5961017608643,-4.));
#4626=IFCDIRECTION((1.,0.,0.));
#4627=IFCVECTOR(#4626,1.);
#4628=IFCLINE(#4625,#4627);
#4629=IFCEDGECURVE(#4622,#4624,#4628,.T.);
#4630=IFCORIENTEDEDGE(*,*,#4629,.T.);
#4631=IFCCARTESIANPOINT((6.25326919555664,11.5961017608643,-4.));
#4632=IFCVERTEXPOINT(#4631);
#4633=IFCCARTESIANPOINT((0.603268980979919,11.2961025238037,-4.));
#4634=IFCVERTEXPOINT(#4633);
#4635=IFCCARTESIANPOINT((6.25326919555664,11.5961017608643,-4.));
#4636=IFCDIRECTION((-0.998593316959451,-0.0530225171405661,0.));
#4637=IFCVECTOR(#4636,1.);
#4638=IFCLINE(#4635,#4637);
#4639=IFCEDGECURVE(#4632,#4634,#4638,.T.);
#4640=IFCORIENTEDEDGE(*,*,#4639,.T.);
#4641=IFCEDGELOOP((#4620,#4630,#4640));
#4642=IFCFACEOUTERBOUND(#4641,.T.);
#4643=IFCCARTESIANPOINT((3.35525901780521,11.5191122127971,-4.));
#4644=IFCDIRECTION((-0.,-0.,-1.));
#4645=IFCDIRECTION((-1.,0.,0.));
#4646=IFCAXIS2PLACEMENT3D(#4643,#4644,#4645);
#4647=IFCPLANE(#4646);
#4648=IFCADVANCEDFACE((#4642),#4647,.T.);
#4649=IFCCARTESIANPOINT((0.603268980979919,11.2961025238037,-4.));
#4650=IFCVERTEXPOINT(#4649);
#4651=IFCCARTESIANPOINT((6.25326919555664,11.5961017608643,-4.));
#4652=IFCVERTEXPOINT(#4651);
#4653=IFCCARTESIANPOINT((0.603268980979919,11.2961025238037,-4.));
#4654=IFCDIRECTION((0.998593316959451,0.0530225171405661,0.));
#4655=IFCVECTOR(#4654,1.);
#4656=IFCLINE(#4653,#4655);
#4657=IFCEDGECURVE(#4650,#4652,#4656,.T.);
#4658=IFCORIENTEDEDGE(*,*,#4657,.T.);
#4659=IFCCARTESIANPOINT((6.25326919555664,11.5961017608643,-4.));
#4660=IFCVERTEXPOINT(#4659);
#4661=IFCCARTESIANPOINT((6.25326919555664,11.2961025238037,-4.));
#4662=IFCVERTEXPOINT(#4661);
#4663=IFCCARTESIANPOINT((6.25326919555664,11.5961017608643,-4.));
#4664=IFCDIRECTION((0.,-1.,0.));
#4665=IFCVECTOR(#4664,1.);
#4666=IFCLINE(#4663,#4665);
#4667=IFCEDGECURVE(#4660,#4662,#4666,.T.);
#4668=IFCORIENTEDEDGE(*,*,#4667,.T.);
#4669=IFCCARTESIANPOINT((6.25326919555664,11.2961025238037,-4.));
#4670=IFCVERTEXPOINT(#4669);
#4671=IFCCARTESIANPOINT((0.603268980979919,11.2961025238037,-4.));
#4672=IFCVERTEXPOINT(#4671);
#4673=IFCCARTESIANPOINT((6.25326919555664,11.2961025238037,-4.));
#4674=IFCDIRECTION((-1.,0.,0.));
#4675=IFCVECTOR(#4674,1.);
#4676=IFCLINE(#4673,#4675);
#4677=IFCEDGECURVE(#4670,#4672,#4676,.T.);
#4678=IFCORIENTEDEDGE(*,*,#4677,.T.);
#4679=IFCEDGELOOP((#4658,#4668,#4678));
#4680=IFCFACEOUTERBOUND(#4679,.T.);
#4681=IFCCARTESIANPOINT((3.50127915873135,11.3730920718709,-4.));
#4682=IFCDIRECTION((-0.,-0.,-1.));
#4683=IFCDIRECTION((-1.,0.,0.));
#4684=IFCAXIS2PLACEMENT3D(#4681,#4682,#4683);
#4685=IFCPLANE(#4684);
#4686=IFCADVANCEDFACE((#4680),#4685,.T.);
#4687=IFCCLOSEDSHELL((#4268,#4306,#4344,#4382,#4420,#4458,#4496,#4534,#4572,#4610,#4648,#4686));
#4688=IFCADVANCEDBREP(#4687);
#4689=IFCSTYLEDITEM(#4688,(#555),$);
#4690=IFCSHAPEREPRESENTATION(#557,'Body','AdvancedBrep',(#4688));
#4691=IFCPRODUCTDEFINITIONSHAPE($,$,(#4690));
#4692=IFCBUILDINGELEMENTPROXY('0vyerjpJjBhPICwnuBTMWG',$,'Surface 10','',$,#42,#4691,$,$);
#4693=IFCRELASSOCIATESMATERIAL('3zQBbCnWz2VeAds0j9k$RU',$,$,$,(#4692),#45);

/* Surface 5 */
#4694=IFCCARTESIANPOINT((-2.59673094749451,17.446102142334,-4.));
#4695=IFCVERTEXPOINT(#4694);
#4696=IFCCARTESIANPOINT((-2.59673094749451,17.446102142334,0.));
#4697=IFCVERTEXPOINT(#4696);
#4698=IFCCARTESIANPOINT((-2.59673094749451,17.446102142334,-4.));
#4699=IFCDIRECTION((0.,0.,1.));
#4700=IFCVECTOR(#4699,1.);
#4701=IFCLINE(#4698,#4700);
#4702=IFCEDGECURVE(#4695,#4697,#4701,.T.);
#4703=IFCORIENTEDEDGE(*,*,#4702,.T.);
#4704=IFCCARTESIANPOINT((-2.59673094749451,17.446102142334,0.));
#4705=IFCVERTEXPOINT(#4704);
#4706=IFCCARTESIANPOINT((-2.59673094749451,11.446102142334,0.));
#4707=IFCVERTEXPOINT(#4706);
#4708=IFCCARTESIANPOINT((-2.59673094749451,17.446102142334,0.));
#4709=IFCDIRECTION((0.,-1.,0.));
#4710=IFCVECTOR(#4709,1.);
#4711=IFCLINE(#4708,#4710);
#4712=IFCEDGECURVE(#4705,#4707,#4711,.T.);
#4713=IFCORIENTEDEDGE(*,*,#4712,.T.);
#4714=IFCCARTESIANPOINT((-2.59673094749451,11.446102142334,0.));
#4715=IFCVERTEXPOINT(#4714);
#4716=IFCCARTESIANPOINT((-2.59673094749451,17.446102142334,-4.));
#4717=IFCVERTEXPOINT(#4716);
#4718=IFCCARTESIANPOINT((-2.59673094749451,11.446102142334,0.));
#4719=IFCDIRECTION((0.,0.832050294337844,-0.554700196225229));
#4720=IFCVECTOR(#4719,1.);
#4721=IFCLINE(#4718,#4720);
#4722=IFCEDGECURVE(#4715,#4717,#4721,.T.);
#4723=IFCORIENTEDEDGE(*,*,#4722,.T.);
#4724=IFCEDGELOOP((#4703,#4713,#4723));
#4725=IFCFACEOUTERBOUND(#4724,.T.);
#4726=IFCCARTESIANPOINT((-2.59673094749451,15.143326504602,-1.30277563773199));
#4727=IFCDIRECTION((1.,7.63464776500155E-32,6.51813809850339E-32));
#4728=IFCDIRECTION((-7.63464776500155E-32,1.,0.));
#4729=IFCAXIS2PLACEMENT3D(#4726,#4727,#4728);
#4730=IFCPLANE(#4729);
#4731=IFCADVANCEDFACE((#4725),#4730,.T.);
#4732=IFCCARTESIANPOINT((-2.59673094749451,17.446102142334,-4.));
#4733=IFCVERTEXPOINT(#4732);
#4734=IFCCARTESIANPOINT((-2.59673094749451,11.446102142334,0.));
#4735=IFCVERTEXPOINT(#4734);
#4736=IFCCARTESIANPOINT((-2.59673094749451,17.446102142334,-4.));
#4737=IFCDIRECTION((0.,-0.832050294337844,0.554700196225229));
#4738=IFCVECTOR(#4737,1.);
#4739=IFCLINE(#4736,#4738);
#4740=IFCEDGECURVE(#4733,#4735,#4739,.T.);
#4741=IFCORIENTEDEDGE(*,*,#4740,.T.);
#4742=IFCCARTESIANPOINT((-2.59673094749451,11.446102142334,0.));
#4743=IFCVERTEXPOINT(#4742);
#4744=IFCCARTESIANPOINT((-2.59673094749451,11.446102142334,-4.));
#4745=IFCVERTEXPOINT(#4744);
#4746=IFCCARTESIANPOINT((-2.59673094749451,11.446102142334,0.));
#4747=IFCDIRECTION((0.,0.,-1.));
#4748=IFCVECTOR(#4747,1.);
#4749=IFCLINE(#4746,#4748);
#4750=IFCEDGECURVE(#4743,#4745,#4749,.T.);
#4751=IFCORIENTEDEDGE(*,*,#4750,.T.);
#4752=IFCCARTESIANPOINT((-2.59673094749451,11.446102142334,-4.));
#4753=IFCVERTEXPOINT(#4752);
#4754=IFCCARTESIANPOINT((-2.59673094749451,17.446102142334,-4.));
#4755=IFCVERTEXPOINT(#4754);
#4756=IFCCARTESIANPOINT((-2.59673094749451,11.446102142334,-4.));
#4757=IFCDIRECTION((0.,1.,0.));
#4758=IFCVECTOR(#4757,1.);
#4759=IFCLINE(#4756,#4758);
#4760=IFCEDGECURVE(#4753,#4755,#4759,.T.);
#4761=IFCORIENTEDEDGE(*,*,#4760,.T.);
#4762=IFCEDGELOOP((#4741,#4751,#4761));
#4763=IFCFACEOUTERBOUND(#4762,.T.);
#4764=IFCCARTESIANPOINT((-2.59673094749451,13.748877780066,-2.69722436226801));
#4765=IFCDIRECTION((1.,0.,0.));
#4766=IFCDIRECTION((-0.,0.,1.));
#4767=IFCAXIS2PLACEMENT3D(#4764,#4765,#4766);
#4768=IFCPLANE(#4767);
#4769=IFCADVANCEDFACE((#4763),#4768,.T.);
#4770=IFCCARTESIANPOINT((-2.89673113822937,17.446102142334,-4.));
#4771=IFCVERTEXPOINT(#4770);
#4772=IFCCARTESIANPOINT((-2.89673113822937,11.446102142334,-4.));
#4773=IFCVERTEXPOINT(#4772);
#4774=IFCCARTESIANPOINT((-2.89673113822937,17.446102142334,-4.));
#4775=IFCDIRECTION((0.,-1.,0.));
#4776=IFCVECTOR(#4775,1.);
#4777=IFCLINE(#4774,#4776);
#4778=IFCEDGECURVE(#4771,#4773,#4777,.T.);
#4779=IFCORIENTEDEDGE(*,*,#4778,.T.);
#4780=IFCCARTESIANPOINT((-2.89673113822937,11.446102142334,-4.));
#4781=IFCVERTEXPOINT(#4780);
#4782=IFCCARTESIANPOINT((-2.89673113822937,11.446102142334,0.));
#4783=IFCVERTEXPOINT(#4782);
#4784=IFCCARTESIANPOINT((-2.89673113822937,11.446102142334,-4.));
#4785=IFCDIRECTION((0.,0.,1.));
#4786=IFCVECTOR(#4785,1.);
#4787=IFCLINE(#4784,#4786);
#4788=IFCEDGECURVE(#4781,#4783,#4787,.T.);
#4789=IFCORIENTEDEDGE(*,*,#4788,.T.);
#4790=IFCCARTESIANPOINT((-2.89673113822937,11.446102142334,0.));
#4791=IFCVERTEXPOINT(#4790);
#4792=IFCCARTESIANPOINT((-2.89673113822937,17.446102142334,-4.));
#4793=IFCVERTEXPOINT(#4792);
#4794=IFCCARTESIANPOINT((-2.89673113822937,11.446102142334,0.));
#4795=IFCDIRECTION((0.,0.832050294337844,-0.554700196225229));
#4796=IFCVECTOR(#4795,1.);
#4797=IFCLINE(#4794,#4796);
#4798=IFCEDGECURVE(#4791,#4793,#4797,.T.);
#4799=IFCORIENTEDEDGE(*,*,#4798,.T.);
#4800=IFCEDGELOOP((#4779,#4789,#4799));
#4801=IFCFACEOUTERBOUND(#4800,.T.);
#4802=IFCCARTESIANPOINT((-2.89673113822937,13.748877780066,-2.69722436226801));
#4803=IFCDIRECTION((-1.,-0.,-0.));
#4804=IFCDIRECTION((0.,0.,-1.));
#4805=IFCAXIS2PLACEMENT3D(#4802,#4803,#4804);
#4806=IFCPLANE(#4805);
#4807=IFCADVANCEDFACE((#4801),#4806,.T.);
#4808=IFCCARTESIANPOINT((-2.89673113822937,17.446102142334,-4.));
#4809=IFCVERTEXPOINT(#4808);
#4810=IFCCARTESIANPOINT((-2.89673113822937,11.446102142334,0.));
#4811=IFCVERTEXPOINT(#4810);
#4812=IFCCARTESIANPOINT((-2.89673113822937,17.446102142334,-4.));
#4813=IFCDIRECTION((0.,-0.832050294337844,0.554700196225229));
#4814=IFCVECTOR(#4813,1.);
#4815=IFCLINE(#4812,#4814);
#4816=IFCEDGECURVE(#4809,#4811,#4815,.T.);
#4817=IFCORIENTEDEDGE(*,*,#4816,.T.);
#4818=IFCCARTESIANPOINT((-2.89673113822937,11.446102142334,0.));
#4819=IFCVERTEXPOINT(#4818);
#4820=IFCCARTESIANPOINT((-2.89673113822937,17.446102142334,0.));
#4821=IFCVERTEXPOINT(#4820);
#4822=IFCCARTESIANPOINT((-2.89673113822937,11.446102142334,0.));
#4823=IFCDIRECTION((0.,1.,0.));
#4824=IFCVECTOR(#4823,1.);
#4825=IFCLINE(#4822,#4824);
#4826=IFCEDGECURVE(#4819,#4821,#4825,.T.);
#4827=IFCORIENTEDEDGE(*,*,#4826,.T.);
#4828=IFCCARTESIANPOINT((-2.89673113822937,17.446102142334,0.));
#4829=IFCVERTEXPOINT(#4828);
#4830=IFCCARTESIANPOINT((-2.89673113822937,17.446102142334,-4.));
#4831=IFCVERTEXPOINT(#4830);
#4832=IFCCARTESIANPOINT((-2.89673113822937,17.446102142334,0.));
#4833=IFCDIRECTION((0.,0.,-1.));
#4834=IFCVECTOR(#4833,1.);
#4835=IFCLINE(#4832,#4834);
#4836=IFCEDGECURVE(#4829,#4831,#4835,.T.);
#4837=IFCORIENTEDEDGE(*,*,#4836,.T.);
#4838=IFCEDGELOOP((#4817,#4827,#4837));
#4839=IFCFACEOUTERBOUND(#4838,.T.);
#4840=IFCCARTESIANPOINT((-2.89673113822937,15.143326504602,-1.30277563773199));
#4841=IFCDIRECTION((-1.,-0.,-0.));
#4842=IFCDIRECTION((0.,0.,-1.));
#4843=IFCAXIS2PLACEMENT3D(#4840,#4841,#4842);
#4844=IFCPLANE(#4843);
#4845=IFCADVANCEDFACE((#4839),#4844,.T.);
#4846=IFCCARTESIANPOINT((-2.59673094749451,17.446102142334,-4.));
#4847=IFCVERTEXPOINT(#4846);
#4848=IFCCARTESIANPOINT((-2.89673113822937,17.446102142334,-4.));
#4849=IFCVERTEXPOINT(#4848);
#4850=IFCCARTESIANPOINT((-2.59673094749451,17.446102142334,-4.));
#4851=IFCDIRECTION((-1.,0.,0.));
#4852=IFCVECTOR(#4851,1.);
#4853=IFCLINE(#4850,#4852);
#4854=IFCEDGECURVE(#4847,#4849,#4853,.T.);
#4855=IFCORIENTEDEDGE(*,*,#4854,.T.);
#4856=IFCCARTESIANPOINT((-2.89673113822937,17.446102142334,-4.));
#4857=IFCVERTEXPOINT(#4856);
#4858=IFCCARTESIANPOINT((-2.89673113822937,17.446102142334,0.));
#4859=IFCVERTEXPOINT(#4858);
#4860=IFCCARTESIANPOINT((-2.89673113822937,17.446102142334,-4.));
#4861=IFCDIRECTION((0.,0.,1.));
#4862=IFCVECTOR(#4861,1.);
#4863=IFCLINE(#4860,#4862);
#4864=IFCEDGECURVE(#4857,#4859,#4863,.T.);
#4865=IFCORIENTEDEDGE(*,*,#4864,.T.);
#4866=IFCCARTESIANPOINT((-2.89673113822937,17.446102142334,0.));
#4867=IFCVERTEXPOINT(#4866);
#4868=IFCCARTESIANPOINT((-2.59673094749451,17.446102142334,-4.));
#4869=IFCVERTEXPOINT(#4868);
#4870=IFCCARTESIANPOINT((-2.89673113822937,17.446102142334,0.));
#4871=IFCDIRECTION((0.0747899955258289,0.,-0.997199306342141));
#4872=IFCVECTOR(#4871,1.);
#4873=IFCLINE(#4870,#4872);
#4874=IFCEDGECURVE(#4867,#4869,#4873,.T.);
#4875=IFCORIENTEDEDGE(*,*,#4874,.T.);
#4876=IFCEDGELOOP((#4855,#4865,#4875));
#4877=IFCFACEOUTERBOUND(#4876,.T.);
#4878=IFCCARTESIANPOINT((-2.81892253097281,17.446102142334,-2.07219148811087));
#4879=IFCDIRECTION((0.,1.,0.));
#4880=IFCDIRECTION((0.,-0.,1.));
#4881=IFCAXIS2PLACEMENT3D(#4878,#4879,#4880);
#4882=IFCPLANE(#4881);
#4883=IFCADVANCEDFACE((#4877),#4882,.T.);
#4884=IFCCARTESIANPOINT((-2.59673094749451,17.446102142334,-4.));
#4885=IFCVERTEXPOINT(#4884);
#4886=IFCCARTESIANPOINT((-2.89673113822937,17.446102142334,0.));
#4887=IFCVERTEXPOINT(#4886);
#4888=IFCCARTESIANPOINT((-2.59673094749451,17.446102142334,-4.));
#4889=IFCDIRECTION((-0.0747899955258289,0.,0.997199306342141));
#4890=IFCVECTOR(#4889,1.);
#4891=IFCLINE(#4888,#4890);
#4892=IFCEDGECURVE(#4885,#4887,#4891,.T.);
#4893=IFCORIENTEDEDGE(*,*,#4892,.T.);
#4894=IFCCARTESIANPOINT((-2.89673113822937,17.446102142334,0.));
#4895=IFCVERTEXPOINT(#4894);
#4896=IFCCARTESIANPOINT((-2.59673094749451,17.446102142334,0.));
#4897=IFCVERTEXPOINT(#4896);
#4898=IFCCARTESIANPOINT((-2.89673113822937,17.446102142334,0.));
#4899=IFCDIRECTION((1.,0.,0.));
#4900=IFCVECTOR(#4899,1.);
#4901=IFCLINE(#4898,#4900);
#4902=IFCEDGECURVE(#4895,#4897,#4901,.T.);
#4903=IFCORIENTEDEDGE(*,*,#4902,.T.);
#4904=IFCCARTESIANPOINT((-2.59673094749451,17.446102142334,0.));
#4905=IFCVERTEXPOINT(#4904);
#4906=IFCCARTESIANPOINT((-2.59673094749451,17.446102142334,-4.));
#4907=IFCVERTEXPOINT(#4906);
#4908=IFCCARTESIANPOINT((-2.59673094749451,17.446102142334,0.));
#4909=IFCDIRECTION((0.,0.,-1.));
#4910=IFCVECTOR(#4909,1.);
#4911=IFCLINE(#4908,#4910);
#4912=IFCEDGECURVE(#4905,#4907,#4911,.T.);
#4913=IFCORIENTEDEDGE(*,*,#4912,.T.);
#4914=IFCEDGELOOP((#4893,#4903,#4913));
#4915=IFCFACEOUTERBOUND(#4914,.T.);
#4916=IFCCARTESIANPOINT((-2.67453955475107,17.446102142334,-1.92780851188913));
#4917=IFCDIRECTION((0.,1.,0.));
#4918=IFCDIRECTION((0.,-0.,1.));
#4919=IFCAXIS2PLACEMENT3D(#4916,#4917,#4918);
#4920=IFCPLANE(#4919);
#4921=IFCADVANCEDFACE((#4915),#4920,.T.);
#4922=IFCCARTESIANPOINT((-2.59673094749451,17.446102142334,0.));
#4923=IFCVERTEXPOINT(#4922);
#4924=IFCCARTESIANPOINT((-2.89673113822937,17.446102142334,0.));
#4925=IFCVERTEXPOINT(#4924);
#4926=IFCCARTESIANPOINT((-2.59673094749451,17.446102142334,0.));
#4927=IFCDIRECTION((-1.,0.,0.));
#4928=IFCVECTOR(#4927,1.);
#4929=IFCLINE(#4926,#4928);
#4930=IFCEDGECURVE(#4923,#4925,#4929,.T.);
#4931=IFCORIENTEDEDGE(*,*,#4930,.T.);
#4932=IFCCARTESIANPOINT((-2.89673113822937,17.446102142334,0.));
#4933=IFCVERTEXPOINT(#4932);
#4934=IFCCARTESIANPOINT((-2.89673113822937,11.446102142334,0.));
#4935=IFCVERTEXPOINT(#4934);
#4936=IFCCARTESIANPOINT((-2.89673113822937,17.446102142334,0.));
#4937=IFCDIRECTION((0.,-1.,0.));
#4938=IFCVECTOR(#4937,1.);
#4939=IFCLINE(#4936,#4938);
#4940=IFCEDGECURVE(#4933,#4935,#4939,.T.);
#4941=IFCORIENTEDEDGE(*,*,#4940,.T.);
#4942=IFCCARTESIANPOINT((-2.89673113822937,11.446102142334,0.));
#4943=IFCVERTEXPOINT(#4942);
#4944=IFCCARTESIANPOINT((-2.59673094749451,17.446102142334,0.));
#4945=IFCVERTEXPOINT(#4944);
#4946=IFCCARTESIANPOINT((-2.89673113822937,11.446102142334,0.));
#4947=IFCDIRECTION((0.0499376486141982,0.998752337294329,0.));
#4948=IFCVECTOR(#4947,1.);
#4949=IFCLINE(#4946,#4948);
#4950=IFCEDGECURVE(#4943,#4945,#4949,.T.);
#4951=IFCORIENTEDEDGE(*,*,#4950,.T.);
#4952=IFCEDGELOOP((#4931,#4941,#4951));
#4953=IFCFACEOUTERBOUND(#4952,.T.);
#4954=IFCCARTESIANPOINT((-2.81985725857688,14.5192283580489,0.));
#4955=IFCDIRECTION((0.,0.,1.));
#4956=IFCDIRECTION((1.,0.,-0.));
#4957=IFCAXIS2PLACEMENT3D(#4954,#4955,#4956);
#4958=IFCPLANE(#4957);
#4959=IFCADVANCEDFACE((#4953),#4958,.T.);
#4960=IFCCARTESIANPOINT((-2.59673094749451,17.446102142334,0.));
#4961=IFCVERTEXPOINT(#4960);
#4962=IFCCARTESIANPOINT((-2.89673113822937,11.446102142334,0.));
#4963=IFCVERTEXPOINT(#4962);
#4964=IFCCARTESIANPOINT((-2.59673094749451,17.446102142334,0.));
#4965=IFCDIRECTION((-0.0499376486141982,-0.998752337294329,0.));
#4966=IFCVECTOR(#4965,1.);
#4967=IFCLINE(#4964,#4966);
#4968=IFCEDGECURVE(#4961,#4963,#4967,.T.);
#4969=IFCORIENTEDEDGE(*,*,#4968,.T.);
#4970=IFCCARTESIANPOINT((-2.89673113822937,11.446102142334,0.));
#4971=IFCVERTEXPOINT(#4970);
#4972=IFCCARTESIANPOINT((-2.59673094749451,11.446102142334,0.));
#4973=IFCVERTEXPOINT(#4972);
#4974=IFCCARTESIANPOINT((-2.89673113822937,11.446102142334,0.));
#4975=IFCDIRECTION((1.,0.,0.));
#4976=IFCVECTOR(#4975,1.);
#4977=IFCLINE(#4974,#4976);
#4978=IFCEDGECURVE(#4971,#4973,#4977,.T.);
#4979=IFCORIENTEDEDGE(*,*,#4978,.T.);
#4980=IFCCARTESIANPOINT((-2.59673094749451,11.446102142334,0.));
#4981=IFCVERTEXPOINT(#4980);
#4982=IFCCARTESIANPOINT((-2.59673094749451,17.446102142334,0.));
#4983=IFCVERTEXPOINT(#4982);
#4984=IFCCARTESIANPOINT((-2.59673094749451,11.446102142334,0.));
#4985=IFCDIRECTION((0.,1.,0.));
#4986=IFCVECTOR(#4985,1.);
#4987=IFCLINE(#4984,#4986);
#4988=IFCEDGECURVE(#4981,#4983,#4987,.T.);
#4989=IFCORIENTEDEDGE(*,*,#4988,.T.);
#4990=IFCEDGELOOP((#4969,#4979,#4989));
#4991=IFCFACEOUTERBOUND(#4990,.T.);
#4992=IFCCARTESIANPOINT((-2.67360482714699,14.372975926619,0.));
#4993=IFCDIRECTION((0.,0.,1.));
#4994=IFCDIRECTION((1.,0.,-0.));
#4995=IFCAXIS2PLACEMENT3D(#4992,#4993,#4994);
#4996=IFCPLANE(#4995);
#4997=IFCADVANCEDFACE((#4991),#4996,.T.);
#4998=IFCCARTESIANPOINT((-2.59673094749451,11.446102142334,0.));
#4999=IFCVERTEXPOINT(#4998);
#5000=IFCCARTESIANPOINT((-2.89673113822937,11.446102142334,0.));
#5001=IFCVERTEXPOINT(#5000);
#5002=IFCCARTESIANPOINT((-2.59673094749451,11.446102142334,0.));
#5003=IFCDIRECTION((-1.,0.,0.));
#5004=IFCVECTOR(#5003,1.);
#5005=IFCLINE(#5002,#5004);
#5006=IFCEDGECURVE(#4999,#5001,#5005,.T.);
#5007=IFCORIENTEDEDGE(*,*,#5006,.T.);
#5008=IFCCARTESIANPOINT((-2.89673113822937,11.446102142334,0.));
#5009=IFCVERTEXPOINT(#5008);
#5010=IFCCARTESIANPOINT((-2.89673113822937,11.446102142334,-4.));
#5011=IFCVERTEXPOINT(#5010);
#5012=IFCCARTESIANPOINT((-2.89673113822937,11.446102142334,0.));
#5013=IFCDIRECTION((0.,0.,-1.));
#5014=IFCVECTOR(#5013,1.);
#5015=IFCLINE(#5012,#5014);
#5016=IFCEDGECURVE(#5009,#5011,#5015,.T.);
#5017=IFCORIENTEDEDGE(*,*,#5016,.T.);
#5018=IFCCARTESIANPOINT((-2.89673113822937,11.446102142334,-4.));
#5019=IFCVERTEXPOINT(#5018);
#5020=IFCCARTESIANPOINT((-2.59673094749451,11.446102142334,0.));
#5021=IFCVERTEXPOINT(#5020);
#5022=IFCCARTESIANPOINT((-2.89673113822937,11.446102142334,-4.));
#5023=IFCDIRECTION((0.0747899955258289,0.,0.997199306342141));
#5024=IFCVECTOR(#5023,1.);
#5025=IFCLINE(#5022,#5024);
#5026=IFCEDGECURVE(#5019,#5021,#5025,.T.);
#5027=IFCORIENTEDEDGE(*,*,#5026,.T.);
#5028=IFCEDGELOOP((#5007,#5017,#5027));
#5029=IFCFACEOUTERBOUND(#5028,.T.);
#5030=IFCCARTESIANPOINT((-2.81892253097281,11.446102142334,-1.92780851188913));
#5031=IFCDIRECTION((-0.,-1.,-0.));
#5032=IFCDIRECTION((0.,0.,-1.));
#5033=IFCAXIS2PLACEMENT3D(#5030,#5031,#5032);
#5034=IFCPLANE(#5033);
#5035=IFCADVANCEDFACE((#5029),#5034,.T.);
#5036=IFCCARTESIANPOINT((-2.59673094749451,11.446102142334,0.));
#5037=IFCVERTEXPOINT(#5036);
#5038=IFCCARTESIANPOINT((-2.89673113822937,11.446102142334,-4.));
#5039=IFCVERTEXPOINT(#5038);
#5040=IFCCARTESIANPOINT((-2.59673094749451,11.446102142334,0.));
#5041=IFCDIRECTION((-0.0747899955258289,0.,-0.997199306342141));
#5042=IFCVECTOR(#5041,1.);
#5043=IFCLINE(#5040,#5042);
#5044=IFCEDGECURVE(#5037,#5039,#5043,.T.);
#5045=IFCORIENTEDEDGE(*,*,#5044,.T.);
#5046=IFCCARTESIANPOINT((-2.89673113822937,11.446102142334,-4.));
#5047=IFCVERTEXPOINT(#5046);
#5048=IFCCARTESIANPOINT((-2.59673094749451,11.446102142334,-4.));
#5049=IFCVERTEXPOINT(#5048);
#5050=IFCCARTESIANPOINT((-2.89673113822937,11.446102142334,-4.));
#5051=IFCDIRECTION((1.,0.,0.));
#5052=IFCVECTOR(#5051,1.);
#5053=IFCLINE(#5050,#5052);
#5054=IFCEDGECURVE(#5047,#5049,#5053,.T.);
#5055=IFCORIENTEDEDGE(*,*,#5054,.T.);
#5056=IFCCARTESIANPOINT((-2.59673094749451,11.446102142334,-4.));
#5057=IFCVERTEXPOINT(#5056);
#5058=IFCCARTESIANPOINT((-2.59673094749451,11.446102142334,0.));
#5059=IFCVERTEXPOINT(#5058);
#5060=IFCCARTESIANPOINT((-2.59673094749451,11.446102142334,-4.));
#5061=IFCDIRECTION((0.,0.,1.));
#5062=IFCVECTOR(#5061,1.);
#5063=IFCLINE(#5060,#5062);
#5064=IFCEDGECURVE(#5057,#5059,#5063,.T.);
#5065=IFCORIENTEDEDGE(*,*,#5064,.T.);
#5066=IFCEDGELOOP((#5045,#5055,#5065));
#5067=IFCFACEOUTERBOUND(#5066,.T.);
#5068=IFCCARTESIANPOINT((-2.67453955475107,11.446102142334,-2.07219148811087));
#5069=IFCDIRECTION((-0.,-1.,-0.));
#5070=IFCDIRECTION((0.,0.,-1.));
#5071=IFCAXIS2PLACEMENT3D(#5068,#5069,#5070);
#5072=IFCPLANE(#5071);
#5073=IFCADVANCEDFACE((#5067),#5072,.T.);
#5074=IFCCARTESIANPOINT((-2.59673094749451,11.446102142334,-4.));
#5075=IFCVERTEXPOINT(#5074);
#5076=IFCCARTESIANPOINT((-2.89673113822937,11.446102142334,-4.));
#5077=IFCVERTEXPOINT(#5076);
#5078=IFCCARTESIANPOINT((-2.59673094749451,11.446102142334,-4.));
#5079=IFCDIRECTION((-1.,0.,0.));
#5080=IFCVECTOR(#5079,1.);
#5081=IFCLINE(#5078,#5080);
#5082=IFCEDGECURVE(#5075,#5077,#5081,.T.);
#5083=IFCORIENTEDEDGE(*,*,#5082,.T.);
#5084=IFCCARTESIANPOINT((-2.89673113822937,11.446102142334,-4.));
#5085=IFCVERTEXPOINT(#5084);
#5086=IFCCARTESIANPOINT((-2.89673113822937,17.446102142334,-4.));
#5087=IFCVERTEXPOINT(#5086);
#5088=IFCCARTESIANPOINT((-2.89673113822937,11.446102142334,-4.));
#5089=IFCDIRECTION((0.,1.,0.));
#5090=IFCVECTOR(#5089,1.);
#5091=IFCLINE(#5088,#5090);
#5092=IFCEDGECURVE(#5085,#5087,#5091,.T.);
#5093=IFCORIENTEDEDGE(*,*,#5092,.T.);
#5094=IFCCARTESIANPOINT((-2.89673113822937,17.446102142334,-4.));
#5095=IFCVERTEXPOINT(#5094);
#5096=IFCCARTESIANPOINT((-2.59673094749451,11.446102142334,-4.));
#5097=IFCVERTEXPOINT(#5096);
#5098=IFCCARTESIANPOINT((-2.89673113822937,17.446102142334,-4.));
#5099=IFCDIRECTION((0.0499376486141982,-0.998752337294329,0.));
#5100=IFCVECTOR(#5099,1.);
#5101=IFCLINE(#5098,#5100);
#5102=IFCEDGECURVE(#5095,#5097,#5101,.T.);
#5103=IFCORIENTEDEDGE(*,*,#5102,.T.);
#5104=IFCEDGELOOP((#5083,#5093,#5103));
#5105=IFCFACEOUTERBOUND(#5104,.T.);
#5106=IFCCARTESIANPOINT((-2.81985725857688,14.372975926619,-4.));
#5107=IFCDIRECTION((-0.,-0.,-1.));
#5108=IFCDIRECTION((-1.,0.,0.));
#5109=IFCAXIS2PLACEMENT3D(#5106,#5107,#5108);
#5110=IFCPLANE(#5109);
#5111=IFCADVANCEDFACE((#5105),#5110,.T.);
#5112=IFCCARTESIANPOINT((-2.59673094749451,11.446102142334,-4.));
#5113=IFCVERTEXPOINT(#5112);
#5114=IFCCARTESIANPOINT((-2.89673113822937,17.446102142334,-4.));
#5115=IFCVERTEXPOINT(#5114);
#5116=IFCCARTESIANPOINT((-2.59673094749451,11.446102142334,-4.));
#5117=IFCDIRECTION((-0.0499376486141982,0.998752337294329,0.));
#5118=IFCVECTOR(#5117,1.);
#5119=IFCLINE(#5116,#5118);
#5120=IFCEDGECURVE(#5113,#5115,#5119,.T.);
#5121=IFCORIENTEDEDGE(*,*,#5120,.T.);
#5122=IFCCARTESIANPOINT((-2.89673113822937,17.446102142334,-4.));
#5123=IFCVERTEXPOINT(#5122);
#5124=IFCCARTESIANPOINT((-2.59673094749451,17.446102142334,-4.));
#5125=IFCVERTEXPOINT(#5124);
#5126=IFCCARTESIANPOINT((-2.89673113822937,17.446102142334,-4.));
#5127=IFCDIRECTION((1.,0.,0.));
#5128=IFCVECTOR(#5127,1.);
#5129=IFCLINE(#5126,#5128);
#5130=IFCEDGECURVE(#5123,#5125,#5129,.T.);
#5131=IFCORIENTEDEDGE(*,*,#5130,.T.);
#5132=IFCCARTESIANPOINT((-2.59673094749451,17.446102142334,-4.));
#5133=IFCVERTEXPOINT(#5132);
#5134=IFCCARTESIANPOINT((-2.59673094749451,11.446102142334,-4.));
#5135=IFCVERTEXPOINT(#5134);
#5136=IFCCARTESIANPOINT((-2.59673094749451,17.446102142334,-4.));
#5137=IFCDIRECTION((0.,-1.,0.));
#5138=IFCVECTOR(#5137,1.);
#5139=IFCLINE(#5136,#5138);
#5140=IFCEDGECURVE(#5133,#5135,#5139,.T.);
#5141=IFCORIENTEDEDGE(*,*,#5140,.T.);
#5142=IFCEDGELOOP((#5121,#5131,#5141));
#5143=IFCFACEOUTERBOUND(#5142,.T.);
#5144=IFCCARTESIANPOINT((-2.67360482714699,14.5192283580489,-4.));
#5145=IFCDIRECTION((-0.,-0.,-1.));
#5146=IFCDIRECTION((-1.,0.,0.));
#5147=IFCAXIS2PLACEMENT3D(#5144,#5145,#5146);
#5148=IFCPLANE(#5147);
#5149=IFCADVANCEDFACE((#5143),#5148,.T.);
#5150=IFCCLOSEDSHELL((#4731,#4769,#4807,#4845,#4883,#4921,#4959,#4997,#5035,#5073,#5111,#5149));
#5151=IFCADVANCEDBREP(#5150);
#5152=IFCSTYLEDITEM(#5151,(#555),$);
#5153=IFCSHAPEREPRESENTATION(#557,'Body','AdvancedBrep',(#5151));
#5154=IFCPRODUCTDEFINITIONSHAPE($,$,(#5153));
#5155=IFCBUILDINGELEMENTPROXY('1LzelVCLb4MwPcqHxKD8Cq',$,'Surface 5','',$,#42,#5154,$,$);
#5156=IFCRELASSOCIATESMATERIAL('0A565sOAbAIwFYpLRbpZtj',$,$,$,(#5155),#45);

/* Surface 1 */
#5157=IFCCARTESIANPOINT((-3.14673089981079,17.8461036682129,0.100000001490116));
#5158=IFCVERTEXPOINT(#5157);
#5159=IFCCARTESIANPOINT((-3.14673089981079,12.446102142334,0.100000001490116));
#5160=IFCVERTEXPOINT(#5159);
#5161=IFCCARTESIANPOINT((-3.14673089981079,17.8461036682129,0.100000001490116));
#5162=IFCDIRECTION((0.,-1.,0.));
#5163=IFCVECTOR(#5162,1.);
#5164=IFCLINE(#5161,#5163);
#5165=IFCEDGECURVE(#5158,#5160,#5164,.T.);
#5166=IFCORIENTEDEDGE(*,*,#5165,.T.);
#5167=IFCCARTESIANPOINT((-3.14673089981079,12.446102142334,0.100000001490116));
#5168=IFCVERTEXPOINT(#5167);
#5169=IFCCARTESIANPOINT((7.25326871871948,-7.55389738082886,0.100000001490116));
#5170=IFCVERTEXPOINT(#5169);
#5171=IFCCARTESIANPOINT((-3.14673089981079,12.446102142334,0.100000001490116));
#5172=IFCDIRECTION((0.461352731979827,-0.88721680365892,0.));
#5173=IFCVECTOR(#5172,1.);
#5174=IFCLINE(#5171,#5173);
#5175=IFCEDGECURVE(#5168,#5170,#5174,.T.);
#5176=IFCORIENTEDEDGE(*,*,#5175,.T.);
#5177=IFCCARTESIANPOINT((7.25326871871948,-7.55389738082886,0.100000001490116));
#5178=IFCVERTEXPOINT(#5177);
#5179=IFCCARTESIANPOINT((-3.14673089981079,17.8461036682129,0.100000001490116));
#5180=IFCVERTEXPOINT(#5179);
#5181=IFCCARTESIANPOINT((7.25326871871948,-7.55389738082886,0.100000001490116));
#5182=IFCDIRECTION((-0.378916538647733,0.925430849247647,0.));
#5183=IFCVECTOR(#5182,1.);
#5184=IFCLINE(#5181,#5183);
#5185=IFCEDGECURVE(#5178,#5180,#5184,.T.);
#5186=IFCORIENTEDEDGE(*,*,#5185,.T.);
#5187=IFCEDGELOOP((#5166,#5176,#5186));
#5188=IFCFACEOUTERBOUND(#5187,.T.);
#5189=IFCCARTESIANPOINT((1.54630966791889,5.02217089031692,0.100000001490116));
#5190=IFCDIRECTION((3.84543503458344E-33,1.6932962221102E-33,1.));
#5191=IFCDIRECTION((1.,0.,-3.84543503458344E-33));
#5192=IFCAXIS2PLACEMENT3D(#5189,#5190,#5191);
#5193=IFCPLANE(#5192);
#5194=IFCADVANCEDFACE((#5188),#5193,.T.);
#5195=IFCCARTESIANPOINT((-3.14673089981079,17.8461036682129,0.100000001490116));
#5196=IFCVERTEXPOINT(#5195);
#5197=IFCCARTESIANPOINT((7.25326871871948,-7.55389738082886,0.100000001490116));
#5198=IFCVERTEXPOINT(#5197);
#5199=IFCCARTESIANPOINT((-3.14673089981079,17.8461036682129,0.100000001490116));
#5200=IFCDIRECTION((0.378916538647733,-0.925430849247647,0.));
#5201=IFCVECTOR(#5200,1.);
#5202=IFCLINE(#5199,#5201);
#5203=IFCEDGECURVE(#5196,#5198,#5202,.T.);
#5204=IFCORIENTEDEDGE(*,*,#5203,.T.);
#5205=IFCCARTESIANPOINT((7.25326871871948,-7.55389738082886,0.100000001490116));
#5206=IFCVERTEXPOINT(#5205);
#5207=IFCCARTESIANPOINT((6.65326881408691,11.0461025238037,0.100000001490116));
#5208=IFCVERTEXPOINT(#5207);
#5209=IFCCARTESIANPOINT((7.25326871871948,-7.55389738082886,0.100000001490116));
#5210=IFCDIRECTION((-0.0322412890568077,0.999480114499511,0.));
#5211=IFCVECTOR(#5210,1.);
#5212=IFCLINE(#5209,#5211);
#5213=IFCEDGECURVE(#5206,#5208,#5212,.T.);
#5214=IFCORIENTEDEDGE(*,*,#5213,.T.);
#5215=IFCCARTESIANPOINT((6.65326881408691,11.0461025238037,0.100000001490116));
#5216=IFCVERTEXPOINT(#5215);
#5217=IFCCARTESIANPOINT((-3.14673089981079,17.8461036682129,0.100000001490116));
#5218=IFCVERTEXPOINT(#5217);
#5219=IFCCARTESIANPOINT((6.65326881408691,11.0461025238037,0.100000001490116));
#5220=IFCDIRECTION((-0.821588060859658,0.570081624202067,0.));
#5221=IFCVECTOR(#5220,1.);
#5222=IFCLINE(#5219,#5221);
#5223=IFCEDGECURVE(#5216,#5218,#5222,.T.);
#5224=IFCORIENTEDEDGE(*,*,#5223,.T.);
#5225=IFCEDGELOOP((#5204,#5214,#5224));
#5226=IFCFACEOUTERBOUND(#5225,.T.);
#5227=IFCCARTESIANPOINT((3.56417293983946,5.96802315756614,0.100000001490116));
#5228=IFCDIRECTION((-1.26580084405169E-33,-5.16661178954678E-34,1.));
#5229=IFCDIRECTION((1.,0.,1.26580084405169E-33));
#5230=IFCAXIS2PLACEMENT3D(#5227,#5228,#5229);
#5231=IFCPLANE(#5230);
#5232=IFCADVANCEDFACE((#5226),#5231,.T.);
#5233=IFCCARTESIANPOINT((-3.14673089981079,17.8461036682129,0.100000001490116));
#5234=IFCVERTEXPOINT(#5233);
#5235=IFCCARTESIANPOINT((6.65326881408691,11.0461025238037,0.100000001490116));
#5236=IFCVERTEXPOINT(#5235);
#5237=IFCCARTESIANPOINT((-3.14673089981079,17.8461036682129,0.100000001490116));
#5238=IFCDIRECTION((0.821588060859658,-0.570081624202067,0.));
#5239=IFCVECTOR(#5238,1.);
#5240=IFCLINE(#5237,#5239);
#5241=IFCEDGECURVE(#5234,#5236,#5240,.T.);
#5242=IFCORIENTEDEDGE(*,*,#5241,.T.);
#5243=IFCCARTESIANPOINT((6.65326881408691,11.0461025238037,0.100000001490116));
#5244=IFCVERTEXPOINT(#5243);
#5245=IFCCARTESIANPOINT((6.65326881408691,17.8461036682129,0.100000001490116));
#5246=IFCVERTEXPOINT(#5245);
#5247=IFCCARTESIANPOINT((6.65326881408691,11.0461025238037,0.100000001490116));
#5248=IFCDIRECTION((0.,1.,0.));
#5249=IFCVECTOR(#5248,1.);
#5250=IFCLINE(#5247,#5249);
#5251=IFCEDGECURVE(#5244,#5246,#5250,.T.);
#5252=IFCORIENTEDEDGE(*,*,#5251,.T.);
#5253=IFCCARTESIANPOINT((6.65326881408691,17.8461036682129,0.100000001490116));
#5254=IFCVERTEXPOINT(#5253);
#5255=IFCCARTESIANPOINT((-3.14673089981079,17.8461036682129,0.100000001490116));
#5256=IFCVERTEXPOINT(#5255);
#5257=IFCCARTESIANPOINT((6.65326881408691,17.8461036682129,0.100000001490116));
#5258=IFCDIRECTION((-1.,0.,0.));
#5259=IFCVECTOR(#5258,1.);
#5260=IFCLINE(#5257,#5259);
#5261=IFCEDGECURVE(#5254,#5256,#5260,.T.);
#5262=IFCORIENTEDEDGE(*,*,#5261,.T.);
#5263=IFCEDGELOOP((#5242,#5252,#5262));
#5264=IFCFACEOUTERBOUND(#5263,.T.);
#5265=IFCCARTESIANPOINT((2.921239557128,15.6140736959982,0.100000001490116));
#5266=IFCDIRECTION((-6.57623614028462E-34,-1.16911625962881E-33,1.));
#5267=IFCDIRECTION((0.,1.,1.16911625962881E-33));
#5268=IFCAXIS2PLACEMENT3D(#5265,#5266,#5267);
#5269=IFCPLANE(#5268);
#5270=IFCADVANCEDFACE((#5264),#5269,.T.);
#5271=IFCCARTESIANPOINT((-12.7467308044434,12.446102142334,0.100000001490116));
#5272=IFCVERTEXPOINT(#5271);
#5273=IFCCARTESIANPOINT((-12.7467308044434,-7.55389738082886,0.100000001490116));
#5274=IFCVERTEXPOINT(#5273);
#5275=IFCCARTESIANPOINT((-12.7467308044434,12.446102142334,0.100000001490116));
#5276=IFCDIRECTION((0.,-1.,0.));
#5277=IFCVECTOR(#5276,1.);
#5278=IFCLINE(#5275,#5277);
#5279=IFCEDGECURVE(#5272,#5274,#5278,.T.);
#5280=IFCORIENTEDEDGE(*,*,#5279,.T.);
#5281=IFCCARTESIANPOINT((-12.7467308044434,-7.55389738082886,0.100000001490116));
#5282=IFCVERTEXPOINT(#5281);
#5283=IFCCARTESIANPOINT((7.25326871871948,-7.55389738082886,0.100000001490116));
#5284=IFCVERTEXPOINT(#5283);
#5285=IFCCARTESIANPOINT((-12.7467308044434,-7.55389738082886,0.100000001490116));
#5286=IFCDIRECTION((1.,0.,0.));
#5287=IFCVECTOR(#5286,1.);
#5288=IFCLINE(#5285,#5287);
#5289=IFCEDGECURVE(#5282,#5284,#5288,.T.);
#5290=IFCORIENTEDEDGE(*,*,#5289,.T.);
#5291=IFCCARTESIANPOINT((7.25326871871948,-7.55389738082886,0.100000001490116));
#5292=IFCVERTEXPOINT(#5291);
#5293=IFCCARTESIANPOINT((-12.7467308044434,12.446102142334,0.100000001490116));
#5294=IFCVERTEXPOINT(#5293);
#5295=IFCCARTESIANPOINT((7.25326871871948,-7.55389738082886,0.100000001490116));
#5296=IFCDIRECTION((-0.707106781186548,0.707106781186548,0.));
#5297=IFCVECTOR(#5296,1.);
#5298=IFCLINE(#5295,#5297);
#5299=IFCEDGECURVE(#5292,#5294,#5298,.T.);
#5300=IFCORIENTEDEDGE(*,*,#5299,.T.);
#5301=IFCEDGELOOP((#5280,#5290,#5300));
#5302=IFCFACEOUTERBOUND(#5301,.T.);
#5303=IFCCARTESIANPOINT((-5.67566316116528,-0.482829737550776,0.100000001490116));
#5304=IFCDIRECTION((-1.63099872458119E-34,-1.45048933337518E-34,1.));
#5305=IFCDIRECTION((1.,0.,1.63099872458119E-34));
#5306=IFCAXIS2PLACEMENT3D(#5303,#5304,#5305);
#5307=IFCPLANE(#5306);
#5308=IFCADVANCEDFACE((#5302),#5307,.T.);
#5309=IFCCARTESIANPOINT((-12.7467308044434,12.446102142334,0.100000001490116));
#5310=IFCVERTEXPOINT(#5309);
#5311=IFCCARTESIANPOINT((7.25326871871948,-7.55389738082886,0.100000001490116));
#5312=IFCVERTEXPOINT(#5311);
#5313=IFCCARTESIANPOINT((-12.7467308044434,12.446102142334,0.100000001490116));
#5314=IFCDIRECTION((0.707106781186548,-0.707106781186548,0.));
#5315=IFCVECTOR(#5314,1.);
#5316=IFCLINE(#5313,#5315);
#5317=IFCEDGECURVE(#5310,#5312,#5316,.T.);
#5318=IFCORIENTEDEDGE(*,*,#5317,.T.);
#5319=IFCCARTESIANPOINT((7.25326871871948,-7.55389738082886,0.100000001490116));
#5320=IFCVERTEXPOINT(#5319);
#5321=IFCCARTESIANPOINT((-3.14673089981079,12.446102142334,0.100000001490116));
#5322=IFCVERTEXPOINT(#5321);
#5323=IFCCARTESIANPOINT((7.25326871871948,-7.55389738082886,0.100000001490116));
#5324=IFCDIRECTION((-0.461352731979827,0.88721680365892,0.));
#5325=IFCVECTOR(#5324,1.);
#5326=IFCLINE(#5323,#5325);
#5327=IFCEDGECURVE(#5320,#5322,#5326,.T.);
#5328=IFCORIENTEDEDGE(*,*,#5327,.T.);
#5329=IFCCARTESIANPOINT((-3.14673089981079,12.446102142334,0.100000001490116));
#5330=IFCVERTEXPOINT(#5329);
#5331=IFCCARTESIANPOINT((-12.7467308044434,12.446102142334,0.100000001490116));
#5332=IFCVERTEXPOINT(#5331);
#5333=IFCCARTESIANPOINT((-3.14673089981079,12.446102142334,0.100000001490116));
#5334=IFCDIRECTION((-1.,0.,0.));
#5335=IFCVECTOR(#5334,1.);
#5336=IFCLINE(#5333,#5335);
#5337=IFCEDGECURVE(#5330,#5332,#5336,.T.);
#5338=IFCORIENTEDEDGE(*,*,#5337,.T.);
#5339=IFCEDGELOOP((#5318,#5328,#5338));
#5340=IFCFACEOUTERBOUND(#5339,.T.);
#5341=IFCCARTESIANPOINT((-1.78219773830224,4.03480468428301,0.100000001490116));
#5342=IFCDIRECTION((-2.78387809470598E-34,-2.46647461370166E-34,1.));
#5343=IFCDIRECTION((1.,0.,2.78387809470598E-34));
#5344=IFCAXIS2PLACEMENT3D(#5341,#5342,#5343);
#5345=IFCPLANE(#5344);
#5346=IFCADVANCEDFACE((#5340),#5345,.T.);
#5347=IFCCARTESIANPOINT((6.65326881408691,11.0461025238037,0.100000001490116));
#5348=IFCVERTEXPOINT(#5347);
#5349=IFCCARTESIANPOINT((7.25326871871948,-7.55389738082886,0.100000001490116));
#5350=IFCVERTEXPOINT(#5349);
#5351=IFCCARTESIANPOINT((6.65326881408691,11.0461025238037,0.100000001490116));
#5352=IFCDIRECTION((0.0322412890568077,-0.999480114499511,0.));
#5353=IFCVECTOR(#5352,1.);
#5354=IFCLINE(#5351,#5353);
#5355=IFCEDGECURVE(#5348,#5350,#5354,.T.);
#5356=IFCORIENTEDEDGE(*,*,#5355,.T.);
#5357=IFCCARTESIANPOINT((7.25326871871948,-7.55389738082886,0.100000001490116));
#5358=IFCVERTEXPOINT(#5357);
#5359=IFCCARTESIANPOINT((7.25326871871948,11.0461025238037,0.100000001490116));
#5360=IFCVERTEXPOINT(#5359);
#5361=IFCCARTESIANPOINT((7.25326871871948,-7.55389738082886,0.100000001490116));
#5362=IFCDIRECTION((0.,1.,0.));
#5363=IFCVECTOR(#5362,1.);
#5364=IFCLINE(#5361,#5363);
#5365=IFCEDGECURVE(#5358,#5360,#5364,.T.);
#5366=IFCORIENTEDEDGE(*,*,#5365,.T.);
#5367=IFCCARTESIANPOINT((7.25326871871948,11.0461025238037,0.100000001490116));
#5368=IFCVERTEXPOINT(#5367);
#5369=IFCCARTESIANPOINT((6.65326881408691,11.0461025238037,0.100000001490116));
#5370=IFCVERTEXPOINT(#5369);
#5371=IFCCARTESIANPOINT((7.25326871871948,11.0461025238037,0.100000001490116));
#5372=IFCDIRECTION((-1.,0.,0.));
#5373=IFCVECTOR(#5372,1.);
#5374=IFCLINE(#5371,#5373);
#5375=IFCEDGECURVE(#5368,#5370,#5374,.T.);
#5376=IFCORIENTEDEDGE(*,*,#5375,.T.);
#5377=IFCEDGELOOP((#5356,#5366,#5376));
#5378=IFCFACEOUTERBOUND(#5377,.T.);
#5379=IFCCARTESIANPOINT((7.10085001753639,1.89368382262062,0.100000001490116));
#5380=IFCDIRECTION((-4.3917041154746E-31,-7.17287892188911E-33,1.));
#5381=IFCDIRECTION((1.,0.,4.3917041154746E-31));
#5382=IFCAXIS2PLACEMENT3D(#5379,#5380,#5381);
#5383=IFCPLANE(#5382);
#5384=IFCADVANCEDFACE((#5378),#5383,.T.);
#5385=IFCCARTESIANPOINT((-3.14673089981079,17.8461036682129,-0.100000001490116));
#5386=IFCVERTEXPOINT(#5385);
#5387=IFCCARTESIANPOINT((6.65326881408691,17.8461036682129,-0.100000001490116));
#5388=IFCVERTEXPOINT(#5387);
#5389=IFCCARTESIANPOINT((-3.14673089981079,17.8461036682129,-0.100000001490116));
#5390=IFCDIRECTION((1.,0.,0.));
#5391=IFCVECTOR(#5390,1.);
#5392=IFCLINE(#5389,#5391);
#5393=IFCEDGECURVE(#5386,#5388,#5392,.T.);
#5394=IFCORIENTEDEDGE(*,*,#5393,.T.);
#5395=IFCCARTESIANPOINT((6.65326881408691,17.8461036682129,-0.100000001490116));
#5396=IFCVERTEXPOINT(#5395);
#5397=IFCCARTESIANPOINT((-3.14673089981079,12.446102142334,-0.100000001490116));
#5398=IFCVERTEXPOINT(#5397);
#5399=IFCCARTESIANPOINT((6.65326881408691,17.8461036682129,-0.100000001490116));
#5400=IFCDIRECTION((-0.875838193022334,-0.48260486906306,0.));
#5401=IFCVECTOR(#5400,1.);
#5402=IFCLINE(#5399,#5401);
#5403=IFCEDGECURVE(#5396,#5398,#5402,.T.);
#5404=IFCORIENTEDEDGE(*,*,#5403,.T.);
#5405=IFCCARTESIANPOINT((-3.14673089981079,12.446102142334,-0.100000001490116));
#5406=IFCVERTEXPOINT(#5405);
#5407=IFCCARTESIANPOINT((-3.14673089981079,17.8461036682129,-0.100000001490116));
#5408=IFCVERTEXPOINT(#5407);
#5409=IFCCARTESIANPOINT((-3.14673089981079,12.446102142334,-0.100000001490116));
#5410=IFCDIRECTION((0.,1.,0.));
#5411=IFCVECTOR(#5410,1.);
#5412=IFCLINE(#5409,#5411);
#5413=IFCEDGECURVE(#5406,#5408,#5412,.T.);
#5414=IFCORIENTEDEDGE(*,*,#5413,.T.);
#5415=IFCEDGELOOP((#5394,#5404,#5414));
#5416=IFCFACEOUTERBOUND(#5415,.T.);
#5417=IFCCARTESIANPOINT((0.750588914788075,16.1487829476234,-0.100000001490116));
#5418=IFCDIRECTION((-0.,-0.,-1.));
#5419=IFCDIRECTION((-1.,0.,0.));
#5420=IFCAXIS2PLACEMENT3D(#5417,#5418,#5419);
#5421=IFCPLANE(#5420);
#5422=IFCADVANCEDFACE((#5416),#5421,.T.);
#5423=IFCCARTESIANPOINT((-3.14673089981079,12.446102142334,-0.100000001490116));
#5424=IFCVERTEXPOINT(#5423);
#5425=IFCCARTESIANPOINT((6.65326881408691,17.8461036682129,-0.100000001490116));
#5426=IFCVERTEXPOINT(#5425);
#5427=IFCCARTESIANPOINT((-3.14673089981079,12.446102142334,-0.100000001490116));
#5428=IFCDIRECTION((0.875838193022334,0.48260486906306,0.));
#5429=IFCVECTOR(#5428,1.);
#5430=IFCLINE(#5427,#5429);
#5431=IFCEDGECURVE(#5424,#5426,#5430,.T.);
#5432=IFCORIENTEDEDGE(*,*,#5431,.T.);
#5433=IFCCARTESIANPOINT((6.65326881408691,17.8461036682129,-0.100000001490116));
#5434=IFCVERTEXPOINT(#5433);
#5435=IFCCARTESIANPOINT((6.65326881408691,11.0461025238037,-0.100000001490116));
#5436=IFCVERTEXPOINT(#5435);
#5437=IFCCARTESIANPOINT((6.65326881408691,17.8461036682129,-0.100000001490116));
#5438=IFCDIRECTION((0.,-1.,0.));
#5439=IFCVECTOR(#5438,1.);
#5440=IFCLINE(#5437,#5439);
#5441=IFCEDGECURVE(#5434,#5436,#5440,.T.);
#5442=IFCORIENTEDEDGE(*,*,#5441,.T.);
#5443=IFCCARTESIANPOINT((6.65326881408691,11.0461025238037,-0.100000001490116));
#5444=IFCVERTEXPOINT(#5443);
#5445=IFCCARTESIANPOINT((-3.14673089981079,12.446102142334,-0.100000001490116));
#5446=IFCVERTEXPOINT(#5445);
#5447=IFCCARTESIANPOINT((6.65326881408691,11.0461025238037,-0.100000001490116));
#5448=IFCDIRECTION((-0.989949498477949,0.141421322519829,0.));
#5449=IFCVECTOR(#5448,1.);
#5450=IFCLINE(#5447,#5449);
#5451=IFCEDGECURVE(#5444,#5446,#5450,.T.);
#5452=IFCORIENTEDEDGE(*,*,#5451,.T.);
#5453=IFCEDGELOOP((#5432,#5442,#5452));
#5454=IFCFACEOUTERBOUND(#5453,.T.);
#5455=IFCCARTESIANPOINT((2.94801496040718,13.7685492369061,-0.100000001490116));
#5456=IFCDIRECTION((-5.18045302170495E-34,1.88288624812148E-33,-1.));
#5457=IFCDIRECTION((0.,-1.,-1.88288624812148E-33));
#5458=IFCAXIS2PLACEMENT3D(#5455,#5456,#5457);
#5459=IFCPLANE(#5458);
#5460=IFCADVANCEDFACE((#5454),#5459,.T.);
#5461=IFCCARTESIANPOINT((-3.14673089981079,12.446102142334,-0.100000001490116));
#5462=IFCVERTEXPOINT(#5461);
#5463=IFCCARTESIANPOINT((6.65326881408691,11.0461025238037,-0.100000001490116));
#5464=IFCVERTEXPOINT(#5463);
#5465=IFCCARTESIANPOINT((-3.14673089981079,12.446102142334,-0.100000001490116));
#5466=IFCDIRECTION((0.989949498477949,-0.141421322519829,0.));
#5467=IFCVECTOR(#5466,1.);
#5468=IFCLINE(#5465,#5467);
#5469=IFCEDGECURVE(#5462,#5464,#5468,.T.);
#5470=IFCORIENTEDEDGE(*,*,#5469,.T.);
#5471=IFCCARTESIANPOINT((6.65326881408691,11.0461025238037,-0.100000001490116));
#5472=IFCVERTEXPOINT(#5471);
#5473=IFCCARTESIANPOINT((7.25326871871948,-7.55389738082886,-0.100000001490116));
#5474=IFCVERTEXPOINT(#5473);
#5475=IFCCARTESIANPOINT((6.65326881408691,11.0461025238037,-0.100000001490116));
#5476=IFCDIRECTION((0.0322412890568077,-0.999480114499511,0.));
#5477=IFCVECTOR(#5476,1.);
#5478=IFCLINE(#5475,#5477);
#5479=IFCEDGECURVE(#5472,#5474,#5478,.T.);
#5480=IFCORIENTEDEDGE(*,*,#5479,.T.);
#5481=IFCCARTESIANPOINT((7.25326871871948,-7.55389738082886,-0.100000001490116));
#5482=IFCVERTEXPOINT(#5481);
#5483=IFCCARTESIANPOINT((-3.14673089981079,12.446102142334,-0.100000001490116));
#5484=IFCVERTEXPOINT(#5483);
#5485=IFCCARTESIANPOINT((7.25326871871948,-7.55389738082886,-0.100000001490116));
#5486=IFCDIRECTION((-0.461352731979827,0.88721680365892,0.));
#5487=IFCVECTOR(#5486,1.);
#5488=IFCLINE(#5485,#5487);
#5489=IFCEDGECURVE(#5482,#5484,#5488,.T.);
#5490=IFCORIENTEDEDGE(*,*,#5489,.T.);
#5491=IFCEDGELOOP((#5470,#5480,#5490));
#5492=IFCFACEOUTERBOUND(#5491,.T.);
#5493=IFCCARTESIANPOINT((3.78127747582331,3.9943118754642,-0.100000001490116));
#5494=IFCDIRECTION((-0.,-0.,-1.));
#5495=IFCDIRECTION((-1.,0.,0.));
#5496=IFCAXIS2PLACEMENT3D(#5493,#5494,#5495);
#5497=IFCPLANE(#5496);
#5498=IFCADVANCEDFACE((#5492),#5497,.T.);
#5499=IFCCARTESIANPOINT((7.25326871871948,-7.55389738082886,-0.100000001490116));
#5500=IFCVERTEXPOINT(#5499);
#5501=IFCCARTESIANPOINT((6.65326881408691,11.0461025238037,-0.100000001490116));
#5502=IFCVERTEXPOINT(#5501);
#5503=IFCCARTESIANPOINT((7.25326871871948,-7.55389738082886,-0.100000001490116));
#5504=IFCDIRECTION((-0.0322412890568077,0.999480114499511,0.));
#5505=IFCVECTOR(#5504,1.);
#5506=IFCLINE(#5503,#5505);
#5507=IFCEDGECURVE(#5500,#5502,#5506,.T.);
#5508=IFCORIENTEDEDGE(*,*,#5507,.T.);
#5509=IFCCARTESIANPOINT((6.65326881408691,11.0461025238037,-0.100000001490116));
#5510=IFCVERTEXPOINT(#5509);
#5511=IFCCARTESIANPOINT((7.25326871871948,11.0461025238037,-0.100000001490116));
#5512=IFCVERTEXPOINT(#5511);
#5513=IFCCARTESIANPOINT((6.65326881408691,11.0461025238037,-0.100000001490116));
#5514=IFCDIRECTION((1.,0.,0.));
#5515=IFCVECTOR(#5514,1.);
#5516=IFCLINE(#5513,#5515);
#5517=IFCEDGECURVE(#5510,#5512,#5516,.T.);
#5518=IFCORIENTEDEDGE(*,*,#5517,.T.);
#5519=IFCCARTESIANPOINT((7.25326871871948,11.0461025238037,-0.100000001490116));
#5520=IFCVERTEXPOINT(#5519);
#5521=IFCCARTESIANPOINT((7.25326871871948,-7.55389738082886,-0.100000001490116));
#5522=IFCVERTEXPOINT(#5521);
#5523=IFCCARTESIANPOINT((7.25326871871948,11.0461025238037,-0.100000001490116));
#5524=IFCDIRECTION((0.,-1.,0.));
#5525=IFCVECTOR(#5524,1.);
#5526=IFCLINE(#5523,#5525);
#5527=IFCEDGECURVE(#5520,#5522,#5526,.T.);
#5528=IFCORIENTEDEDGE(*,*,#5527,.T.);
#5529=IFCEDGELOOP((#5508,#5518,#5528));
#5530=IFCFACEOUTERBOUND(#5529,.T.);
#5531=IFCCARTESIANPOINT((7.10085001753639,1.89368382262062,-0.100000001490116));
#5532=IFCDIRECTION((-4.37598349515329E-31,-7.12997628738633E-33,-1.));
#5533=IFCDIRECTION((-1.,0.,4.37598349515329E-31));
#5534=IFCAXIS2PLACEMENT3D(#5531,#5532,#5533);
#5535=IFCPLANE(#5534);
#5536=IFCADVANCEDFACE((#5530),#5535,.T.);
#5537=IFCCARTESIANPOINT((-12.7467308044434,-7.55389738082886,-0.100000001490116));
#5538=IFCVERTEXPOINT(#5537);
#5539=IFCCARTESIANPOINT((-12.7467308044434,12.446102142334,-0.100000001490116));
#5540=IFCVERTEXPOINT(#5539);
#5541=IFCCARTESIANPOINT((-12.7467308044434,-7.55389738082886,-0.100000001490116));
#5542=IFCDIRECTION((0.,1.,0.));
#5543=IFCVECTOR(#5542,1.);
#5544=IFCLINE(#5541,#5543);
#5545=IFCEDGECURVE(#5538,#5540,#5544,.T.);
#5546=IFCORIENTEDEDGE(*,*,#5545,.T.);
#5547=IFCCARTESIANPOINT((-12.7467308044434,12.446102142334,-0.100000001490116));
#5548=IFCVERTEXPOINT(#5547);
#5549=IFCCARTESIANPOINT((-3.14673089981079,12.446102142334,-0.100000001490116));
#5550=IFCVERTEXPOINT(#5549);
#5551=IFCCARTESIANPOINT((-12.7467308044434,12.446102142334,-0.100000001490116));
#5552=IFCDIRECTION((1.,0.,0.));
#5553=IFCVECTOR(#5552,1.);
#5554=IFCLINE(#5551,#5553);
#5555=IFCEDGECURVE(#5548,#5550,#5554,.T.);
#5556=IFCORIENTEDEDGE(*,*,#5555,.T.);
#5557=IFCCARTESIANPOINT((-3.14673089981079,12.446102142334,-0.100000001490116));
#5558=IFCVERTEXPOINT(#5557);
#5559=IFCCARTESIANPOINT((-12.7467308044434,-7.55389738082886,-0.100000001490116));
#5560=IFCVERTEXPOINT(#5559);
#5561=IFCCARTESIANPOINT((-3.14673089981079,12.446102142334,-0.100000001490116));
#5562=IFCDIRECTION((-0.43273107247612,-0.901523055120426,0.));
#5563=IFCVECTOR(#5562,1.);
#5564=IFCLINE(#5561,#5563);
#5565=IFCEDGECURVE(#5558,#5560,#5564,.T.);
#5566=IFCORIENTEDEDGE(*,*,#5565,.T.);
#5567=IFCEDGELOOP((#5546,#5556,#5566));
#5568=IFCFACEOUTERBOUND(#5567,.T.);
#5569=IFCCARTESIANPOINT((-9.80056097731815,4.29993250594363,-0.100000001490116));
#5570=IFCDIRECTION((-0.,-0.,-1.));
#5571=IFCDIRECTION((-1.,0.,0.));
#5572=IFCAXIS2PLACEMENT3D(#5569,#5570,#5571);
#5573=IFCPLANE(#5572);
#5574=IFCADVANCEDFACE((#5568),#5573,.T.);
#5575=IFCCARTESIANPOINT((-12.7467308044434,-7.55389738082886,-0.100000001490116));
#5576=IFCVERTEXPOINT(#5575);
#5577=IFCCARTESIANPOINT((-3.14673089981079,12.446102142334,-0.100000001490116));
#5578=IFCVERTEXPOINT(#5577);
#5579=IFCCARTESIANPOINT((-12.7467308044434,-7.55389738082886,-0.100000001490116));
#5580=IFCDIRECTION((0.43273107247612,0.901523055120426,0.));
#5581=IFCVECTOR(#5580,1.);
#5582=IFCLINE(#5579,#5581);
#5583=IFCEDGECURVE(#5576,#5578,#5582,.T.);
#5584=IFCORIENTEDEDGE(*,*,#5583,.T.);
#5585=IFCCARTESIANPOINT((-3.14673089981079,12.446102142334,-0.100000001490116));
#5586=IFCVERTEXPOINT(#5585);
#5587=IFCCARTESIANPOINT((7.25326871871948,-7.55389738082886,-0.100000001490116));
#5588=IFCVERTEXPOINT(#5587);
#5589=IFCCARTESIANPOINT((-3.14673089981079,12.446102142334,-0.100000001490116));
#5590=IFCDIRECTION((0.461352731979827,-0.88721680365892,0.));
#5591=IFCVECTOR(#5590,1.);
#5592=IFCLINE(#5589,#5591);
#5593=IFCEDGECURVE(#5586,#5588,#5592,.T.);
#5594=IFCORIENTEDEDGE(*,*,#5593,.T.);
#5595=IFCCARTESIANPOINT((7.25326871871948,-7.55389738082886,-0.100000001490116));
#5596=IFCVERTEXPOINT(#5595);
#5597=IFCCARTESIANPOINT((-12.7467308044434,-7.55389738082886,-0.100000001490116));
#5598=IFCVERTEXPOINT(#5597);
#5599=IFCCARTESIANPOINT((7.25326871871948,-7.55389738082886,-0.100000001490116));
#5600=IFCDIRECTION((-1.,0.,0.));
#5601=IFCVECTOR(#5600,1.);
#5602=IFCLINE(#5599,#5601);
#5603=IFCEDGECURVE(#5596,#5598,#5602,.T.);
#5604=IFCORIENTEDEDGE(*,*,#5603,.T.);
#5605=IFCEDGELOOP((#5584,#5594,#5604));
#5606=IFCFACEOUTERBOUND(#5605,.T.);
#5607=IFCCARTESIANPOINT((-2.85729973141451,-0.643794201055838,-0.100000001490116));
#5608=IFCDIRECTION((-0.,-0.,-1.));
#5609=IFCDIRECTION((-1.,0.,0.));
#5610=IFCAXIS2PLACEMENT3D(#5607,#5608,#5609);
#5611=IFCPLANE(#5610);
#5612=IFCADVANCEDFACE((#5606),#5611,.T.);
#5613=IFCCARTESIANPOINT((-3.14673089981079,17.8461036682129,0.100000001490116));
#5614=IFCVERTEXPOINT(#5613);
#5615=IFCCARTESIANPOINT((-3.14673089981079,17.8461036682129,-0.100000001490116));
#5616=IFCVERTEXPOINT(#5615);
#5617=IFCCARTESIANPOINT((-3.14673089981079,17.8461036682129,0.100000001490116));
#5618=IFCDIRECTION((0.,0.,-1.));
#5619=IFCVECTOR(#5618,1.);
#5620=IFCLINE(#5617,#5619);
#5621=IFCEDGECURVE(#5614,#5616,#5620,.T.);
#5622=IFCORIENTEDEDGE(*,*,#5621,.T.);
#5623=IFCCARTESIANPOINT((-3.14673089981079,17.8461036682129,-0.100000001490116));
#5624=IFCVERTEXPOINT(#5623);
#5625=IFCCARTESIANPOINT((-3.14673089981079,12.446102142334,-0.100000001490116));
#5626=IFCVERTEXPOINT(#5625);
#5627=IFCCARTESIANPOINT((-3.14673089981079,17.8461036682129,-0.100000001490116));
#5628=IFCDIRECTION((0.,-1.,0.));
#5629=IFCVECTOR(#5628,1.);
#5630=IFCLINE(#5627,#5629);
#5631=IFCEDGECURVE(#5624,#5626,#5630,.T.);
#5632=IFCORIENTEDEDGE(*,*,#5631,.T.);
#5633=IFCCARTESIANPOINT((-3.14673089981079,12.446102142334,-0.100000001490116));
#5634=IFCVERTEXPOINT(#5633);
#5635=IFCCARTESIANPOINT((-3.14673089981079,17.8461036682129,0.100000001490116));
#5636=IFCVERTEXPOINT(#5635);
#5637=IFCCARTESIANPOINT((-3.14673089981079,12.446102142334,-0.100000001490116));
#5638=IFCDIRECTION((0.,0.999314834133186,0.0370116506165797));
#5639=IFCVECTOR(#5638,1.);
#5640=IFCLINE(#5637,#5639);
#5641=IFCEDGECURVE(#5634,#5636,#5640,.T.);
#5642=IFCORIENTEDEDGE(*,*,#5641,.T.);
#5643=IFCEDGELOOP((#5622,#5632,#5642));
#5644=IFCFACEOUTERBOUND(#5643,.T.);
#5645=IFCCARTESIANPOINT((-3.14673089981079,15.1951772976417,-0.0490743923682227));
#5646=IFCDIRECTION((-1.,-1.99281913746285E-31,3.94240630127003E-30));
#5647=IFCDIRECTION((-3.94240630127003E-30,0.,-1.));
#5648=IFCAXIS2PLACEMENT3D(#5645,#5646,#5647);
#5649=IFCPLANE(#5648);
#5650=IFCADVANCEDFACE((#5644),#5649,.T.);
#5651=IFCCARTESIANPOINT((-3.14673089981079,17.8461036682129,0.100000001490116));
#5652=IFCVERTEXPOINT(#5651);
#5653=IFCCARTESIANPOINT((-3.14673089981079,12.446102142334,-0.100000001490116));
#5654=IFCVERTEXPOINT(#5653);
#5655=IFCCARTESIANPOINT((-3.14673089981079,17.8461036682129,0.100000001490116));
#5656=IFCDIRECTION((0.,-0.999314834133186,-0.0370116506165797));
#5657=IFCVECTOR(#5656,1.);
#5658=IFCLINE(#5655,#5657);
#5659=IFCEDGECURVE(#5652,#5654,#5658,.T.);
#5660=IFCORIENTEDEDGE(*,*,#5659,.T.);
#5661=IFCCARTESIANPOINT((-3.14673089981079,12.446102142334,-0.100000001490116));
#5662=IFCVERTEXPOINT(#5661);
#5663=IFCCARTESIANPOINT((-3.14673089981079,12.446102142334,0.100000001490116));
#5664=IFCVERTEXPOINT(#5663);
#5665=IFCCARTESIANPOINT((-3.14673089981079,12.446102142334,-0.100000001490116));
#5666=IFCDIRECTION((0.,0.,1.));
#5667=IFCVECTOR(#5666,1.);
#5668=IFCLINE(#5665,#5667);
#5669=IFCEDGECURVE(#5662,#5664,#5668,.T.);
#5670=IFCORIENTEDEDGE(*,*,#5669,.T.);
#5671=IFCCARTESIANPOINT((-3.14673089981079,12.446102142334,0.100000001490116));
#5672=IFCVERTEXPOINT(#5671);
#5673=IFCCARTESIANPOINT((-3.14673089981079,17.8461036682129,0.100000001490116));
#5674=IFCVERTEXPOINT(#5673);
#5675=IFCCARTESIANPOINT((-3.14673089981079,12.446102142334,0.100000001490116));
#5676=IFCDIRECTION((0.,1.,0.));
#5677=IFCVECTOR(#5676,1.);
#5678=IFCLINE(#5675,#5677);
#5679=IFCEDGECURVE(#5672,#5674,#5678,.T.);
#5680=IFCORIENTEDEDGE(*,*,#5679,.T.);
#5681=IFCEDGELOOP((#5660,#5670,#5680));
#5682=IFCFACEOUTERBOUND(#5681,.T.);
#5683=IFCCARTESIANPOINT((-3.14673089981079,15.0970285129052,0.0490743923682227));
#5684=IFCDIRECTION((-1.,-1.17802814360818E-31,1.69617619226871E-30));
#5685=IFCDIRECTION((-1.69617619226871E-30,0.,-1.));
#5686=IFCAXIS2PLACEMENT3D(#5683,#5684,#5685);
#5687=IFCPLANE(#5686);
#5688=IFCADVANCEDFACE((#5682),#5687,.T.);
#5689=IFCCARTESIANPOINT((-3.14673089981079,12.446102142334,0.100000001490116));
#5690=IFCVERTEXPOINT(#5689);
#5691=IFCCARTESIANPOINT((-3.14673089981079,12.446102142334,-0.100000001490116));
#5692=IFCVERTEXPOINT(#5691);
#5693=IFCCARTESIANPOINT((-3.14673089981079,12.446102142334,0.100000001490116));
#5694=IFCDIRECTION((0.,0.,-1.));
#5695=IFCVECTOR(#5694,1.);
#5696=IFCLINE(#5693,#5695);
#5697=IFCEDGECURVE(#5690,#5692,#5696,.T.);
#5698=IFCORIENTEDEDGE(*,*,#5697,.T.);
#5699=IFCCARTESIANPOINT((-3.14673089981079,12.446102142334,-0.100000001490116));
#5700=IFCVERTEXPOINT(#5699);
#5701=IFCCARTESIANPOINT((-12.7467308044434,12.446102142334,-0.100000001490116));
#5702=IFCVERTEXPOINT(#5701);
#5703=IFCCARTESIANPOINT((-3.14673089981079,12.446102142334,-0.100000001490116));
#5704=IFCDIRECTION((-1.,0.,0.));
#5705=IFCVECTOR(#5704,1.);
#5706=IFCLINE(#5703,#5705);
#5707=IFCEDGECURVE(#5700,#5702,#5706,.T.);
#5708=IFCORIENTEDEDGE(*,*,#5707,.T.);
#5709=IFCCARTESIANPOINT((-12.7467308044434,12.446102142334,-0.100000001490116));
#5710=IFCVERTEXPOINT(#5709);
#5711=IFCCARTESIANPOINT((-3.14673089981079,12.446102142334,0.100000001490116));
#5712=IFCVERTEXPOINT(#5711);
#5713=IFCCARTESIANPOINT((-12.7467308044434,12.446102142334,-0.100000001490116));
#5714=IFCDIRECTION((0.99978305671734,0.,0.0208288141989004));
#5715=IFCVECTOR(#5714,1.);
#5716=IFCLINE(#5713,#5715);
#5717=IFCEDGECURVE(#5710,#5712,#5716,.T.);
#5718=IFCORIENTEDEDGE(*,*,#5717,.T.);
#5719=IFCEDGELOOP((#5698,#5708,#5718));
#5720=IFCFACEOUTERBOUND(#5719,.T.);
#5721=IFCCARTESIANPOINT((-7.89725162823427,12.446102142334,-0.0494792238928063));
#5722=IFCDIRECTION((0.,1.,0.));
#5723=IFCDIRECTION((0.,-0.,1.));
#5724=IFCAXIS2PLACEMENT3D(#5721,#5722,#5723);
#5725=IFCPLANE(#5724);
#5726=IFCADVANCEDFACE((#5720),#5725,.T.);
#5727=IFCCARTESIANPOINT((-3.14673089981079,12.446102142334,0.100000001490116));
#5728=IFCVERTEXPOINT(#5727);
#5729=IFCCARTESIANPOINT((-12.7467308044434,12.446102142334,-0.100000001490116));
#5730=IFCVERTEXPOINT(#5729);
#5731=IFCCARTESIANPOINT((-3.14673089981079,12.446102142334,0.100000001490116));
#5732=IFCDIRECTION((-0.99978305671734,0.,-0.0208288141989004));
#5733=IFCVECTOR(#5732,1.);
#5734=IFCLINE(#5731,#5733);
#5735=IFCEDGECURVE(#5728,#5730,#5734,.T.);
#5736=IFCORIENTEDEDGE(*,*,#5735,.T.);
#5737=IFCCARTESIANPOINT((-12.7467308044434,12.446102142334,-0.100000001490116));
#5738=IFCVERTEXPOINT(#5737);
#5739=IFCCARTESIANPOINT((-12.7467308044434,12.446102142334,0.100000001490116));
#5740=IFCVERTEXPOINT(#5739);
#5741=IFCCARTESIANPOINT((-12.7467308044434,12.446102142334,-0.100000001490116));
#5742=IFCDIRECTION((0.,0.,1.));
#5743=IFCVECTOR(#5742,1.);
#5744=IFCLINE(#5741,#5743);
#5745=IFCEDGECURVE(#5738,#5740,#5744,.T.);
#5746=IFCORIENTEDEDGE(*,*,#5745,.T.);
#5747=IFCCARTESIANPOINT((-12.7467308044434,12.446102142334,0.100000001490116));
#5748=IFCVERTEXPOINT(#5747);
#5749=IFCCARTESIANPOINT((-3.14673089981079,12.446102142334,0.100000001490116));
#5750=IFCVERTEXPOINT(#5749);
#5751=IFCCARTESIANPOINT((-12.7467308044434,12.446102142334,0.100000001490116));
#5752=IFCDIRECTION((1.,0.,0.));
#5753=IFCVECTOR(#5752,1.);
#5754=IFCLINE(#5751,#5753);
#5755=IFCEDGECURVE(#5748,#5750,#5754,.T.);
#5756=IFCORIENTEDEDGE(*,*,#5755,.T.);
#5757=IFCEDGELOOP((#5736,#5746,#5756));
#5758=IFCFACEOUTERBOUND(#5757,.T.);
#5759=IFCCARTESIANPOINT((-7.99621007601988,12.446102142334,0.0494792238928063));
#5760=IFCDIRECTION((0.,1.,0.));
#5761=IFCDIRECTION((0.,-0.,1.));
#5762=IFCAXIS2PLACEMENT3D(#5759,#5760,#5761);
#5763=IFCPLANE(#5762);
#5764=IFCADVANCEDFACE((#5758),#5763,.T.);
#5765=IFCCARTESIANPOINT((-12.7467308044434,12.446102142334,0.100000001490116));
#5766=IFCVERTEXPOINT(#5765);
#5767=IFCCARTESIANPOINT((-12.7467308044434,12.446102142334,-0.100000001490116));
#5768=IFCVERTEXPOINT(#5767);
#5769=IFCCARTESIANPOINT((-12.7467308044434,12.446102142334,0.100000001490116));
#5770=IFCDIRECTION((0.,0.,-1.));
#5771=IFCVECTOR(#5770,1.);
#5772=IFCLINE(#5769,#5771);
#5773=IFCEDGECURVE(#5766,#5768,#5772,.T.);
#5774=IFCORIENTEDEDGE(*,*,#5773,.T.);
#5775=IFCCARTESIANPOINT((-12.7467308044434,12.446102142334,-0.100000001490116));
#5776=IFCVERTEXPOINT(#5775);
#5777=IFCCARTESIANPOINT((-12.7467308044434,-7.55389738082886,-0.100000001490116));
#5778=IFCVERTEXPOINT(#5777);
#5779=IFCCARTESIANPOINT((-12.7467308044434,12.446102142334,-0.100000001490116));
#5780=IFCDIRECTION((0.,-1.,0.));
#5781=IFCVECTOR(#5780,1.);
#5782=IFCLINE(#5779,#5781);
#5783=IFCEDGECURVE(#5776,#5778,#5782,.T.);
#5784=IFCORIENTEDEDGE(*,*,#5783,.T.);
#5785=IFCCARTESIANPOINT((-12.7467308044434,-7.55389738082886,-0.100000001490116));
#5786=IFCVERTEXPOINT(#5785);
#5787=IFCCARTESIANPOINT((-12.7467308044434,12.446102142334,0.100000001490116));
#5788=IFCVERTEXPOINT(#5787);
#5789=IFCCARTESIANPOINT((-12.7467308044434,-7.55389738082886,-0.100000001490116));
#5790=IFCDIRECTION((0.,0.999950003745814,0.00999950042486897));
#5791=IFCVECTOR(#5790,1.);
#5792=IFCLINE(#5789,#5791);
#5793=IFCEDGECURVE(#5786,#5788,#5792,.T.);
#5794=IFCORIENTEDEDGE(*,*,#5793,.T.);
#5795=IFCEDGELOOP((#5774,#5784,#5794));
#5796=IFCFACEOUTERBOUND(#5795,.T.);
#5797=IFCCARTESIANPOINT((-12.7467308044434,2.4958523877339,-0.0497500069813353));
#5798=IFCDIRECTION((-1.,-5.96749402491676E-32,7.22495648281847E-30));
#5799=IFCDIRECTION((-7.22495648281847E-30,0.,-1.));
#5800=IFCAXIS2PLACEMENT3D(#5797,#5798,#5799);
#5801=IFCPLANE(#5800);
#5802=IFCADVANCEDFACE((#5796),#5801,.T.);
#5803=IFCCARTESIANPOINT((-12.7467308044434,12.446102142334,0.100000001490116));
#5804=IFCVERTEXPOINT(#5803);
#5805=IFCCARTESIANPOINT((-12.7467308044434,-7.55389738082886,-0.100000001490116));
#5806=IFCVERTEXPOINT(#5805);
#5807=IFCCARTESIANPOINT((-12.7467308044434,12.446102142334,0.100000001490116));
#5808=IFCDIRECTION((0.,-0.999950003745814,-0.00999950042486897));
#5809=IFCVECTOR(#5808,1.);
#5810=IFCLINE(#5807,#5809);
#5811=IFCEDGECURVE(#5804,#5806,#5810,.T.);
#5812=IFCORIENTEDEDGE(*,*,#5811,.T.);
#5813=IFCCARTESIANPOINT((-12.7467308044434,-7.55389738082886,-0.100000001490116));
#5814=IFCVERTEXPOINT(#5813);
#5815=IFCCARTESIANPOINT((-12.7467308044434,-7.55389738082886,0.100000001490116));
#5816=IFCVERTEXPOINT(#5815);
#5817=IFCCARTESIANPOINT((-12.7467308044434,-7.55389738082886,-0.100000001490116));
#5818=IFCDIRECTION((0.,0.,1.));
#5819=IFCVECTOR(#5818,1.);
#5820=IFCLINE(#5817,#5819);
#5821=IFCEDGECURVE(#5814,#5816,#5820,.T.);
#5822=IFCORIENTEDEDGE(*,*,#5821,.T.);
#5823=IFCCARTESIANPOINT((-12.7467308044434,-7.55389738082886,0.100000001490116));
#5824=IFCVERTEXPOINT(#5823);
#5825=IFCCARTESIANPOINT((-12.7467308044434,12.446102142334,0.100000001490116));
#5826=IFCVERTEXPOINT(#5825);
#5827=IFCCARTESIANPOINT((-12.7467308044434,-7.55389738082886,0.100000001490116));
#5828=IFCDIRECTION((0.,1.,0.));
#5829=IFCVECTOR(#5828,1.);
#5830=IFCLINE(#5827,#5829);
#5831=IFCEDGECURVE(#5824,#5826,#5830,.T.);
#5832=IFCORIENTEDEDGE(*,*,#5831,.T.);
#5833=IFCEDGELOOP((#5812,#5822,#5832));
#5834=IFCFACEOUTERBOUND(#5833,.T.);
#5835=IFCCARTESIANPOINT((-12.7467308044434,2.39635237377123,0.0497500069813353));
#5836=IFCDIRECTION((-1.,-5.65303681202137E-33,-4.39332566685304E-31));
#5837=IFCDIRECTION((4.39332566685304E-31,0.,-1.));
#5838=IFCAXIS2PLACEMENT3D(#5835,#5836,#5837);
#5839=IFCPLANE(#5838);
#5840=IFCADVANCEDFACE((#5834),#5839,.T.);
#5841=IFCCARTESIANPOINT((-12.7467308044434,-7.55389738082886,0.100000001490116));
#5842=IFCVERTEXPOINT(#5841);
#5843=IFCCARTESIANPOINT((-12.7467308044434,-7.55389738082886,-0.100000001490116));
#5844=IFCVERTEXPOINT(#5843);
#5845=IFCCARTESIANPOINT((-12.7467308044434,-7.55389738082886,0.100000001490116));
#5846=IFCDIRECTION((0.,0.,-1.));
#5847=IFCVECTOR(#5846,1.);
#5848=IFCLINE(#5845,#5847);
#5849=IFCEDGECURVE(#5842,#5844,#5848,.T.);
#5850=IFCORIENTEDEDGE(*,*,#5849,.T.);
#5851=IFCCARTESIANPOINT((-12.7467308044434,-7.55389738082886,-0.100000001490116));
#5852=IFCVERTEXPOINT(#5851);
#5853=IFCCARTESIANPOINT((7.25326871871948,-7.55389738082886,-0.100000001490116));
#5854=IFCVERTEXPOINT(#5853);
#5855=IFCCARTESIANPOINT((-12.7467308044434,-7.55389738082886,-0.100000001490116));
#5856=IFCDIRECTION((1.,0.,0.));
#5857=IFCVECTOR(#5856,1.);
#5858=IFCLINE(#5855,#5857);
#5859=IFCEDGECURVE(#5852,#5854,#5858,.T.);
#5860=IFCORIENTEDEDGE(*,*,#5859,.T.);
#5861=IFCCARTESIANPOINT((7.25326871871948,-7.55389738082886,-0.100000001490116));
#5862=IFCVERTEXPOINT(#5861);
#5863=IFCCARTESIANPOINT((-12.7467308044434,-7.55389738082886,0.100000001490116));
#5864=IFCVERTEXPOINT(#5863);
#5865=IFCCARTESIANPOINT((7.25326871871948,-7.55389738082886,-0.100000001490116));
#5866=IFCDIRECTION((-0.999950003745814,0.,0.00999950042486897));
#5867=IFCVECTOR(#5866,1.);
#5868=IFCLINE(#5865,#5867);
#5869=IFCEDGECURVE(#5862,#5864,#5868,.T.);
#5870=IFCORIENTEDEDGE(*,*,#5869,.T.);
#5871=IFCEDGELOOP((#5850,#5860,#5870));
#5872=IFCFACEOUTERBOUND(#5871,.T.);
#5873=IFCCARTESIANPOINT((-2.79648104984327,-7.55389738082886,-0.0497500069813353));
#5874=IFCDIRECTION((-0.,-1.,-0.));
#5875=IFCDIRECTION((0.,0.,-1.));
#5876=IFCAXIS2PLACEMENT3D(#5873,#5874,#5875);
#5877=IFCPLANE(#5876);
#5878=IFCADVANCEDFACE((#5872),#5877,.T.);
#5879=IFCCARTESIANPOINT((-12.7467308044434,-7.55389738082886,0.100000001490116));
#5880=IFCVERTEXPOINT(#5879);
#5881=IFCCARTESIANPOINT((7.25326871871948,-7.55389738082886,-0.100000001490116));
#5882=IFCVERTEXPOINT(#5881);
#5883=IFCCARTESIANPOINT((-12.7467308044434,-7.55389738082886,0.100000001490116));
#5884=IFCDIRECTION((0.999950003745814,0.,-0.00999950042486897));
#5885=IFCVECTOR(#5884,1.);
#5886=IFCLINE(#5883,#5885);
#5887=IFCEDGECURVE(#5880,#5882,#5886,.T.);
#5888=IFCORIENTEDEDGE(*,*,#5887,.T.);
#5889=IFCCARTESIANPOINT((7.25326871871948,-7.55389738082886,-0.100000001490116));
#5890=IFCVERTEXPOINT(#5889);
#5891=IFCCARTESIANPOINT((7.25326871871948,-7.55389738082886,0.100000001490116));
#5892=IFCVERTEXPOINT(#5891);
#5893=IFCCARTESIANPOINT((7.25326871871948,-7.55389738082886,-0.100000001490116));
#5894=IFCDIRECTION((0.,0.,1.));
#5895=IFCVECTOR(#5894,1.);
#5896=IFCLINE(#5893,#5895);
#5897=IFCEDGECURVE(#5890,#5892,#5896,.T.);
#5898=IFCORIENTEDEDGE(*,*,#5897,.T.);
#5899=IFCCARTESIANPOINT((7.25326871871948,-7.55389738082886,0.100000001490116));
#5900=IFCVERTEXPOINT(#5899);
#5901=IFCCARTESIANPOINT((-12.7467308044434,-7.55389738082886,0.100000001490116));
#5902=IFCVERTEXPOINT(#5901);
#5903=IFCCARTESIANPOINT((7.25326871871948,-7.55389738082886,0.100000001490116));
#5904=IFCDIRECTION((-1.,0.,0.));
#5905=IFCVECTOR(#5904,1.);
#5906=IFCLINE(#5903,#5905);
#5907=IFCEDGECURVE(#5900,#5902,#5906,.T.);
#5908=IFCORIENTEDEDGE(*,*,#5907,.T.);
#5909=IFCEDGELOOP((#5888,#5898,#5908));
#5910=IFCFACEOUTERBOUND(#5909,.T.);
#5911=IFCCARTESIANPOINT((-2.6969810358806,-7.55389738082886,0.0497500069813353));
#5912=IFCDIRECTION((5.65303681202137E-33,-1.,-4.39332566685304E-31));
#5913=IFCDIRECTION((0.,4.39332566685304E-31,-1.));
#5914=IFCAXIS2PLACEMENT3D(#5911,#5912,#5913);
#5915=IFCPLANE(#5914);
#5916=IFCADVANCEDFACE((#5910),#5915,.T.);
#5917=IFCCARTESIANPOINT((7.25326871871948,-7.55389738082886,0.100000001490116));
#5918=IFCVERTEXPOINT(#5917);
#5919=IFCCARTESIANPOINT((7.25326871871948,-7.55389738082886,-0.100000001490116));
#5920=IFCVERTEXPOINT(#5919);
#5921=IFCCARTESIANPOINT((7.25326871871948,-7.55389738082886,0.100000001490116));
#5922=IFCDIRECTION((0.,0.,-1.));
#5923=IFCVECTOR(#5922,1.);
#5924=IFCLINE(#5921,#5923);
#5925=IFCEDGECURVE(#5918,#5920,#5924,.T.);
#5926=IFCORIENTEDEDGE(*,*,#5925,.T.);
#5927=IFCCARTESIANPOINT((7.25326871871948,-7.55389738082886,-0.100000001490116));
#5928=IFCVERTEXPOINT(#5927);
#5929=IFCCARTESIANPOINT((7.25326871871948,11.0461025238037,-0.100000001490116));
#5930=IFCVERTEXPOINT(#5929);
#5931=IFCCARTESIANPOINT((7.25326871871948,-7.55389738082886,-0.100000001490116));
#5932=IFCDIRECTION((0.,1.,0.));
#5933=IFCVECTOR(#5932,1.);
#5934=IFCLINE(#5931,#5933);
#5935=IFCEDGECURVE(#5928,#5930,#5934,.T.);
#5936=IFCORIENTEDEDGE(*,*,#5935,.T.);
#5937=IFCCARTESIANPOINT((7.25326871871948,11.0461025238037,-0.100000001490116));
#5938=IFCVERTEXPOINT(#5937);
#5939=IFCCARTESIANPOINT((7.25326871871948,-7.55389738082886,0.100000001490116));
#5940=IFCVERTEXPOINT(#5939);
#5941=IFCCARTESIANPOINT((7.25326871871948,11.0461025238037,-0.100000001490116));
#5942=IFCDIRECTION((0.,-0.99994219485876,0.0107520668267317));
#5943=IFCVECTOR(#5942,1.);
#5944=IFCLINE(#5941,#5943);
#5945=IFCEDGECURVE(#5938,#5940,#5944,.T.);
#5946=IFCORIENTEDEDGE(*,*,#5945,.T.);
#5947=IFCEDGELOOP((#5926,#5936,#5946));
#5948=IFCFACEOUTERBOUND(#5947,.T.);
#5949=IFCCARTESIANPOINT((7.25326871871948,1.69637138018633,-0.0497311913011004));
#5950=IFCDIRECTION((1.,-6.79243698995952E-33,-4.19631117124664E-31));
#5951=IFCDIRECTION((4.19631117124664E-31,0.,1.));
#5952=IFCAXIS2PLACEMENT3D(#5949,#5950,#5951);
#5953=IFCPLANE(#5952);
#5954=IFCADVANCEDFACE((#5948),#5953,.T.);
#5955=IFCCARTESIANPOINT((7.25326871871948,-7.55389738082886,0.100000001490116));
#5956=IFCVERTEXPOINT(#5955);
#5957=IFCCARTESIANPOINT((7.25326871871948,11.0461025238037,-0.100000001490116));
#5958=IFCVERTEXPOINT(#5957);
#5959=IFCCARTESIANPOINT((7.25326871871948,-7.55389738082886,0.100000001490116));
#5960=IFCDIRECTION((0.,0.99994219485876,-0.0107520668267317));
#5961=IFCVECTOR(#5960,1.);
#5962=IFCLINE(#5959,#5961);
#5963=IFCEDGECURVE(#5956,#5958,#5962,.T.);
#5964=IFCORIENTEDEDGE(*,*,#5963,.T.);
#5965=IFCCARTESIANPOINT((7.25326871871948,11.0461025238037,-0.100000001490116));
#5966=IFCVERTEXPOINT(#5965);
#5967=IFCCARTESIANPOINT((7.25326871871948,11.0461025238037,0.100000001490116));
#5968=IFCVERTEXPOINT(#5967);
#5969=IFCCARTESIANPOINT((7.25326871871948,11.0461025238037,-0.100000001490116));
#5970=IFCDIRECTION((0.,0.,1.));
#5971=IFCVECTOR(#5970,1.);
#5972=IFCLINE(#5969,#5971);
#5973=IFCEDGECURVE(#5966,#5968,#5972,.T.);
#5974=IFCORIENTEDEDGE(*,*,#5973,.T.);
#5975=IFCCARTESIANPOINT((7.25326871871948,11.0461025238037,0.100000001490116));
#5976=IFCVERTEXPOINT(#5975);
#5977=IFCCARTESIANPOINT((7.25326871871948,-7.55389738082886,0.100000001490116));
#5978=IFCVERTEXPOINT(#5977);
#5979=IFCCARTESIANPOINT((7.25326871871948,11.0461025238037,0.100000001490116));
#5980=IFCDIRECTION((0.,-1.,0.));
#5981=IFCVECTOR(#5980,1.);
#5982=IFCLINE(#5979,#5981);
#5983=IFCEDGECURVE(#5976,#5978,#5982,.T.);
#5984=IFCORIENTEDEDGE(*,*,#5983,.T.);
#5985=IFCEDGELOOP((#5964,#5974,#5984));
#5986=IFCFACEOUTERBOUND(#5985,.T.);
#5987=IFCCARTESIANPOINT((7.25326871871948,1.79583376278853,0.0497311913011004));
#5988=IFCDIRECTION((1.,6.79243698995952E-33,4.19631117124664E-31));
#5989=IFCDIRECTION((-4.19631117124664E-31,0.,1.));
#5990=IFCAXIS2PLACEMENT3D(#5987,#5988,#5989);
#5991=IFCPLANE(#5990);
#5992=IFCADVANCEDFACE((#5986),#5991,.T.);
#5993=IFCCARTESIANPOINT((7.25326871871948,11.0461025238037,0.100000001490116));
#5994=IFCVERTEXPOINT(#5993);
#5995=IFCCARTESIANPOINT((7.25326871871948,11.0461025238037,-0.100000001490116));
#5996=IFCVERTEXPOINT(#5995);
#5997=IFCCARTESIANPOINT((7.25326871871948,11.0461025238037,0.100000001490116));
#5998=IFCDIRECTION((0.,0.,-1.));
#5999=IFCVECTOR(#5998,1.);
#6000=IFCLINE(#5997,#5999);
#6001=IFCEDGECURVE(#5994,#5996,#6000,.T.);
#6002=IFCORIENTEDEDGE(*,*,#6001,.T.);
#6003=IFCCARTESIANPOINT((7.25326871871948,11.0461025238037,-0.100000001490116));
#6004=IFCVERTEXPOINT(#6003);
#6005=IFCCARTESIANPOINT((6.65326881408691,11.0461025238037,-0.100000001490116));
#6006=IFCVERTEXPOINT(#6005);
#6007=IFCCARTESIANPOINT((7.25326871871948,11.0461025238037,-0.100000001490116));
#6008=IFCDIRECTION((-1.,0.,0.));
#6009=IFCVECTOR(#6008,1.);
#6010=IFCLINE(#6007,#6009);
#6011=IFCEDGECURVE(#6004,#6006,#6010,.T.);
#6012=IFCORIENTEDEDGE(*,*,#6011,.T.);
#6013=IFCCARTESIANPOINT((6.65326881408691,11.0461025238037,-0.100000001490116));
#6014=IFCVERTEXPOINT(#6013);
#6015=IFCCARTESIANPOINT((7.25326871871948,11.0461025238037,0.100000001490116));
#6016=IFCVERTEXPOINT(#6015);
#6017=IFCCARTESIANPOINT((6.65326881408691,11.0461025238037,-0.100000001490116));
#6018=IFCDIRECTION((0.948683281557947,0.,0.316227815494534));
#6019=IFCVECTOR(#6018,1.);
#6020=IFCLINE(#6017,#6019);
#6021=IFCEDGECURVE(#6014,#6016,#6020,.T.);
#6022=IFCORIENTEDEDGE(*,*,#6021,.T.);
#6023=IFCEDGELOOP((#6002,#6012,#6022));
#6024=IFCFACEOUTERBOUND(#6023,.T.);
#6025=IFCCARTESIANPOINT((6.99515488268074,11.0461025238037,-0.0418861162775453));
#6026=IFCDIRECTION((0.,1.,0.));
#6027=IFCDIRECTION((0.,-0.,1.));
#6028=IFCAXIS2PLACEMENT3D(#6025,#6026,#6027);
#6029=IFCPLANE(#6028);
#6030=IFCADVANCEDFACE((#6024),#6029,.T.);
#6031=IFCCARTESIANPOINT((7.25326871871948,11.0461025238037,0.100000001490116));
#6032=IFCVERTEXPOINT(#6031);
#6033=IFCCARTESIANPOINT((6.65326881408691,11.0461025238037,-0.100000001490116));
#6034=IFCVERTEXPOINT(#6033);
#6035=IFCCARTESIANPOINT((7.25326871871948,11.0461025238037,0.100000001490116));
#6036=IFCDIRECTION((-0.948683281557947,0.,-0.316227815494534));
#6037=IFCVECTOR(#6036,1.);
#6038=IFCLINE(#6035,#6037);
#6039=IFCEDGECURVE(#6032,#6034,#6038,.T.);
#6040=IFCORIENTEDEDGE(*,*,#6039,.T.);
#6041=IFCCARTESIANPOINT((6.65326881408691,11.0461025238037,-0.100000001490116));
#6042=IFCVERTEXPOINT(#6041);
#6043=IFCCARTESIANPOINT((6.65326881408691,11.0461025238037,0.100000001490116));
#6044=IFCVERTEXPOINT(#6043);
#6045=IFCCARTESIANPOINT((6.65326881408691,11.0461025238037,-0.100000001490116));
#6046=IFCDIRECTION((0.,0.,1.));
#6047=IFCVECTOR(#6046,1.);
#6048=IFCLINE(#6045,#6047);
#6049=IFCEDGECURVE(#6042,#6044,#6048,.T.);
#6050=IFCORIENTEDEDGE(*,*,#6049,.T.);
#6051=IFCCARTESIANPOINT((6.65326881408691,11.0461025238037,0.100000001490116));
#6052=IFCVERTEXPOINT(#6051);
#6053=IFCCARTESIANPOINT((7.25326871871948,11.0461025238037,0.100000001490116));
#6054=IFCVERTEXPOINT(#6053);
#6055=IFCCARTESIANPOINT((6.65326881408691,11.0461025238037,0.100000001490116));
#6056=IFCDIRECTION((1.,0.,0.));
#6057=IFCVECTOR(#6056,1.);
#6058=IFCLINE(#6055,#6057);
#6059=IFCEDGECURVE(#6052,#6054,#6058,.T.);
#6060=IFCORIENTEDEDGE(*,*,#6059,.T.);
#6061=IFCEDGELOOP((#6040,#6050,#6060));
#6062=IFCFACEOUTERBOUND(#6061,.T.);
#6063=IFCCARTESIANPOINT((6.91138265012565,11.0461025238037,0.0418861162775453));
#6064=IFCDIRECTION((0.,1.,0.));
#6065=IFCDIRECTION((0.,-0.,1.));
#6066=IFCAXIS2PLACEMENT3D(#6063,#6064,#6065);
#6067=IFCPLANE(#6066);
#6068=IFCADVANCEDFACE((#6062),#6067,.T.);
#6069=IFCCARTESIANPOINT((6.65326881408691,11.0461025238037,0.100000001490116));
#6070=IFCVERTEXPOINT(#6069);
#6071=IFCCARTESIANPOINT((6.65326881408691,11.0461025238037,-0.100000001490116));
#6072=IFCVERTEXPOINT(#6071);
#6073=IFCCARTESIANPOINT((6.65326881408691,11.0461025238037,0.100000001490116));
#6074=IFCDIRECTION((0.,0.,-1.));
#6075=IFCVECTOR(#6074,1.);
#6076=IFCLINE(#6073,#6075);
#6077=IFCEDGECURVE(#6070,#6072,#6076,.T.);
#6078=IFCORIENTEDEDGE(*,*,#6077,.T.);
#6079=IFCCARTESIANPOINT((6.65326881408691,11.0461025238037,-0.100000001490116));
#6080=IFCVERTEXPOINT(#6079);
#6081=IFCCARTESIANPOINT((6.65326881408691,17.8461036682129,-0.100000001490116));
#6082=IFCVERTEXPOINT(#6081);
#6083=IFCCARTESIANPOINT((6.65326881408691,11.0461025238037,-0.100000001490116));
#6084=IFCDIRECTION((0.,1.,0.));
#6085=IFCVECTOR(#6084,1.);
#6086=IFCLINE(#6083,#6085);
#6087=IFCEDGECURVE(#6080,#6082,#6086,.T.);
#6088=IFCORIENTEDEDGE(*,*,#6087,.T.);
#6089=IFCCARTESIANPOINT((6.65326881408691,17.8461036682129,-0.100000001490116));
#6090=IFCVERTEXPOINT(#6089);
#6091=IFCCARTESIANPOINT((6.65326881408691,11.0461025238037,0.100000001490116));
#6092=IFCVERTEXPOINT(#6091);
#6093=IFCCARTESIANPOINT((6.65326881408691,17.8461036682129,-0.100000001490116));
#6094=IFCDIRECTION((0.,-0.999567754596875,0.0293990470961441));
#6095=IFCVECTOR(#6094,1.);
#6096=IFCLINE(#6093,#6095);
#6097=IFCEDGECURVE(#6090,#6092,#6096,.T.);
#6098=IFCORIENTEDEDGE(*,*,#6097,.T.);
#6099=IFCEDGELOOP((#6078,#6088,#6098));
#6100=IFCFACEOUTERBOUND(#6099,.T.);
#6101=IFCCARTESIANPOINT((6.65326881408691,14.396838230331,-0.0492648656773256));
#6102=IFCDIRECTION((1.,-2.5861347258625E-31,-5.00322760124183E-30));
#6103=IFCDIRECTION((5.00322760124183E-30,0.,1.));
#6104=IFCAXIS2PLACEMENT3D(#6101,#6102,#6103);
#6105=IFCPLANE(#6104);
#6106=IFCADVANCEDFACE((#6100),#6105,.T.);
#6107=IFCCARTESIANPOINT((6.65326881408691,11.0461025238037,0.100000001490116));
#6108=IFCVERTEXPOINT(#6107);
#6109=IFCCARTESIANPOINT((6.65326881408691,17.8461036682129,-0.100000001490116));
#6110=IFCVERTEXPOINT(#6109);
#6111=IFCCARTESIANPOINT((6.65326881408691,11.0461025238037,0.100000001490116));
#6112=IFCDIRECTION((0.,0.999567754596875,-0.0293990470961441));
#6113=IFCVECTOR(#6112,1.);
#6114=IFCLINE(#6111,#6113);
#6115=IFCEDGECURVE(#6108,#6110,#6114,.T.);
#6116=IFCORIENTEDEDGE(*,*,#6115,.T.);
#6117=IFCCARTESIANPOINT((6.65326881408691,17.8461036682129,-0.100000001490116));
#6118=IFCVERTEXPOINT(#6117);
#6119=IFCCARTESIANPOINT((6.65326881408691,17.8461036682129,0.100000001490116));
#6120=IFCVERTEXPOINT(#6119);
#6121=IFCCARTESIANPOINT((6.65326881408691,17.8461036682129,-0.100000001490116));
#6122=IFCDIRECTION((0.,0.,1.));
#6123=IFCVECTOR(#6122,1.);
#6124=IFCLINE(#6121,#6123);
#6125=IFCEDGECURVE(#6118,#6120,#6124,.T.);
#6126=IFCORIENTEDEDGE(*,*,#6125,.T.);
#6127=IFCCARTESIANPOINT((6.65326881408691,17.8461036682129,0.100000001490116));
#6128=IFCVERTEXPOINT(#6127);
#6129=IFCCARTESIANPOINT((6.65326881408691,11.0461025238037,0.100000001490116));
#6130=IFCVERTEXPOINT(#6129);
#6131=IFCCARTESIANPOINT((6.65326881408691,17.8461036682129,0.100000001490116));
#6132=IFCDIRECTION((0.,-1.,0.));
#6133=IFCVECTOR(#6132,1.);
#6134=IFCLINE(#6131,#6133);
#6135=IFCEDGECURVE(#6128,#6130,#6134,.T.);
#6136=IFCORIENTEDEDGE(*,*,#6135,.T.);
#6137=IFCEDGELOOP((#6116,#6126,#6136));
#6138=IFCFACEOUTERBOUND(#6137,.T.);
#6139=IFCCARTESIANPOINT((6.65326881408691,14.4953679616856,0.0492648656773256));
#6140=IFCDIRECTION((1.,-1.55730906819423E-31,-4.29808042401532E-30));
#6141=IFCDIRECTION((4.29808042401532E-30,0.,1.));
#6142=IFCAXIS2PLACEMENT3D(#6139,#6140,#6141);
#6143=IFCPLANE(#6142);
#6144=IFCADVANCEDFACE((#6138),#6143,.T.);
#6145=IFCCARTESIANPOINT((6.65326881408691,17.8461036682129,0.100000001490116));
#6146=IFCVERTEXPOINT(#6145);
#6147=IFCCARTESIANPOINT((6.65326881408691,17.8461036682129,-0.100000001490116));
#6148=IFCVERTEXPOINT(#6147);
#6149=IFCCARTESIANPOINT((6.65326881408691,17.8461036682129,0.100000001490116));
#6150=IFCDIRECTION((0.,0.,-1.));
#6151=IFCVECTOR(#6150,1.);
#6152=IFCLINE(#6149,#6151);
#6153=IFCEDGECURVE(#6146,#6148,#6152,.T.);
#6154=IFCORIENTEDEDGE(*,*,#6153,.T.);
#6155=IFCCARTESIANPOINT((6.65326881408691,17.8461036682129,-0.100000001490116));
#6156=IFCVERTEXPOINT(#6155);
#6157=IFCCARTESIANPOINT((-3.14673089981079,17.8461036682129,-0.100000001490116));
#6158=IFCVERTEXPOINT(#6157);
#6159=IFCCARTESIANPOINT((6.65326881408691,17.8461036682129,-0.100000001490116));
#6160=IFCDIRECTION((-1.,0.,0.));
#6161=IFCVECTOR(#6160,1.);
#6162=IFCLINE(#6159,#6161);
#6163=IFCEDGECURVE(#6156,#6158,#6162,.T.);
#6164=IFCORIENTEDEDGE(*,*,#6163,.T.);
#6165=IFCCARTESIANPOINT((-3.14673089981079,17.8461036682129,-0.100000001490116));
#6166=IFCVERTEXPOINT(#6165);
#6167=IFCCARTESIANPOINT((6.65326881408691,17.8461036682129,0.100000001490116));
#6168=IFCVERTEXPOINT(#6167);
#6169=IFCCARTESIANPOINT((-3.14673089981079,17.8461036682129,-0.100000001490116));
#6170=IFCDIRECTION((0.999791818445092,0.,0.020403915561861));
#6171=IFCVECTOR(#6170,1.);
#6172=IFCLINE(#6169,#6171);
#6173=IFCEDGECURVE(#6166,#6168,#6172,.T.);
#6174=IFCORIENTEDEDGE(*,*,#6173,.T.);
#6175=IFCEDGELOOP((#6154,#6164,#6174));
#6176=IFCFACEOUTERBOUND(#6175,.T.);
#6177=IFCCARTESIANPOINT((1.80275880688446,17.8461036682129,-0.0494898497463964));
#6178=IFCDIRECTION((0.,1.,0.));
#6179=IFCDIRECTION((0.,-0.,1.));
#6180=IFCAXIS2PLACEMENT3D(#6177,#6178,#6179);
#6181=IFCPLANE(#6180);
#6182=IFCADVANCEDFACE((#6176),#6181,.T.);
#6183=IFCCARTESIANPOINT((6.65326881408691,17.8461036682129,0.100000001490116));
#6184=IFCVERTEXPOINT(#6183);
#6185=IFCCARTESIANPOINT((-3.14673089981079,17.8461036682129,-0.100000001490116));
#6186=IFCVERTEXPOINT(#6185);
#6187=IFCCARTESIANPOINT((6.65326881408691,17.8461036682129,0.100000001490116));
#6188=IFCDIRECTION((-0.999791818445092,0.,-0.020403915561861));
#6189=IFCVECTOR(#6188,1.);
#6190=IFCLINE(#6187,#6189);
#6191=IFCEDGECURVE(#6184,#6186,#6190,.T.);
#6192=IFCORIENTEDEDGE(*,*,#6191,.T.);
#6193=IFCCARTESIANPOINT((-3.14673089981079,17.8461036682129,-0.100000001490116));
#6194=IFCVERTEXPOINT(#6193);
#6195=IFCCARTESIANPOINT((-3.14673089981079,17.8461036682129,0.100000001490116));
#6196=IFCVERTEXPOINT(#6195);
#6197=IFCCARTESIANPOINT((-3.14673089981079,17.8461036682129,-0.100000001490116));
#6198=IFCDIRECTION((0.,0.,1.));
#6199=IFCVECTOR(#6198,1.);
#6200=IFCLINE(#6197,#6199);
#6201=IFCEDGECURVE(#6194,#6196,#6200,.T.);
#6202=IFCORIENTEDEDGE(*,*,#6201,.T.);
#6203=IFCCARTESIANPOINT((-3.14673089981079,17.8461036682129,0.100000001490116));
#6204=IFCVERTEXPOINT(#6203);
#6205=IFCCARTESIANPOINT((6.65326881408691,17.8461036682129,0.100000001490116));
#6206=IFCVERTEXPOINT(#6205);
#6207=IFCCARTESIANPOINT((-3.14673089981079,17.8461036682129,0.100000001490116));
#6208=IFCDIRECTION((1.,0.,0.));
#6209=IFCVECTOR(#6208,1.);
#6210=IFCLINE(#6207,#6209);
#6211=IFCEDGECURVE(#6204,#6206,#6210,.T.);
#6212=IFCORIENTEDEDGE(*,*,#6211,.T.);
#6213=IFCEDGELOOP((#6192,#6202,#6212));
#6214=IFCFACEOUTERBOUND(#6213,.T.);
#6215=IFCCARTESIANPOINT((1.70377910739167,17.8461036682129,0.0494898497463964));
#6216=IFCDIRECTION((0.,1.,0.));
#6217=IFCDIRECTION((0.,-0.,1.));
#6218=IFCAXIS2PLACEMENT3D(#6215,#6216,#6217);
#6219=IFCPLANE(#6218);
#6220=IFCADVANCEDFACE((#6214),#6219,.T.);
#6221=IFCCLOSEDSHELL((#5194,#5232,#5270,#5308,#5346,#5384,#5422,#5460,#5498,#5536,#5574,#5612,#5650,#5688,#5726,#5764,#5802,#5840,#5878,#5916,#5954,#5992,#6030,#6068,#6106,#6144,#6182,#6220));
#6222=IFCADVANCEDBREP(#6221);
#6223=IFCSTYLEDITEM(#6222,(#555),$);
#6224=IFCSHAPEREPRESENTATION(#557,'Body','AdvancedBrep',(#6222));
#6225=IFCPRODUCTDEFINITIONSHAPE($,$,(#6224));
#6226=IFCBUILDINGELEMENTPROXY('11jEeDgLvC78IHj7Cx8dcd',$,'Surface 1','',$,#42,#6225,$,$);
#6227=IFCRELASSOCIATESMATERIAL('36uevqnLv2mwN6q4DbqrrS',$,$,$,(#6226),#45);

/* Surface 2 */
#6228=IFCCARTESIANPOINT((6.25326919555664,11.446102142334,-3.84999990463257));
#6229=IFCVERTEXPOINT(#6228);
#6230=IFCCARTESIANPOINT((6.25326919555664,17.446102142334,-3.84999990463257));
#6231=IFCVERTEXPOINT(#6230);
#6232=IFCCARTESIANPOINT((6.25326919555664,11.446102142334,-3.84999990463257));
#6233=IFCDIRECTION((0.,1.,0.));
#6234=IFCVECTOR(#6233,1.);
#6235=IFCLINE(#6232,#6234);
#6236=IFCEDGECURVE(#6229,#6231,#6235,.T.);
#6237=IFCORIENTEDEDGE(*,*,#6236,.T.);
#6238=IFCCARTESIANPOINT((6.25326919555664,17.446102142334,-3.84999990463257));
#6239=IFCVERTEXPOINT(#6238);
#6240=IFCCARTESIANPOINT((0.603268980979919,17.446102142334,-3.84999990463257));
#6241=IFCVERTEXPOINT(#6240);
#6242=IFCCARTESIANPOINT((6.25326919555664,17.446102142334,-3.84999990463257));
#6243=IFCDIRECTION((-1.,0.,0.));
#6244=IFCVECTOR(#6243,1.);
#6245=IFCLINE(#6242,#6244);
#6246=IFCEDGECURVE(#6239,#6241,#6245,.T.);
#6247=IFCORIENTEDEDGE(*,*,#6246,.T.);
#6248=IFCCARTESIANPOINT((0.603268980979919,17.446102142334,-3.84999990463257));
#6249=IFCVERTEXPOINT(#6248);
#6250=IFCCARTESIANPOINT((6.25326919555664,11.446102142334,-3.84999990463257));
#6251=IFCVERTEXPOINT(#6250);
#6252=IFCCARTESIANPOINT((0.603268980979919,17.446102142334,-3.84999990463257));
#6253=IFCDIRECTION((0.68555393081738,-0.72802184578544,0.));
#6254=IFCVECTOR(#6253,1.);
#6255=IFCLINE(#6252,#6254);
#6256=IFCEDGECURVE(#6249,#6251,#6255,.T.);
#6257=IFCORIENTEDEDGE(*,*,#6256,.T.);
#6258=IFCEDGELOOP((#6237,#6247,#6257));
#6259=IFCFACEOUTERBOUND(#6258,.T.);
#6260=IFCCARTESIANPOINT((4.28039140917877,15.2982244632445,-3.84999990463257));
#6261=IFCDIRECTION((0.,0.,1.));
#6262=IFCDIRECTION((1.,0.,-0.));
#6263=IFCAXIS2PLACEMENT3D(#6260,#6261,#6262);
#6264=IFCPLANE(#6263);
#6265=IFCADVANCEDFACE((#6259),#6264,.T.);
#6266=IFCCARTESIANPOINT((6.25326919555664,11.446102142334,-3.84999990463257));
#6267=IFCVERTEXPOINT(#6266);
#6268=IFCCARTESIANPOINT((0.603268980979919,17.446102142334,-3.84999990463257));
#6269=IFCVERTEXPOINT(#6268);
#6270=IFCCARTESIANPOINT((6.25326919555664,11.446102142334,-3.84999990463257));
#6271=IFCDIRECTION((-0.68555393081738,0.72802184578544,0.));
#6272=IFCVECTOR(#6271,1.);
#6273=IFCLINE(#6270,#6272);
#6274=IFCEDGECURVE(#6267,#6269,#6273,.T.);
#6275=IFCORIENTEDEDGE(*,*,#6274,.T.);
#6276=IFCCARTESIANPOINT((0.603268980979919,17.446102142334,-3.84999990463257));
#6277=IFCVERTEXPOINT(#6276);
#6278=IFCCARTESIANPOINT((0.603268980979919,11.446102142334,-3.84999990463257));
#6279=IFCVERTEXPOINT(#6278);
#6280=IFCCARTESIANPOINT((0.603268980979919,17.446102142334,-3.84999990463257));
#6281=IFCDIRECTION((0.,-1.,0.));
#6282=IFCVECTOR(#6281,1.);
#6283=IFCLINE(#6280,#6282);
#6284=IFCEDGECURVE(#6277,#6279,#6283,.T.);
#6285=IFCORIENTEDEDGE(*,*,#6284,.T.);
#6286=IFCCARTESIANPOINT((0.603268980979919,11.446102142334,-3.84999990463257));
#6287=IFCVERTEXPOINT(#6286);
#6288=IFCCARTESIANPOINT((6.25326919555664,11.446102142334,-3.84999990463257));
#6289=IFCVERTEXPOINT(#6288);
#6290=IFCCARTESIANPOINT((0.603268980979919,11.446102142334,-3.84999990463257));
#6291=IFCDIRECTION((1.,0.,0.));
#6292=IFCVECTOR(#6291,1.);
#6293=IFCLINE(#6290,#6292);
#6294=IFCEDGECURVE(#6287,#6289,#6293,.T.);
#6295=IFCORIENTEDEDGE(*,*,#6294,.T.);
#6296=IFCEDGELOOP((#6275,#6285,#6295));
#6297=IFCFACEOUTERBOUND(#6296,.T.);
#6298=IFCCARTESIANPOINT((2.57614676735779,13.5939798214235,-3.84999990463257));
#6299=IFCDIRECTION((0.,0.,1.));
#6300=IFCDIRECTION((1.,0.,-0.));
#6301=IFCAXIS2PLACEMENT3D(#6298,#6299,#6300);
#6302=IFCPLANE(#6301);
#6303=IFCADVANCEDFACE((#6297),#6302,.T.);
#6304=IFCCARTESIANPOINT((6.25326919555664,11.446102142334,-4.15000009536743));
#6305=IFCVERTEXPOINT(#6304);
#6306=IFCCARTESIANPOINT((0.603268980979919,11.446102142334,-4.15000009536743));
#6307=IFCVERTEXPOINT(#6306);
#6308=IFCCARTESIANPOINT((6.25326919555664,11.446102142334,-4.15000009536743));
#6309=IFCDIRECTION((-1.,0.,0.));
#6310=IFCVECTOR(#6309,1.);
#6311=IFCLINE(#6308,#6310);
#6312=IFCEDGECURVE(#6305,#6307,#6311,.T.);
#6313=IFCORIENTEDEDGE(*,*,#6312,.T.);
#6314=IFCCARTESIANPOINT((0.603268980979919,11.446102142334,-4.15000009536743));
#6315=IFCVERTEXPOINT(#6314);
#6316=IFCCARTESIANPOINT((0.603268980979919,17.446102142334,-4.15000009536743));
#6317=IFCVERTEXPOINT(#6316);
#6318=IFCCARTESIANPOINT((0.603268980979919,11.446102142334,-4.15000009536743));
#6319=IFCDIRECTION((0.,1.,0.));
#6320=IFCVECTOR(#6319,1.);
#6321=IFCLINE(#6318,#6320);
#6322=IFCEDGECURVE(#6315,#6317,#6321,.T.);
#6323=IFCORIENTEDEDGE(*,*,#6322,.T.);
#6324=IFCCARTESIANPOINT((0.603268980979919,17.446102142334,-4.15000009536743));
#6325=IFCVERTEXPOINT(#6324);
#6326=IFCCARTESIANPOINT((6.25326919555664,11.446102142334,-4.15000009536743));
#6327=IFCVERTEXPOINT(#6326);
#6328=IFCCARTESIANPOINT((0.603268980979919,17.446102142334,-4.15000009536743));
#6329=IFCDIRECTION((0.68555393081738,-0.72802184578544,0.));
#6330=IFCVECTOR(#6329,1.);
#6331=IFCLINE(#6328,#6330);
#6332=IFCEDGECURVE(#6325,#6327,#6331,.T.);
#6333=IFCORIENTEDEDGE(*,*,#6332,.T.);
#6334=IFCEDGELOOP((#6313,#6323,#6333));
#6335=IFCFACEOUTERBOUND(#6334,.T.);
#6336=IFCCARTESIANPOINT((2.57614676735779,13.5939798214235,-4.15000009536743));
#6337=IFCDIRECTION((8.23098156241875E-33,1.40912712134013E-32,-1.));
#6338=IFCDIRECTION((0.,-1.,-1.40912712134013E-32));
#6339=IFCAXIS2PLACEMENT3D(#6336,#6337,#6338);
#6340=IFCPLANE(#6339);
#6341=IFCADVANCEDFACE((#6335),#6340,.T.);
#6342=IFCCARTESIANPOINT((6.25326919555664,11.446102142334,-4.15000009536743));
#6343=IFCVERTEXPOINT(#6342);
#6344=IFCCARTESIANPOINT((0.603268980979919,17.446102142334,-4.15000009536743));
#6345=IFCVERTEXPOINT(#6344);
#6346=IFCCARTESIANPOINT((6.25326919555664,11.446102142334,-4.15000009536743));
#6347=IFCDIRECTION((-0.68555393081738,0.72802184578544,0.));
#6348=IFCVECTOR(#6347,1.);
#6349=IFCLINE(#6346,#6348);
#6350=IFCEDGECURVE(#6343,#6345,#6349,.T.);
#6351=IFCORIENTEDEDGE(*,*,#6350,.T.);
#6352=IFCCARTESIANPOINT((0.603268980979919,17.446102142334,-4.15000009536743));
#6353=IFCVERTEXPOINT(#6352);
#6354=IFCCARTESIANPOINT((6.25326919555664,17.446102142334,-4.15000009536743));
#6355=IFCVERTEXPOINT(#6354);
#6356=IFCCARTESIANPOINT((0.603268980979919,17.446102142334,-4.15000009536743));
#6357=IFCDIRECTION((1.,0.,0.));
#6358=IFCVECTOR(#6357,1.);
#6359=IFCLINE(#6356,#6358);
#6360=IFCEDGECURVE(#6353,#6355,#6359,.T.);
#6361=IFCORIENTEDEDGE(*,*,#6360,.T.);
#6362=IFCCARTESIANPOINT((6.25326919555664,17.446102142334,-4.15000009536743));
#6363=IFCVERTEXPOINT(#6362);
#6364=IFCCARTESIANPOINT((6.25326919555664,11.446102142334,-4.15000009536743));
#6365=IFCVERTEXPOINT(#6364);
#6366=IFCCARTESIANPOINT((6.25326919555664,17.446102142334,-4.15000009536743));
#6367=IFCDIRECTION((0.,-1.,0.));
#6368=IFCVECTOR(#6367,1.);
#6369=IFCLINE(#6366,#6368);
#6370=IFCEDGECURVE(#6363,#6365,#6369,.T.);
#6371=IFCORIENTEDEDGE(*,*,#6370,.T.);
#6372=IFCEDGELOOP((#6351,#6361,#6371));
#6373=IFCFACEOUTERBOUND(#6372,.T.);
#6374=IFCCARTESIANPOINT((4.28039140917877,15.2982244632445,-4.15000009536743));
#6375=IFCDIRECTION((-0.,-0.,-1.));
#6376=IFCDIRECTION((-1.,0.,0.));
#6377=IFCAXIS2PLACEMENT3D(#6374,#6375,#6376);
#6378=IFCPLANE(#6377);
#6379=IFCADVANCEDFACE((#6373),#6378,.T.);
#6380=IFCCARTESIANPOINT((6.25326919555664,11.446102142334,-3.84999990463257));
#6381=IFCVERTEXPOINT(#6380);
#6382=IFCCARTESIANPOINT((6.25326919555664,11.446102142334,-4.15000009536743));
#6383=IFCVERTEXPOINT(#6382);
#6384=IFCCARTESIANPOINT((6.25326919555664,11.446102142334,-3.84999990463257));
#6385=IFCDIRECTION((0.,0.,-1.));
#6386=IFCVECTOR(#6385,1.);
#6387=IFCLINE(#6384,#6386);
#6388=IFCEDGECURVE(#6381,#6383,#6387,.T.);
#6389=IFCORIENTEDEDGE(*,*,#6388,.T.);
#6390=IFCCARTESIANPOINT((6.25326919555664,11.446102142334,-4.15000009536743));
#6391=IFCVERTEXPOINT(#6390);
#6392=IFCCARTESIANPOINT((6.25326919555664,17.446102142334,-4.15000009536743));
#6393=IFCVERTEXPOINT(#6392);
#6394=IFCCARTESIANPOINT((6.25326919555664,11.446102142334,-4.15000009536743));
#6395=IFCDIRECTION((0.,1.,0.));
#6396=IFCVECTOR(#6395,1.);
#6397=IFCLINE(#6394,#6396);
#6398=IFCEDGECURVE(#6391,#6393,#6397,.T.);
#6399=IFCORIENTEDEDGE(*,*,#6398,.T.);
#6400=IFCCARTESIANPOINT((6.25326919555664,17.446102142334,-4.15000009536743));
#6401=IFCVERTEXPOINT(#6400);
#6402=IFCCARTESIANPOINT((6.25326919555664,11.446102142334,-3.84999990463257));
#6403=IFCVERTEXPOINT(#6402);
#6404=IFCCARTESIANPOINT((6.25326919555664,17.446102142334,-4.15000009536743));
#6405=IFCDIRECTION((0.,-0.998752337294329,0.0499376486141982));
#6406=IFCVECTOR(#6405,1.);
#6407=IFCLINE(#6404,#6406);
#6408=IFCEDGECURVE(#6401,#6403,#6407,.T.);
#6409=IFCORIENTEDEDGE(*,*,#6408,.T.);
#6410=IFCEDGELOOP((#6389,#6399,#6409));
#6411=IFCFACEOUTERBOUND(#6410,.T.);
#6412=IFCCARTESIANPOINT((6.25326919555664,14.372975926619,-4.07312621571494));
#6413=IFCDIRECTION((1.,0.,0.));
#6414=IFCDIRECTION((-0.,0.,1.));
#6415=IFCAXIS2PLACEMENT3D(#6412,#6413,#6414);
#6416=IFCPLANE(#6415);
#6417=IFCADVANCEDFACE((#6411),#6416,.T.);
#6418=IFCCARTESIANPOINT((6.25326919555664,11.446102142334,-3.84999990463257));
#6419=IFCVERTEXPOINT(#6418);
#6420=IFCCARTESIANPOINT((6.25326919555664,17.446102142334,-4.15000009536743));
#6421=IFCVERTEXPOINT(#6420);
#6422=IFCCARTESIANPOINT((6.25326919555664,11.446102142334,-3.84999990463257));
#6423=IFCDIRECTION((0.,0.998752337294329,-0.0499376486141982));
#6424=IFCVECTOR(#6423,1.);
#6425=IFCLINE(#6422,#6424);
#6426=IFCEDGECURVE(#6419,#6421,#6425,.T.);
#6427=IFCORIENTEDEDGE(*,*,#6426,.T.);
#6428=IFCCARTESIANPOINT((6.25326919555664,17.446102142334,-4.15000009536743));
#6429=IFCVERTEXPOINT(#6428);
#6430=IFCCARTESIANPOINT((6.25326919555664,17.446102142334,-3.84999990463257));
#6431=IFCVERTEXPOINT(#6430);
#6432=IFCCARTESIANPOINT((6.25326919555664,17.446102142334,-4.15000009536743));
#6433=IFCDIRECTION((0.,0.,1.));
#6434=IFCVECTOR(#6433,1.);
#6435=IFCLINE(#6432,#6434);
#6436=IFCEDGECURVE(#6429,#6431,#6435,.T.);
#6437=IFCORIENTEDEDGE(*,*,#6436,.T.);
#6438=IFCCARTESIANPOINT((6.25326919555664,17.446102142334,-3.84999990463257));
#6439=IFCVERTEXPOINT(#6438);
#6440=IFCCARTESIANPOINT((6.25326919555664,11.446102142334,-3.84999990463257));
#6441=IFCVERTEXPOINT(#6440);
#6442=IFCCARTESIANPOINT((6.25326919555664,17.446102142334,-3.84999990463257));
#6443=IFCDIRECTION((0.,-1.,0.));
#6444=IFCVECTOR(#6443,1.);
#6445=IFCLINE(#6442,#6444);
#6446=IFCEDGECURVE(#6439,#6441,#6445,.T.);
#6447=IFCORIENTEDEDGE(*,*,#6446,.T.);
#6448=IFCEDGELOOP((#6427,#6437,#6447));
#6449=IFCFACEOUTERBOUND(#6448,.T.);
#6450=IFCCARTESIANPOINT((6.25326919555664,14.5192283580489,-3.92687378428506));
#6451=IFCDIRECTION((1.,0.,0.));
#6452=IFCDIRECTION((-0.,0.,1.));
#6453=IFCAXIS2PLACEMENT3D(#6450,#6451,#6452);
#6454=IFCPLANE(#6453);
#6455=IFCADVANCEDFACE((#6449),#6454,.T.);
#6456=IFCCARTESIANPOINT((6.25326919555664,17.446102142334,-3.84999990463257));
#6457=IFCVERTEXPOINT(#6456);
#6458=IFCCARTESIANPOINT((6.25326919555664,17.446102142334,-4.15000009536743));
#6459=IFCVERTEXPOINT(#6458);
#6460=IFCCARTESIANPOINT((6.25326919555664,17.446102142334,-3.84999990463257));
#6461=IFCDIRECTION((0.,0.,-1.));
#6462=IFCVECTOR(#6461,1.);
#6463=IFCLINE(#6460,#6462);
#6464=IFCEDGECURVE(#6457,#6459,#6463,.T.);
#6465=IFCORIENTEDEDGE(*,*,#6464,.T.);
#6466=IFCCARTESIANPOINT((6.25326919555664,17.446102142334,-4.15000009536743));
#6467=IFCVERTEXPOINT(#6466);
#6468=IFCCARTESIANPOINT((0.603268980979919,17.446102142334,-4.15000009536743));
#6469=IFCVERTEXPOINT(#6468);
#6470=IFCCARTESIANPOINT((6.25326919555664,17.446102142334,-4.15000009536743));
#6471=IFCDIRECTION((-1.,0.,0.));
#6472=IFCVECTOR(#6471,1.);
#6473=IFCLINE(#6470,#6472);
#6474=IFCEDGECURVE(#6467,#6469,#6473,.T.);
#6475=IFCORIENTEDEDGE(*,*,#6474,.T.);
#6476=IFCCARTESIANPOINT((0.603268980979919,17.446102142334,-4.15000009536743));
#6477=IFCVERTEXPOINT(#6476);
#6478=IFCCARTESIANPOINT((6.25326919555664,17.446102142334,-3.84999990463257));
#6479=IFCVERTEXPOINT(#6478);
#6480=IFCCARTESIANPOINT((0.603268980979919,17.446102142334,-4.15000009536743));
#6481=IFCDIRECTION((0.998593308034826,0.,0.0530226852211632));
#6482=IFCVECTOR(#6481,1.);
#6483=IFCLINE(#6480,#6482);
#6484=IFCEDGECURVE(#6477,#6479,#6483,.T.);
#6485=IFCORIENTEDEDGE(*,*,#6484,.T.);
#6486=IFCEDGELOOP((#6465,#6475,#6485));
#6487=IFCFACEOUTERBOUND(#6486,.T.);
#6488=IFCCARTESIANPOINT((3.50127938450836,17.446102142334,-4.07301029624008));
#6489=IFCDIRECTION((6.2492821054005E-31,1.,-2.17084446177356E-29));
#6490=IFCDIRECTION((0.,2.17084446177356E-29,1.));
#6491=IFCAXIS2PLACEMENT3D(#6488,#6489,#6490);
#6492=IFCPLANE(#6491);
#6493=IFCADVANCEDFACE((#6487),#6492,.T.);
#6494=IFCCARTESIANPOINT((6.25326919555664,17.446102142334,-3.84999990463257));
#6495=IFCVERTEXPOINT(#6494);
#6496=IFCCARTESIANPOINT((0.603268980979919,17.446102142334,-4.15000009536743));
#6497=IFCVERTEXPOINT(#6496);
#6498=IFCCARTESIANPOINT((6.25326919555664,17.446102142334,-3.84999990463257));
#6499=IFCDIRECTION((-0.998593308034826,0.,-0.0530226852211632));
#6500=IFCVECTOR(#6499,1.);
#6501=IFCLINE(#6498,#6500);
#6502=IFCEDGECURVE(#6495,#6497,#6501,.T.);
#6503=IFCORIENTEDEDGE(*,*,#6502,.T.);
#6504=IFCCARTESIANPOINT((0.603268980979919,17.446102142334,-4.15000009536743));
#6505=IFCVERTEXPOINT(#6504);
#6506=IFCCARTESIANPOINT((0.603268980979919,17.446102142334,-3.84999990463257));
#6507=IFCVERTEXPOINT(#6506);
#6508=IFCCARTESIANPOINT((0.603268980979919,17.446102142334,-4.15000009536743));
#6509=IFCDIRECTION((0.,0.,1.));
#6510=IFCVECTOR(#6509,1.);
#6511=IFCLINE(#6508,#6510);
#6512=IFCEDGECURVE(#6505,#6507,#6511,.T.);
#6513=IFCORIENTEDEDGE(*,*,#6512,.T.);
#6514=IFCCARTESIANPOINT((0.603268980979919,17.446102142334,-3.84999990463257));
#6515=IFCVERTEXPOINT(#6514);
#6516=IFCCARTESIANPOINT((6.25326919555664,17.446102142334,-3.84999990463257));
#6517=IFCVERTEXPOINT(#6516);
#6518=IFCCARTESIANPOINT((0.603268980979919,17.446102142334,-3.84999990463257));
#6519=IFCDIRECTION((1.,0.,0.));
#6520=IFCVECTOR(#6519,1.);
#6521=IFCLINE(#6518,#6520);
#6522=IFCEDGECURVE(#6515,#6517,#6521,.T.);
#6523=IFCORIENTEDEDGE(*,*,#6522,.T.);
#6524=IFCEDGELOOP((#6503,#6513,#6523));
#6525=IFCFACEOUTERBOUND(#6524,.T.);
#6526=IFCCARTESIANPOINT((3.3552587920282,17.446102142334,-3.92698970375992));
#6527=IFCDIRECTION((0.,1.,0.));
#6528=IFCDIRECTION((0.,-0.,1.));
#6529=IFCAXIS2PLACEMENT3D(#6526,#6527,#6528);
#6530=IFCPLANE(#6529);
#6531=IFCADVANCEDFACE((#6525),#6530,.T.);
#6532=IFCCARTESIANPOINT((0.603268980979919,17.446102142334,-3.84999990463257));
#6533=IFCVERTEXPOINT(#6532);
#6534=IFCCARTESIANPOINT((0.603268980979919,17.446102142334,-4.15000009536743));
#6535=IFCVERTEXPOINT(#6534);
#6536=IFCCARTESIANPOINT((0.603268980979919,17.446102142334,-3.84999990463257));
#6537=IFCDIRECTION((0.,0.,-1.));
#6538=IFCVECTOR(#6537,1.);
#6539=IFCLINE(#6536,#6538);
#6540=IFCEDGECURVE(#6533,#6535,#6539,.T.);
#6541=IFCORIENTEDEDGE(*,*,#6540,.T.);
#6542=IFCCARTESIANPOINT((0.603268980979919,17.446102142334,-4.15000009536743));
#6543=IFCVERTEXPOINT(#6542);
#6544=IFCCARTESIANPOINT((0.603268980979919,11.446102142334,-4.15000009536743));
#6545=IFCVERTEXPOINT(#6544);
#6546=IFCCARTESIANPOINT((0.603268980979919,17.446102142334,-4.15000009536743));
#6547=IFCDIRECTION((0.,-1.,0.));
#6548=IFCVECTOR(#6547,1.);
#6549=IFCLINE(#6546,#6548);
#6550=IFCEDGECURVE(#6543,#6545,#6549,.T.);
#6551=IFCORIENTEDEDGE(*,*,#6550,.T.);
#6552=IFCCARTESIANPOINT((0.603268980979919,11.446102142334,-4.15000009536743));
#6553=IFCVERTEXPOINT(#6552);
#6554=IFCCARTESIANPOINT((0.603268980979919,17.446102142334,-3.84999990463257));
#6555=IFCVERTEXPOINT(#6554);
#6556=IFCCARTESIANPOINT((0.603268980979919,11.446102142334,-4.15000009536743));
#6557=IFCDIRECTION((0.,0.998752337294329,0.0499376486141982));
#6558=IFCVECTOR(#6557,1.);
#6559=IFCLINE(#6556,#6558);
#6560=IFCEDGECURVE(#6553,#6555,#6559,.T.);
#6561=IFCORIENTEDEDGE(*,*,#6560,.T.);
#6562=IFCEDGELOOP((#6541,#6551,#6561));
#6563=IFCFACEOUTERBOUND(#6562,.T.);
#6564=IFCCARTESIANPOINT((0.603268980979919,14.5192283580489,-4.07312621571494));
#6565=IFCDIRECTION((-1.,7.82847436578371E-32,-2.16688716927597E-30));
#6566=IFCDIRECTION((2.16688716927597E-30,0.,-1.));
#6567=IFCAXIS2PLACEMENT3D(#6564,#6565,#6566);
#6568=IFCPLANE(#6567);
#6569=IFCADVANCEDFACE((#6563),#6568,.T.);
#6570=IFCCARTESIANPOINT((0.603268980979919,17.446102142334,-3.84999990463257));
#6571=IFCVERTEXPOINT(#6570);
#6572=IFCCARTESIANPOINT((0.603268980979919,11.446102142334,-4.15000009536743));
#6573=IFCVERTEXPOINT(#6572);
#6574=IFCCARTESIANPOINT((0.603268980979919,17.446102142334,-3.84999990463257));
#6575=IFCDIRECTION((0.,-0.998752337294329,-0.0499376486141982));
#6576=IFCVECTOR(#6575,1.);
#6577=IFCLINE(#6574,#6576);
#6578=IFCEDGECURVE(#6571,#6573,#6577,.T.);
#6579=IFCORIENTEDEDGE(*,*,#6578,.T.);
#6580=IFCCARTESIANPOINT((0.603268980979919,11.446102142334,-4.15000009536743));
#6581=IFCVERTEXPOINT(#6580);
#6582=IFCCARTESIANPOINT((0.603268980979919,11.446102142334,-3.84999990463257));
#6583=IFCVERTEXPOINT(#6582);
#6584=IFCCARTESIANPOINT((0.603268980979919,11.446102142334,-4.15000009536743));
#6585=IFCDIRECTION((0.,0.,1.));
#6586=IFCVECTOR(#6585,1.);
#6587=IFCLINE(#6584,#6586);
#6588=IFCEDGECURVE(#6581,#6583,#6587,.T.);
#6589=IFCORIENTEDEDGE(*,*,#6588,.T.);
#6590=IFCCARTESIANPOINT((0.603268980979919,11.446102142334,-3.84999990463257));
#6591=IFCVERTEXPOINT(#6590);
#6592=IFCCARTESIANPOINT((0.603268980979919,17.446102142334,-3.84999990463257));
#6593=IFCVERTEXPOINT(#6592);
#6594=IFCCARTESIANPOINT((0.603268980979919,11.446102142334,-3.84999990463257));
#6595=IFCDIRECTION((0.,1.,0.));
#6596=IFCVECTOR(#6595,1.);
#6597=IFCLINE(#6594,#6596);
#6598=IFCEDGECURVE(#6591,#6593,#6597,.T.);
#6599=IFCORIENTEDEDGE(*,*,#6598,.T.);
#6600=IFCEDGELOOP((#6579,#6589,#6599));
#6601=IFCFACEOUTERBOUND(#6600,.T.);
#6602=IFCCARTESIANPOINT((0.603268980979919,14.372975926619,-3.92687378428506));
#6603=IFCDIRECTION((-1.,-1.25762850897602E-32,1.30495222374782E-30));
#6604=IFCDIRECTION((-1.30495222374782E-30,0.,-1.));
#6605=IFCAXIS2PLACEMENT3D(#6602,#6603,#6604);
#6606=IFCPLANE(#6605);
#6607=IFCADVANCEDFACE((#6601),#6606,.T.);
#6608=IFCCARTESIANPOINT((0.603268980979919,11.446102142334,-3.84999990463257));
#6609=IFCVERTEXPOINT(#6608);
#6610=IFCCARTESIANPOINT((0.603268980979919,11.446102142334,-4.15000009536743));
#6611=IFCVERTEXPOINT(#6610);
#6612=IFCCARTESIANPOINT((0.603268980979919,11.446102142334,-3.84999990463257));
#6613=IFCDIRECTION((0.,0.,-1.));
#6614=IFCVECTOR(#6613,1.);
#6615=IFCLINE(#6612,#6614);
#6616=IFCEDGECURVE(#6609,#6611,#6615,.T.);
#6617=IFCORIENTEDEDGE(*,*,#6616,.T.);
#6618=IFCCARTESIANPOINT((0.603268980979919,11.446102142334,-4.15000009536743));
#6619=IFCVERTEXPOINT(#6618);
#6620=IFCCARTESIANPOINT((6.25326919555664,11.446102142334,-4.15000009536743));
#6621=IFCVERTEXPOINT(#6620);
#6622=IFCCARTESIANPOINT((0.603268980979919,11.446102142334,-4.15000009536743));
#6623=IFCDIRECTION((1.,0.,0.));
#6624=IFCVECTOR(#6623,1.);
#6625=IFCLINE(#6622,#6624);
#6626=IFCEDGECURVE(#6619,#6621,#6625,.T.);
#6627=IFCORIENTEDEDGE(*,*,#6626,.T.);
#6628=IFCCARTESIANPOINT((6.25326919555664,11.446102142334,-4.15000009536743));
#6629=IFCVERTEXPOINT(#6628);
#6630=IFCCARTESIANPOINT((0.603268980979919,11.446102142334,-3.84999990463257));
#6631=IFCVERTEXPOINT(#6630);
#6632=IFCCARTESIANPOINT((6.25326919555664,11.446102142334,-4.15000009536743));
#6633=IFCDIRECTION((-0.998593308034826,0.,0.0530226852211632));
#6634=IFCVECTOR(#6633,1.);
#6635=IFCLINE(#6632,#6634);
#6636=IFCEDGECURVE(#6629,#6631,#6635,.T.);
#6637=IFCORIENTEDEDGE(*,*,#6636,.T.);
#6638=IFCEDGELOOP((#6617,#6627,#6637));
#6639=IFCFACEOUTERBOUND(#6638,.T.);
#6640=IFCCARTESIANPOINT((3.3552587920282,11.446102142334,-4.07301029624008));
#6641=IFCDIRECTION((-3.12464105270025E-31,-1.,-1.08542223088678E-29));
#6642=IFCDIRECTION((0.,1.08542223088678E-29,-1.));
#6643=IFCAXIS2PLACEMENT3D(#6640,#6641,#6642);
#6644=IFCPLANE(#6643);
#6645=IFCADVANCEDFACE((#6639),#6644,.T.);
#6646=IFCCARTESIANPOINT((0.603268980979919,11.446102142334,-3.84999990463257));
#6647=IFCVERTEXPOINT(#6646);
#6648=IFCCARTESIANPOINT((6.25326919555664,11.446102142334,-4.15000009536743));
#6649=IFCVERTEXPOINT(#6648);
#6650=IFCCARTESIANPOINT((0.603268980979919,11.446102142334,-3.84999990463257));
#6651=IFCDIRECTION((0.998593308034826,0.,-0.0530226852211632));
#6652=IFCVECTOR(#6651,1.);
#6653=IFCLINE(#6650,#6652);
#6654=IFCEDGECURVE(#6647,#6649,#6653,.T.);
#6655=IFCORIENTEDEDGE(*,*,#6654,.T.);
#6656=IFCCARTESIANPOINT((6.25326919555664,11.446102142334,-4.15000009536743));
#6657=IFCVERTEXPOINT(#6656);
#6658=IFCCARTESIANPOINT((6.25326919555664,11.446102142334,-3.84999990463257));
#6659=IFCVERTEXPOINT(#6658);
#6660=IFCCARTESIANPOINT((6.25326919555664,11.446102142334,-4.15000009536743));
#6661=IFCDIRECTION((0.,0.,1.));
#6662=IFCVECTOR(#6661,1.);
#6663=IFCLINE(#6660,#6662);
#6664=IFCEDGECURVE(#6657,#6659,#6663,.T.);
#6665=IFCORIENTEDEDGE(*,*,#6664,.T.);
#6666=IFCCARTESIANPOINT((6.25326919555664,11.446102142334,-3.84999990463257));
#6667=IFCVERTEXPOINT(#6666);
#6668=IFCCARTESIANPOINT((0.603268980979919,11.446102142334,-3.84999990463257));
#6669=IFCVERTEXPOINT(#6668);
#6670=IFCCARTESIANPOINT((6.25326919555664,11.446102142334,-3.84999990463257));
#6671=IFCDIRECTION((-1.,0.,0.));
#6672=IFCVECTOR(#6671,1.);
#6673=IFCLINE(#6670,#6672);
#6674=IFCEDGECURVE(#6667,#6669,#6673,.T.);
#6675=IFCORIENTEDEDGE(*,*,#6674,.T.);
#6676=IFCEDGELOOP((#6655,#6665,#6675));
#6677=IFCFACEOUTERBOUND(#6676,.T.);
#6678=IFCCARTESIANPOINT((3.50127938450836,11.446102142334,-3.92698970375992));
#6679=IFCDIRECTION((2.84804035359733E-31,-1.,9.81305618983749E-30));
#6680=IFCDIRECTION((0.,-9.81305618983749E-30,-1.));
#6681=IFCAXIS2PLACEMENT3D(#6678,#6679,#6680);
#6682=IFCPLANE(#6681);
#6683=IFCADVANCEDFACE((#6677),#6682,.T.);
#6684=IFCCLOSEDSHELL((#6265,#6303,#6341,#6379,#6417,#6455,#6493,#6531,#6569,#6607,#6645,#6683));
#6685=IFCADVANCEDBREP(#6684);
#6686=IFCSTYLEDITEM(#6685,(#555),$);
#6687=IFCSHAPEREPRESENTATION(#557,'Body','AdvancedBrep',(#6685));
#6688=IFCPRODUCTDEFINITIONSHAPE($,$,(#6687));
#6689=IFCBUILDINGELEMENTPROXY('2kmi9$0E95NBWNQV5zrpZy',$,'Surface 2','',$,#42,#6688,$,$);
#6690=IFCRELASSOCIATESMATERIAL('1T0XR4YHH2_QUGGL0s8KWe',$,$,$,(#6689),#45);

/* Surface 4 */
#6691=IFCCARTESIANPOINT((-2.74673104286194,17.2961025238037,-4.));
#6692=IFCVERTEXPOINT(#6691);
#6693=IFCCARTESIANPOINT((5.10326910018921,17.2961025238037,-2.50500011444092));
#6694=IFCVERTEXPOINT(#6693);
#6695=IFCCARTESIANPOINT((-2.74673104286194,17.2961025238037,-4.));
#6696=IFCDIRECTION((0.98234404581898,0.,0.187083338766438));
#6697=IFCVECTOR(#6696,1.);
#6698=IFCLINE(#6695,#6697);
#6699=IFCEDGECURVE(#6692,#6694,#6698,.T.);
#6700=IFCORIENTEDEDGE(*,*,#6699,.T.);
#6701=IFCCARTESIANPOINT((5.10326910018921,17.2961025238037,-2.50500011444092));
#6702=IFCVERTEXPOINT(#6701);
#6703=IFCCARTESIANPOINT((-1.5967310667038,17.2961025238037,-2.50500011444092));
#6704=IFCVERTEXPOINT(#6703);
#6705=IFCCARTESIANPOINT((5.10326910018921,17.2961025238037,-2.50500011444092));
#6706=IFCDIRECTION((-1.,0.,0.));
#6707=IFCVECTOR(#6706,1.);
#6708=IFCLINE(#6705,#6707);
#6709=IFCEDGECURVE(#6702,#6704,#6708,.T.);
#6710=IFCORIENTEDEDGE(*,*,#6709,.T.);
#6711=IFCCARTESIANPOINT((-1.5967310667038,17.2961025238037,-2.50500011444092));
#6712=IFCVERTEXPOINT(#6711);
#6713=IFCCARTESIANPOINT((-2.74673104286194,17.2961025238037,-4.));
#6714=IFCVERTEXPOINT(#6713);
#6715=IFCCARTESIANPOINT((-1.5967310667038,17.2961025238037,-2.50500011444092));
#6716=IFCDIRECTION((-0.609710782230556,0.,-0.792623972657781));
#6717=IFCVECTOR(#6716,1.);
#6718=IFCLINE(#6715,#6717);
#6719=IFCEDGECURVE(#6712,#6714,#6718,.T.);
#6720=IFCORIENTEDEDGE(*,*,#6719,.T.);
#6721=IFCEDGELOOP((#6700,#6710,#6720));
#6722=IFCFACEOUTERBOUND(#6721,.T.);
#6723=IFCCARTESIANPOINT((1.02950657114213,17.2961025238037,-2.95038387082691));
#6724=IFCDIRECTION((-0.,-1.,-0.));
#6725=IFCDIRECTION((0.,0.,-1.));
#6726=IFCAXIS2PLACEMENT3D(#6723,#6724,#6725);
#6727=IFCPLANE(#6726);
#6728=IFCADVANCEDFACE((#6722),#6727,.T.);
#6729=IFCCARTESIANPOINT((-1.5967310667038,17.2961025238037,-2.50500011444092));
#6730=IFCVERTEXPOINT(#6729);
#6731=IFCCARTESIANPOINT((5.10326910018921,17.2961025238037,-2.50500011444092));
#6732=IFCVERTEXPOINT(#6731);
#6733=IFCCARTESIANPOINT((-1.5967310667038,17.2961025238037,-2.50500011444092));
#6734=IFCDIRECTION((1.,0.,0.));
#6735=IFCVECTOR(#6734,1.);
#6736=IFCLINE(#6733,#6735);
#6737=IFCEDGECURVE(#6730,#6732,#6736,.T.);
#6738=IFCORIENTEDEDGE(*,*,#6737,.F.);
#6739=IFCCARTESIANPOINT((4.09326887130737,17.2961025238037,-2.50500011444092));
#6740=IFCVERTEXPOINT(#6739);
#6741=IFCCARTESIANPOINT((-1.5967310667038,17.2961025238037,-2.50500011444092));
#6742=IFCVERTEXPOINT(#6741);
#6743=IFCCARTESIANPOINT((4.09326887130737,17.2961025238037,-2.50500011444092));
#6744=IFCDIRECTION((-1.,0.,0.));
#6745=IFCVECTOR(#6744,1.);
#6746=IFCLINE(#6743,#6745);
#6747=IFCEDGECURVE(#6740,#6742,#6746,.T.);
#6748=IFCORIENTEDEDGE(*,*,#6747,.F.);
#6749=IFCCARTESIANPOINT((5.10326910018921,17.2961025238037,-2.50500011444092));
#6750=IFCVERTEXPOINT(#6749);
#6751=IFCCARTESIANPOINT((4.09326887130737,17.2961025238037,-2.50500011444092));
#6752=IFCVERTEXPOINT(#6751);
#6753=IFCCARTESIANPOINT((5.10326910018921,17.2961025238037,-2.50500011444092));
#6754=IFCDIRECTION((-1.,0.,0.));
#6755=IFCVECTOR(#6754,1.);
#6756=IFCLINE(#6753,#6755);
#6757=IFCEDGECURVE(#6750,#6752,#6756,.T.);
#6758=IFCORIENTEDEDGE(*,*,#6757,.F.);
#6759=IFCEDGELOOP((#6738,#6748,#6758));
#6760=IFCFACEOUTERBOUND(#6759,.T.);
#6761=IFCCARTESIANPOINT((1.75326901674271,17.2961025238037,-2.50500011444092));
#6762=IFCDIRECTION((-0.,-0.,-1.));
#6763=IFCDIRECTION((-1.,0.,0.));
#6764=IFCAXIS2PLACEMENT3D(#6761,#6762,#6763);
#6765=IFCPLANE(#6764);
#6766=IFCADVANCEDFACE((#6760),#6765,.T.);
#6767=IFCCARTESIANPOINT((-1.5967310667038,17.2961025238037,-2.50500011444092));
#6768=IFCVERTEXPOINT(#6767);
#6769=IFCCARTESIANPOINT((4.09326887130737,17.2961025238037,-2.50500011444092));
#6770=IFCVERTEXPOINT(#6769);
#6771=IFCCARTESIANPOINT((-1.5967310667038,17.2961025238037,-2.50500011444092));
#6772=IFCDIRECTION((1.,0.,0.));
#6773=IFCVECTOR(#6772,1.);
#6774=IFCLINE(#6771,#6773);
#6775=IFCEDGECURVE(#6768,#6770,#6774,.T.);
#6776=IFCORIENTEDEDGE(*,*,#6775,.F.);
#6777=IFCCARTESIANPOINT((2.91326904296875,17.2961025238037,-2.50500011444092));
#6778=IFCVERTEXPOINT(#6777);
#6779=IFCCARTESIANPOINT((-1.5967310667038,17.2961025238037,-2.50500011444092));
#6780=IFCVERTEXPOINT(#6779);
#6781=IFCCARTESIANPOINT((2.91326904296875,17.2961025238037,-2.50500011444092));
#6782=IFCDIRECTION((-1.,0.,0.));
#6783=IFCVECTOR(#6782,1.);
#6784=IFCLINE(#6781,#6783);
#6785=IFCEDGECURVE(#6778,#6780,#6784,.T.);
#6786=IFCORIENTEDEDGE(*,*,#6785,.F.);
#6787=IFCCARTESIANPOINT((4.09326887130737,17.2961025238037,-2.50500011444092));
#6788=IFCVERTEXPOINT(#6787);
#6789=IFCCARTESIANPOINT((2.91326904296875,17.2961025238037,-2.50500011444092));
#6790=IFCVERTEXPOINT(#6789);
#6791=IFCCARTESIANPOINT((4.09326887130737,17.2961025238037,-2.50500011444092));
#6792=IFCDIRECTION((-1.,0.,0.));
#6793=IFCVECTOR(#6792,1.);
#6794=IFCLINE(#6791,#6793);
#6795=IFCEDGECURVE(#6788,#6790,#6794,.T.);
#6796=IFCORIENTEDEDGE(*,*,#6795,.F.);
#6797=IFCEDGELOOP((#6776,#6786,#6796));
#6798=IFCFACEOUTERBOUND(#6797,.T.);
#6799=IFCCARTESIANPOINT((1.24826890230179,17.2961025238037,-2.50500011444092));
#6800=IFCDIRECTION((-0.,-0.,-1.));
#6801=IFCDIRECTION((-1.,0.,0.));
#6802=IFCAXIS2PLACEMENT3D(#6799,#6800,#6801);
#6803=IFCPLANE(#6802);
#6804=IFCADVANCEDFACE((#6798),#6803,.T.);
#6805=IFCCARTESIANPOINT((2.91326904296875,17.2961025238037,-2.50500011444092));
#6806=IFCVERTEXPOINT(#6805);
#6807=IFCCARTESIANPOINT((4.09326887130737,17.2961025238037,-2.50500011444092));
#6808=IFCVERTEXPOINT(#6807);
#6809=IFCCARTESIANPOINT((2.91326904296875,17.2961025238037,-2.50500011444092));
#6810=IFCDIRECTION((1.,0.,0.));
#6811=IFCVECTOR(#6810,1.);
#6812=IFCLINE(#6809,#6811);
#6813=IFCEDGECURVE(#6806,#6808,#6812,.T.);
#6814=IFCORIENTEDEDGE(*,*,#6813,.T.);
#6815=IFCCARTESIANPOINT((4.09326887130737,17.2961025238037,-2.50500011444092));
#6816=IFCVERTEXPOINT(#6815);
#6817=IFCCARTESIANPOINT((4.09326887130737,17.2961025238037,-1.49500012397766));
#6818=IFCVERTEXPOINT(#6817);
#6819=IFCCARTESIANPOINT((4.09326887130737,17.2961025238037,-2.50500011444092));
#6820=IFCDIRECTION((0.,0.,1.));
#6821=IFCVECTOR(#6820,1.);
#6822=IFCLINE(#6819,#6821);
#6823=IFCEDGECURVE(#6816,#6818,#6822,.T.);
#6824=IFCORIENTEDEDGE(*,*,#6823,.T.);
#6825=IFCCARTESIANPOINT((4.09326887130737,17.2961025238037,-1.49500012397766));
#6826=IFCVERTEXPOINT(#6825);
#6827=IFCCARTESIANPOINT((2.91326904296875,17.2961025238037,-2.50500011444092));
#6828=IFCVERTEXPOINT(#6827);
#6829=IFCCARTESIANPOINT((4.09326887130737,17.2961025238037,-1.49500012397766));
#6830=IFCDIRECTION((-0.759710836677193,0.,-0.65026105883348));
#6831=IFCVECTOR(#6830,1.);
#6832=IFCLINE(#6829,#6831);
#6833=IFCEDGECURVE(#6826,#6828,#6832,.T.);
#6834=IFCORIENTEDEDGE(*,*,#6833,.T.);
#6835=IFCEDGELOOP((#6814,#6824,#6834));
#6836=IFCFACEOUTERBOUND(#6835,.T.);
#6837=IFCCARTESIANPOINT((3.6624633318169,17.2961025238037,-2.15919449388813));
#6838=IFCDIRECTION((-0.,-1.,-0.));
#6839=IFCDIRECTION((0.,0.,-1.));
#6840=IFCAXIS2PLACEMENT3D(#6837,#6838,#6839);
#6841=IFCPLANE(#6840);
#6842=IFCADVANCEDFACE((#6836),#6841,.T.);
#6843=IFCCARTESIANPOINT((2.91326904296875,17.2961025238037,-2.50500011444092));
#6844=IFCVERTEXPOINT(#6843);
#6845=IFCCARTESIANPOINT((4.09326887130737,17.2961025238037,-1.49500012397766));
#6846=IFCVERTEXPOINT(#6845);
#6847=IFCCARTESIANPOINT((2.91326904296875,17.2961025238037,-2.50500011444092));
#6848=IFCDIRECTION((0.759710836677193,0.,0.65026105883348));
#6849=IFCVECTOR(#6848,1.);
#6850=IFCLINE(#6847,#6849);
#6851=IFCEDGECURVE(#6844,#6846,#6850,.T.);
#6852=IFCORIENTEDEDGE(*,*,#6851,.T.);
#6853=IFCCARTESIANPOINT((4.09326887130737,17.2961025238037,-1.49500012397766));
#6854=IFCVERTEXPOINT(#6853);
#6855=IFCCARTESIANPOINT((2.91326904296875,17.2961025238037,-1.49500012397766));
#6856=IFCVERTEXPOINT(#6855);
#6857=IFCCARTESIANPOINT((4.09326887130737,17.2961025238037,-1.49500012397766));
#6858=IFCDIRECTION((-1.,0.,0.));
#6859=IFCVECTOR(#6858,1.);
#6860=IFCLINE(#6857,#6859);
#6861=IFCEDGECURVE(#6854,#6856,#6860,.T.);
#6862=IFCORIENTEDEDGE(*,*,#6861,.T.);
#6863=IFCCARTESIANPOINT((2.91326904296875,17.2961025238037,-1.49500012397766));
#6864=IFCVERTEXPOINT(#6863);
#6865=IFCCARTESIANPOINT((2.91326904296875,17.2961025238037,-2.50500011444092));
#6866=IFCVERTEXPOINT(#6865);
#6867=IFCCARTESIANPOINT((2.91326904296875,17.2961025238037,-1.49500012397766));
#6868=IFCDIRECTION((0.,0.,-1.));
#6869=IFCVECTOR(#6868,1.);
#6870=IFCLINE(#6867,#6869);
#6871=IFCEDGECURVE(#6864,#6866,#6870,.T.);
#6872=IFCORIENTEDEDGE(*,*,#6871,.T.);
#6873=IFCEDGELOOP((#6852,#6862,#6872));
#6874=IFCFACEOUTERBOUND(#6873,.T.);
#6875=IFCCARTESIANPOINT((3.34407458245922,17.2961025238037,-1.84080574453045));
#6876=IFCDIRECTION((-0.,-1.,-0.));
#6877=IFCDIRECTION((0.,0.,-1.));
#6878=IFCAXIS2PLACEMENT3D(#6875,#6876,#6877);
#6879=IFCPLANE(#6878);
#6880=IFCADVANCEDFACE((#6874),#6879,.T.);
#6881=IFCCARTESIANPOINT((2.91326904296875,17.2961025238037,-1.49500012397766));
#6882=IFCVERTEXPOINT(#6881);
#6883=IFCCARTESIANPOINT((4.09326887130737,17.2961025238037,-1.49500012397766));
#6884=IFCVERTEXPOINT(#6883);
#6885=IFCCARTESIANPOINT((2.91326904296875,17.2961025238037,-1.49500012397766));
#6886=IFCDIRECTION((1.,0.,0.));
#6887=IFCVECTOR(#6886,1.);
#6888=IFCLINE(#6885,#6887);
#6889=IFCEDGECURVE(#6882,#6884,#6888,.T.);
#6890=IFCORIENTEDEDGE(*,*,#6889,.T.);
#6891=IFCCARTESIANPOINT((4.09326887130737,17.2961025238037,-1.49500012397766));
#6892=IFCVERTEXPOINT(#6891);
#6893=IFCCARTESIANPOINT((6.25326919555664,17.2961025238037,0.));
#6894=IFCVERTEXPOINT(#6893);
#6895=IFCCARTESIANPOINT((4.09326887130737,17.2961025238037,-1.49500012397766));
#6896=IFCDIRECTION((0.822260725305302,0.,0.56911097302758));
#6897=IFCVECTOR(#6896,1.);
#6898=IFCLINE(#6895,#6897);
#6899=IFCEDGECURVE(#6892,#6894,#6898,.T.);
#6900=IFCORIENTEDEDGE(*,*,#6899,.T.);
#6901=IFCCARTESIANPOINT((6.25326919555664,17.2961025238037,0.));
#6902=IFCVERTEXPOINT(#6901);
#6903=IFCCARTESIANPOINT((2.91326904296875,17.2961025238037,-1.49500012397766));
#6904=IFCVERTEXPOINT(#6903);
#6905=IFCCARTESIANPOINT((6.25326919555664,17.2961025238037,0.));
#6906=IFCDIRECTION((-0.91273780720156,0.,-0.408545830115654));
#6907=IFCVECTOR(#6906,1.);
#6908=IFCLINE(#6905,#6907);
#6909=IFCEDGECURVE(#6902,#6904,#6908,.T.);
#6910=IFCORIENTEDEDGE(*,*,#6909,.T.);
#6911=IFCEDGELOOP((#6890,#6900,#6910));
#6912=IFCFACEOUTERBOUND(#6911,.T.);
#6913=IFCCARTESIANPOINT((4.62016505797504,17.2961025238037,-0.865638743590957));
#6914=IFCDIRECTION((-0.,-1.,-0.));
#6915=IFCDIRECTION((0.,0.,-1.));
#6916=IFCAXIS2PLACEMENT3D(#6913,#6914,#6915);
#6917=IFCPLANE(#6916);
#6918=IFCADVANCEDFACE((#6912),#6917,.T.);
#6919=IFCCARTESIANPOINT((2.91326904296875,17.2961025238037,-1.49500012397766));
#6920=IFCVERTEXPOINT(#6919);
#6921=IFCCARTESIANPOINT((6.25326919555664,17.2961025238037,0.));
#6922=IFCVERTEXPOINT(#6921);
#6923=IFCCARTESIANPOINT((2.91326904296875,17.2961025238037,-1.49500012397766));
#6924=IFCDIRECTION((0.91273780720156,0.,0.408545830115654));
#6925=IFCVECTOR(#6924,1.);
#6926=IFCLINE(#6923,#6925);
#6927=IFCEDGECURVE(#6920,#6922,#6926,.T.);
#6928=IFCORIENTEDEDGE(*,*,#6927,.T.);
#6929=IFCCARTESIANPOINT((6.25326919555664,17.2961025238037,0.));
#6930=IFCVERTEXPOINT(#6929);
#6931=IFCCARTESIANPOINT((1.90326905250549,17.2961025238037,-1.49500012397766));
#6932=IFCVERTEXPOINT(#6931);
#6933=IFCCARTESIANPOINT((6.25326919555664,17.2961025238037,0.));
#6934=IFCDIRECTION((-0.945707478329268,0.,-0.325019023184946));
#6935=IFCVECTOR(#6934,1.);
#6936=IFCLINE(#6933,#6935);
#6937=IFCEDGECURVE(#6930,#6932,#6936,.T.);
#6938=IFCORIENTEDEDGE(*,*,#6937,.T.);
#6939=IFCCARTESIANPOINT((1.90326905250549,17.2961025238037,-1.49500012397766));
#6940=IFCVERTEXPOINT(#6939);
#6941=IFCCARTESIANPOINT((2.91326904296875,17.2961025238037,-1.49500012397766));
#6942=IFCVERTEXPOINT(#6941);
#6943=IFCCARTESIANPOINT((1.90326905250549,17.2961025238037,-1.49500012397766));
#6944=IFCDIRECTION((1.,0.,0.));
#6945=IFCVECTOR(#6944,1.);
#6946=IFCLINE(#6943,#6945);
#6947=IFCEDGECURVE(#6940,#6942,#6946,.T.);
#6948=IFCORIENTEDEDGE(*,*,#6947,.T.);
#6949=IFCEDGELOOP((#6928,#6938,#6948));
#6950=IFCFACEOUTERBOUND(#6949,.T.);
#6951=IFCCARTESIANPOINT((4.09566645565337,17.2961025238037,-0.828951227281552));
#6952=IFCDIRECTION((-0.,-1.,-0.));
#6953=IFCDIRECTION((0.,0.,-1.));
#6954=IFCAXIS2PLACEMENT3D(#6951,#6952,#6953);
#6955=IFCPLANE(#6954);
#6956=IFCADVANCEDFACE((#6950),#6955,.T.);
#6957=IFCCARTESIANPOINT((1.90326905250549,17.2961025238037,-1.49500012397766));
#6958=IFCVERTEXPOINT(#6957);
#6959=IFCCARTESIANPOINT((6.25326919555664,17.2961025238037,0.));
#6960=IFCVERTEXPOINT(#6959);
#6961=IFCCARTESIANPOINT((1.90326905250549,17.2961025238037,-1.49500012397766));
#6962=IFCDIRECTION((0.945707478329268,0.,0.325019023184946));
#6963=IFCVECTOR(#6962,1.);
#6964=IFCLINE(#6961,#6963);
#6965=IFCEDGECURVE(#6958,#6960,#6964,.T.);
#6966=IFCORIENTEDEDGE(*,*,#6965,.T.);
#6967=IFCCARTESIANPOINT((6.25326919555664,17.2961025238037,0.));
#6968=IFCVERTEXPOINT(#6967);
#6969=IFCCARTESIANPOINT((-0.58673083782196,17.2961025238037,-1.49500012397766));
#6970=IFCVERTEXPOINT(#6969);
#6971=IFCCARTESIANPOINT((6.25326919555664,17.2961025238037,0.));
#6972=IFCDIRECTION((-0.976937269876598,0.,-0.213526510593084));
#6973=IFCVECTOR(#6972,1.);
#6974=IFCLINE(#6971,#6973);
#6975=IFCEDGECURVE(#6968,#6970,#6974,.T.);
#6976=IFCORIENTEDEDGE(*,*,#6975,.T.);
#6977=IFCCARTESIANPOINT((-0.58673083782196,17.2961025238037,-1.49500012397766));
#6978=IFCVERTEXPOINT(#6977);
#6979=IFCCARTESIANPOINT((1.90326905250549,17.2961025238037,-1.49500012397766));
#6980=IFCVERTEXPOINT(#6979);
#6981=IFCCARTESIANPOINT((-0.58673083782196,17.2961025238037,-1.49500012397766));
#6982=IFCDIRECTION((1.,0.,0.));
#6983=IFCVECTOR(#6982,1.);
#6984=IFCLINE(#6981,#6983);
#6985=IFCEDGECURVE(#6978,#6980,#6984,.T.);
#6986=IFCORIENTEDEDGE(*,*,#6985,.T.);
#6987=IFCEDGELOOP((#6966,#6976,#6986));
#6988=IFCFACEOUTERBOUND(#6987,.T.);
#6989=IFCCARTESIANPOINT((2.85533365834909,17.2961025238037,-0.879587785077738));
#6990=IFCDIRECTION((-0.,-1.,-0.));
#6991=IFCDIRECTION((0.,0.,-1.));
#6992=IFCAXIS2PLACEMENT3D(#6989,#6990,#6991);
#6993=IFCPLANE(#6992);
#6994=IFCADVANCEDFACE((#6988),#6993,.T.);
#6995=IFCCARTESIANPOINT((1.90326905250549,17.2961025238037,-1.49500012397766));
#6996=IFCVERTEXPOINT(#6995);
#6997=IFCCARTESIANPOINT((-0.58673083782196,17.2961025238037,-1.49500012397766));
#6998=IFCVERTEXPOINT(#6997);
#6999=IFCCARTESIANPOINT((1.90326905250549,17.2961025238037,-1.49500012397766));
#7000=IFCDIRECTION((-1.,0.,0.));
#7001=IFCVECTOR(#7000,1.);
#7002=IFCLINE(#6999,#7001);
#7003=IFCEDGECURVE(#6996,#6998,#7002,.T.);
#7004=IFCORIENTEDEDGE(*,*,#7003,.T.);
#7005=IFCCARTESIANPOINT((-0.58673083782196,17.2961025238037,-1.49500012397766));
#7006=IFCVERTEXPOINT(#7005);
#7007=IFCCARTESIANPOINT((-0.58673083782196,17.2961025238037,-2.50500011444092));
#7008=IFCVERTEXPOINT(#7007);
#7009=IFCCARTESIANPOINT((-0.58673083782196,17.2961025238037,-1.49500012397766));
#7010=IFCDIRECTION((0.,0.,-1.));
#7011=IFCVECTOR(#7010,1.);
#7012=IFCLINE(#7009,#7011);
#7013=IFCEDGECURVE(#7006,#7008,#7012,.T.);
#7014=IFCORIENTEDEDGE(*,*,#7013,.T.);
#7015=IFCCARTESIANPOINT((-0.58673083782196,17.2961025238037,-2.50500011444092));
#7016=IFCVERTEXPOINT(#7015);
#7017=IFCCARTESIANPOINT((1.90326905250549,17.2961025238037,-1.49500012397766));
#7018=IFCVERTEXPOINT(#7017);
#7019=IFCCARTESIANPOINT((-0.58673083782196,17.2961025238037,-2.50500011444092));
#7020=IFCDIRECTION((0.926669205623101,0.,0.375877883560406));
#7021=IFCVECTOR(#7020,1.);
#7022=IFCLINE(#7019,#7021);
#7023=IFCEDGECURVE(#7016,#7018,#7022,.T.);
#7024=IFCORIENTEDEDGE(*,*,#7023,.T.);
#7025=IFCEDGELOOP((#7004,#7014,#7024));
#7026=IFCFACEOUTERBOUND(#7025,.T.);
#7027=IFCCARTESIANPOINT((0.455029856939766,17.2961025238037,-1.79676086880729));
#7028=IFCDIRECTION((3.44331115109054E-31,-1.,-1.10762894578338E-30));
#7029=IFCDIRECTION((0.,1.10762894578338E-30,-1.));
#7030=IFCAXIS2PLACEMENT3D(#7027,#7028,#7029);
#7031=IFCPLANE(#7030);
#7032=IFCADVANCEDFACE((#7026),#7031,.T.);
#7033=IFCCARTESIANPOINT((1.90326905250549,17.2961025238037,-2.50500011444092));
#7034=IFCVERTEXPOINT(#7033);
#7035=IFCCARTESIANPOINT((1.90326905250549,17.2961025238037,-1.49500012397766));
#7036=IFCVERTEXPOINT(#7035);
#7037=IFCCARTESIANPOINT((1.90326905250549,17.2961025238037,-2.50500011444092));
#7038=IFCDIRECTION((0.,0.,1.));
#7039=IFCVECTOR(#7038,1.);
#7040=IFCLINE(#7037,#7039);
#7041=IFCEDGECURVE(#7034,#7036,#7040,.T.);
#7042=IFCORIENTEDEDGE(*,*,#7041,.T.);
#7043=IFCCARTESIANPOINT((1.90326905250549,17.2961025238037,-1.49500012397766));
#7044=IFCVERTEXPOINT(#7043);
#7045=IFCCARTESIANPOINT((-0.58673083782196,17.2961025238037,-2.50500011444092));
#7046=IFCVERTEXPOINT(#7045);
#7047=IFCCARTESIANPOINT((1.90326905250549,17.2961025238037,-1.49500012397766));
#7048=IFCDIRECTION((-0.926669205623101,0.,-0.375877883560406));
#7049=IFCVECTOR(#7048,1.);
#7050=IFCLINE(#7047,#7049);
#7051=IFCEDGECURVE(#7044,#7046,#7050,.T.);
#7052=IFCORIENTEDEDGE(*,*,#7051,.T.);
#7053=IFCCARTESIANPOINT((-0.58673083782196,17.2961025238037,-2.50500011444092));
#7054=IFCVERTEXPOINT(#7053);
#7055=IFCCARTESIANPOINT((1.90326905250549,17.2961025238037,-2.50500011444092));
#7056=IFCVERTEXPOINT(#7055);
#7057=IFCCARTESIANPOINT((-0.58673083782196,17.2961025238037,-2.50500011444092));
#7058=IFCDIRECTION((1.,0.,0.));
#7059=IFCVECTOR(#7058,1.);
#7060=IFCLINE(#7057,#7059);
#7061=IFCEDGECURVE(#7054,#7056,#7060,.T.);
#7062=IFCORIENTEDEDGE(*,*,#7061,.T.);
#7063=IFCEDGELOOP((#7042,#7052,#7062));
#7064=IFCFACEOUTERBOUND(#7063,.T.);
#7065=IFCCARTESIANPOINT((0.861508357743766,17.2961025238037,-2.20323936961129));
#7066=IFCDIRECTION((-0.,-1.,-0.));
#7067=IFCDIRECTION((0.,0.,-1.));
#7068=IFCAXIS2PLACEMENT3D(#7065,#7066,#7067);
#7069=IFCPLANE(#7068);
#7070=IFCADVANCEDFACE((#7064),#7069,.T.);
#7071=IFCCARTESIANPOINT((1.90326905250549,17.2961025238037,-2.50500011444092));
#7072=IFCVERTEXPOINT(#7071);
#7073=IFCCARTESIANPOINT((-0.58673083782196,17.2961025238037,-2.50500011444092));
#7074=IFCVERTEXPOINT(#7073);
#7075=IFCCARTESIANPOINT((1.90326905250549,17.2961025238037,-2.50500011444092));
#7076=IFCDIRECTION((-1.,0.,0.));
#7077=IFCVECTOR(#7076,1.);
#7078=IFCLINE(#7075,#7077);
#7079=IFCEDGECURVE(#7072,#7074,#7078,.T.);
#7080=IFCORIENTEDEDGE(*,*,#7079,.F.);
#7081=IFCCARTESIANPOINT((-1.5967310667038,17.2961025238037,-2.50500011444092));
#7082=IFCVERTEXPOINT(#7081);
#7083=IFCCARTESIANPOINT((1.90326905250549,17.2961025238037,-2.50500011444092));
#7084=IFCVERTEXPOINT(#7083);
#7085=IFCCARTESIANPOINT((-1.5967310667038,17.2961025238037,-2.50500011444092));
#7086=IFCDIRECTION((1.,0.,0.));
#7087=IFCVECTOR(#7086,1.);
#7088=IFCLINE(#7085,#7087);
#7089=IFCEDGECURVE(#7082,#7084,#7088,.T.);
#7090=IFCORIENTEDEDGE(*,*,#7089,.F.);
#7091=IFCCARTESIANPOINT((-0.58673083782196,17.2961025238037,-2.50500011444092));
#7092=IFCVERTEXPOINT(#7091);
#7093=IFCCARTESIANPOINT((-1.5967310667038,17.2961025238037,-2.50500011444092));
#7094=IFCVERTEXPOINT(#7093);
#7095=IFCCARTESIANPOINT((-0.58673083782196,17.2961025238037,-2.50500011444092));
#7096=IFCDIRECTION((-1.,0.,0.));
#7097=IFCVECTOR(#7096,1.);
#7098=IFCLINE(#7095,#7097);
#7099=IFCEDGECURVE(#7092,#7094,#7098,.T.);
#7100=IFCORIENTEDEDGE(*,*,#7099,.F.);
#7101=IFCEDGELOOP((#7080,#7090,#7100));
#7102=IFCFACEOUTERBOUND(#7101,.T.);
#7103=IFCCARTESIANPOINT((0.153268992900848,17.2961025238037,-2.50500011444092));
#7104=IFCDIRECTION((-0.,-0.,-1.));
#7105=IFCDIRECTION((-1.,0.,0.));
#7106=IFCAXIS2PLACEMENT3D(#7103,#7104,#7105);
#7107=IFCPLANE(#7106);
#7108=IFCADVANCEDFACE((#7102),#7107,.T.);
#7109=IFCCARTESIANPOINT((1.90326905250549,17.2961025238037,-2.50500011444092));
#7110=IFCVERTEXPOINT(#7109);
#7111=IFCCARTESIANPOINT((-1.5967310667038,17.2961025238037,-2.50500011444092));
#7112=IFCVERTEXPOINT(#7111);
#7113=IFCCARTESIANPOINT((1.90326905250549,17.2961025238037,-2.50500011444092));
#7114=IFCDIRECTION((-1.,0.,0.));
#7115=IFCVECTOR(#7114,1.);
#7116=IFCLINE(#7113,#7115);
#7117=IFCEDGECURVE(#7110,#7112,#7116,.T.);
#7118=IFCORIENTEDEDGE(*,*,#7117,.F.);
#7119=IFCCARTESIANPOINT((2.91326904296875,17.2961025238037,-2.50500011444092));
#7120=IFCVERTEXPOINT(#7119);
#7121=IFCCARTESIANPOINT((1.90326905250549,17.2961025238037,-2.50500011444092));
#7122=IFCVERTEXPOINT(#7121);
#7123=IFCCARTESIANPOINT((2.91326904296875,17.2961025238037,-2.50500011444092));
#7124=IFCDIRECTION((-1.,0.,0.));
#7125=IFCVECTOR(#7124,1.);
#7126=IFCLINE(#7123,#7125);
#7127=IFCEDGECURVE(#7120,#7122,#7126,.T.);
#7128=IFCORIENTEDEDGE(*,*,#7127,.F.);
#7129=IFCCARTESIANPOINT((-1.5967310667038,17.2961025238037,-2.50500011444092));
#7130=IFCVERTEXPOINT(#7129);
#7131=IFCCARTESIANPOINT((2.91326904296875,17.2961025238037,-2.50500011444092));
#7132=IFCVERTEXPOINT(#7131);
#7133=IFCCARTESIANPOINT((-1.5967310667038,17.2961025238037,-2.50500011444092));
#7134=IFCDIRECTION((1.,0.,0.));
#7135=IFCVECTOR(#7134,1.);
#7136=IFCLINE(#7133,#7135);
#7137=IFCEDGECURVE(#7130,#7132,#7136,.T.);
#7138=IFCORIENTEDEDGE(*,*,#7137,.F.);
#7139=IFCEDGELOOP((#7118,#7128,#7138));
#7140=IFCFACEOUTERBOUND(#7139,.T.);
#7141=IFCCARTESIANPOINT((0.658268988132477,17.2961025238037,-2.50500011444092));
#7142=IFCDIRECTION((-0.,-0.,-1.));
#7143=IFCDIRECTION((-1.,0.,0.));
#7144=IFCAXIS2PLACEMENT3D(#7141,#7142,#7143);
#7145=IFCPLANE(#7144);
#7146=IFCADVANCEDFACE((#7140),#7145,.T.);
#7147=IFCCARTESIANPOINT((-0.58673083782196,17.2961025238037,-1.49500012397766));
#7148=IFCVERTEXPOINT(#7147);
#7149=IFCCARTESIANPOINT((6.25326919555664,17.2961025238037,0.));
#7150=IFCVERTEXPOINT(#7149);
#7151=IFCCARTESIANPOINT((-0.58673083782196,17.2961025238037,-1.49500012397766));
#7152=IFCDIRECTION((0.976937269876598,0.,0.213526510593084));
#7153=IFCVECTOR(#7152,1.);
#7154=IFCLINE(#7151,#7153);
#7155=IFCEDGECURVE(#7148,#7150,#7154,.T.);
#7156=IFCORIENTEDEDGE(*,*,#7155,.T.);
#7157=IFCCARTESIANPOINT((6.25326919555664,17.2961025238037,0.));
#7158=IFCVERTEXPOINT(#7157);
#7159=IFCCARTESIANPOINT((-1.5967310667038,17.2961025238037,-1.49500012397766));
#7160=IFCVERTEXPOINT(#7159);
#7161=IFCCARTESIANPOINT((6.25326919555664,17.2961025238037,0.));
#7162=IFCDIRECTION((-0.982344040857921,0.,-0.187083364816146));
#7163=IFCVECTOR(#7162,1.);
#7164=IFCLINE(#7161,#7163);
#7165=IFCEDGECURVE(#7158,#7160,#7164,.T.);
#7166=IFCORIENTEDEDGE(*,*,#7165,.T.);
#7167=IFCCARTESIANPOINT((-1.5967310667038,17.2961025238037,-1.49500012397766));
#7168=IFCVERTEXPOINT(#7167);
#7169=IFCCARTESIANPOINT((-0.58673083782196,17.2961025238037,-1.49500012397766));
#7170=IFCVERTEXPOINT(#7169);
#7171=IFCCARTESIANPOINT((-1.5967310667038,17.2961025238037,-1.49500012397766));
#7172=IFCDIRECTION((1.,0.,0.));
#7173=IFCVECTOR(#7172,1.);
#7174=IFCLINE(#7171,#7173);
#7175=IFCEDGECURVE(#7168,#7170,#7174,.T.);
#7176=IFCORIENTEDEDGE(*,*,#7175,.T.);
#7177=IFCEDGELOOP((#7156,#7166,#7176));
#7178=IFCFACEOUTERBOUND(#7177,.T.);
#7179=IFCCARTESIANPOINT((2.33336474325062,17.2961025238037,-0.794678453818948));
#7180=IFCDIRECTION((-0.,-1.,-0.));
#7181=IFCDIRECTION((0.,0.,-1.));
#7182=IFCAXIS2PLACEMENT3D(#7179,#7180,#7181);
#7183=IFCPLANE(#7182);
#7184=IFCADVANCEDFACE((#7178),#7183,.T.);
#7185=IFCCARTESIANPOINT((-1.5967310667038,17.2961025238037,-1.49500012397766));
#7186=IFCVERTEXPOINT(#7185);
#7187=IFCCARTESIANPOINT((6.25326919555664,17.2961025238037,0.));
#7188=IFCVERTEXPOINT(#7187);
#7189=IFCCARTESIANPOINT((-1.5967310667038,17.2961025238037,-1.49500012397766));
#7190=IFCDIRECTION((0.982344040857921,0.,0.187083364816146));
#7191=IFCVECTOR(#7190,1.);
#7192=IFCLINE(#7189,#7191);
#7193=IFCEDGECURVE(#7186,#7188,#7192,.T.);
#7194=IFCORIENTEDEDGE(*,*,#7193,.T.);
#7195=IFCCARTESIANPOINT((6.25326919555664,17.2961025238037,0.));
#7196=IFCVERTEXPOINT(#7195);
#7197=IFCCARTESIANPOINT((-2.74673104286194,17.2961025238037,0.));
#7198=IFCVERTEXPOINT(#7197);
#7199=IFCCARTESIANPOINT((6.25326919555664,17.2961025238037,0.));
#7200=IFCDIRECTION((-1.,0.,0.));
#7201=IFCVECTOR(#7200,1.);
#7202=IFCLINE(#7199,#7201);
#7203=IFCEDGECURVE(#7196,#7198,#7202,.T.);
#7204=IFCORIENTEDEDGE(*,*,#7203,.T.);
#7205=IFCCARTESIANPOINT((-2.74673104286194,17.2961025238037,0.));
#7206=IFCVERTEXPOINT(#7205);
#7207=IFCCARTESIANPOINT((-1.5967310667038,17.2961025238037,-1.49500012397766));
#7208=IFCVERTEXPOINT(#7207);
#7209=IFCCARTESIANPOINT((-2.74673104286194,17.2961025238037,0.));
#7210=IFCDIRECTION((0.609710721142376,0.,-0.792624019648688));
#7211=IFCVECTOR(#7210,1.);
#7212=IFCLINE(#7209,#7211);
#7213=IFCEDGECURVE(#7206,#7208,#7212,.T.);
#7214=IFCORIENTEDEDGE(*,*,#7213,.T.);
#7215=IFCEDGELOOP((#7194,#7204,#7214));
#7216=IFCFACEOUTERBOUND(#7215,.T.);
#7217=IFCCARTESIANPOINT((1.60450658220663,17.2961025238037,-0.391118309420988));
#7218=IFCDIRECTION((-0.,-1.,-0.));
#7219=IFCDIRECTION((0.,0.,-1.));
#7220=IFCAXIS2PLACEMENT3D(#7217,#7218,#7219);
#7221=IFCPLANE(#7220);
#7222=IFCADVANCEDFACE((#7216),#7221,.T.);
#7223=IFCCARTESIANPOINT((-1.5967310667038,17.2961025238037,-1.49500012397766));
#7224=IFCVERTEXPOINT(#7223);
#7225=IFCCARTESIANPOINT((-2.74673104286194,17.2961025238037,0.));
#7226=IFCVERTEXPOINT(#7225);
#7227=IFCCARTESIANPOINT((-1.5967310667038,17.2961025238037,-1.49500012397766));
#7228=IFCDIRECTION((-0.609710721142376,0.,0.792624019648688));
#7229=IFCVECTOR(#7228,1.);
#7230=IFCLINE(#7227,#7229);
#7231=IFCEDGECURVE(#7224,#7226,#7230,.T.);
#7232=IFCORIENTEDEDGE(*,*,#7231,.T.);
#7233=IFCCARTESIANPOINT((-2.74673104286194,17.2961025238037,0.));
#7234=IFCVERTEXPOINT(#7233);
#7235=IFCCARTESIANPOINT((-1.5967310667038,17.2961025238037,-2.50500011444092));
#7236=IFCVERTEXPOINT(#7235);
#7237=IFCCARTESIANPOINT((-2.74673104286194,17.2961025238037,0.));
#7238=IFCDIRECTION((0.417216761428084,0.,-0.908807005905798));
#7239=IFCVECTOR(#7238,1.);
#7240=IFCLINE(#7237,#7239);
#7241=IFCEDGECURVE(#7234,#7236,#7240,.T.);
#7242=IFCORIENTEDEDGE(*,*,#7241,.T.);
#7243=IFCCARTESIANPOINT((-1.5967310667038,17.2961025238037,-2.50500011444092));
#7244=IFCVERTEXPOINT(#7243);
#7245=IFCCARTESIANPOINT((-1.5967310667038,17.2961025238037,-1.49500012397766));
#7246=IFCVERTEXPOINT(#7245);
#7247=IFCCARTESIANPOINT((-1.5967310667038,17.2961025238037,-2.50500011444092));
#7248=IFCDIRECTION((0.,0.,1.));
#7249=IFCVECTOR(#7248,1.);
#7250=IFCLINE(#7247,#7249);
#7251=IFCEDGECURVE(#7244,#7246,#7250,.T.);
#7252=IFCORIENTEDEDGE(*,*,#7251,.T.);
#7253=IFCEDGELOOP((#7232,#7242,#7252));
#7254=IFCFACEOUTERBOUND(#7253,.T.);
#7255=IFCCARTESIANPOINT((-2.06898893079185,17.2961025238037,-1.21755520887321));
#7256=IFCDIRECTION((-0.,-1.,-0.));
#7257=IFCDIRECTION((0.,0.,-1.));
#7258=IFCAXIS2PLACEMENT3D(#7255,#7256,#7257);
#7259=IFCPLANE(#7258);
#7260=IFCADVANCEDFACE((#7254),#7259,.T.);
#7261=IFCCARTESIANPOINT((-1.5967310667038,17.2961025238037,-2.50500011444092));
#7262=IFCVERTEXPOINT(#7261);
#7263=IFCCARTESIANPOINT((-2.74673104286194,17.2961025238037,0.));
#7264=IFCVERTEXPOINT(#7263);
#7265=IFCCARTESIANPOINT((-1.5967310667038,17.2961025238037,-2.50500011444092));
#7266=IFCDIRECTION((-0.417216761428084,0.,0.908807005905798));
#7267=IFCVECTOR(#7266,1.);
#7268=IFCLINE(#7265,#7267);
#7269=IFCEDGECURVE(#7262,#7264,#7268,.T.);
#7270=IFCORIENTEDEDGE(*,*,#7269,.T.);
#7271=IFCCARTESIANPOINT((-2.74673104286194,17.2961025238037,0.));
#7272=IFCVERTEXPOINT(#7271);
#7273=IFCCARTESIANPOINT((-2.74673104286194,17.2961025238037,-4.));
#7274=IFCVERTEXPOINT(#7273);
#7275=IFCCARTESIANPOINT((-2.74673104286194,17.2961025238037,0.));
#7276=IFCDIRECTION((0.,0.,-1.));
#7277=IFCVECTOR(#7276,1.);
#7278=IFCLINE(#7275,#7277);
#7279=IFCEDGECURVE(#7272,#7274,#7278,.T.);
#7280=IFCORIENTEDEDGE(*,*,#7279,.T.);
#7281=IFCCARTESIANPOINT((-2.74673104286194,17.2961025238037,-4.));
#7282=IFCVERTEXPOINT(#7281);
#7283=IFCCARTESIANPOINT((-1.5967310667038,17.2961025238037,-2.50500011444092));
#7284=IFCVERTEXPOINT(#7283);
#7285=IFCCARTESIANPOINT((-2.74673104286194,17.2961025238037,-4.));
#7286=IFCDIRECTION((0.609710782230556,0.,0.792623972657781));
#7287=IFCVECTOR(#7286,1.);
#7288=IFCLINE(#7285,#7287);
#7289=IFCEDGECURVE(#7282,#7284,#7288,.T.);
#7290=IFCORIENTEDEDGE(*,*,#7289,.T.);
#7291=IFCEDGELOOP((#7270,#7280,#7290));
#7292=IFCFACEOUTERBOUND(#7291,.T.);
#7293=IFCCARTESIANPOINT((-2.43785771629304,17.2961025238037,-2.03494486070782));
#7294=IFCDIRECTION((-0.,-1.,-0.));
#7295=IFCDIRECTION((0.,0.,-1.));
#7296=IFCAXIS2PLACEMENT3D(#7293,#7294,#7295);
#7297=IFCPLANE(#7296);
#7298=IFCADVANCEDFACE((#7292),#7297,.T.);
#7299=IFCCARTESIANPOINT((-2.74673104286194,17.2961025238037,-4.));
#7300=IFCVERTEXPOINT(#7299);
#7301=IFCCARTESIANPOINT((6.25326919555664,17.2961025238037,-4.));
#7302=IFCVERTEXPOINT(#7301);
#7303=IFCCARTESIANPOINT((-2.74673104286194,17.2961025238037,-4.));
#7304=IFCDIRECTION((1.,0.,0.));
#7305=IFCVECTOR(#7304,1.);
#7306=IFCLINE(#7303,#7305);
#7307=IFCEDGECURVE(#7300,#7302,#7306,.T.);
#7308=IFCORIENTEDEDGE(*,*,#7307,.T.);
#7309=IFCCARTESIANPOINT((6.25326919555664,17.2961025238037,-4.));
#7310=IFCVERTEXPOINT(#7309);
#7311=IFCCARTESIANPOINT((5.10326910018921,17.2961025238037,-2.50500011444092));
#7312=IFCVERTEXPOINT(#7311);
#7313=IFCCARTESIANPOINT((6.25326919555664,17.2961025238037,-4.));
#7314=IFCDIRECTION((-0.609710821937872,0.,0.792623942113689));
#7315=IFCVECTOR(#7314,1.);
#7316=IFCLINE(#7313,#7315);
#7317=IFCEDGECURVE(#7310,#7312,#7316,.T.);
#7318=IFCORIENTEDEDGE(*,*,#7317,.T.);
#7319=IFCCARTESIANPOINT((5.10326910018921,17.2961025238037,-2.50500011444092));
#7320=IFCVERTEXPOINT(#7319);
#7321=IFCCARTESIANPOINT((-2.74673104286194,17.2961025238037,-4.));
#7322=IFCVERTEXPOINT(#7321);
#7323=IFCCARTESIANPOINT((5.10326910018921,17.2961025238037,-2.50500011444092));
#7324=IFCDIRECTION((-0.98234404581898,0.,-0.187083338766438));
#7325=IFCVECTOR(#7324,1.);
#7326=IFCLINE(#7323,#7325);
#7327=IFCEDGECURVE(#7320,#7322,#7326,.T.);
#7328=IFCORIENTEDEDGE(*,*,#7327,.T.);
#7329=IFCEDGELOOP((#7308,#7318,#7328));
#7330=IFCFACEOUTERBOUND(#7329,.T.);
#7331=IFCCARTESIANPOINT((1.90203152223733,17.2961025238037,-3.60888175820188));
#7332=IFCDIRECTION((-0.,-1.,-0.));
#7333=IFCDIRECTION((0.,0.,-1.));
#7334=IFCAXIS2PLACEMENT3D(#7331,#7332,#7333);
#7335=IFCPLANE(#7334);
#7336=IFCADVANCEDFACE((#7330),#7335,.T.);
#7337=IFCCARTESIANPOINT((5.10326910018921,17.2961025238037,-2.50500011444092));
#7338=IFCVERTEXPOINT(#7337);
#7339=IFCCARTESIANPOINT((6.25326919555664,17.2961025238037,-4.));
#7340=IFCVERTEXPOINT(#7339);
#7341=IFCCARTESIANPOINT((5.10326910018921,17.2961025238037,-2.50500011444092));
#7342=IFCDIRECTION((0.609710821937872,0.,-0.792623942113689));
#7343=IFCVECTOR(#7342,1.);
#7344=IFCLINE(#7341,#7343);
#7345=IFCEDGECURVE(#7338,#7340,#7344,.T.);
#7346=IFCORIENTEDEDGE(*,*,#7345,.T.);
#7347=IFCCARTESIANPOINT((6.25326919555664,17.2961025238037,-4.));
#7348=IFCVERTEXPOINT(#7347);
#7349=IFCCARTESIANPOINT((6.25326919555664,17.2961025238037,0.));
#7350=IFCVERTEXPOINT(#7349);
#7351=IFCCARTESIANPOINT((6.25326919555664,17.2961025238037,-4.));
#7352=IFCDIRECTION((0.,0.,1.));
#7353=IFCVECTOR(#7352,1.);
#7354=IFCLINE(#7351,#7353);
#7355=IFCEDGECURVE(#7348,#7350,#7354,.T.);
#7356=IFCORIENTEDEDGE(*,*,#7355,.T.);
#7357=IFCCARTESIANPOINT((6.25326919555664,17.2961025238037,0.));
#7358=IFCVERTEXPOINT(#7357);
#7359=IFCCARTESIANPOINT((5.10326910018921,17.2961025238037,-2.50500011444092));
#7360=IFCVERTEXPOINT(#7359);
#7361=IFCCARTESIANPOINT((6.25326919555664,17.2961025238037,0.));
#7362=IFCDIRECTION((-0.417216797148568,0.,-0.908806989507173));
#7363=IFCVECTOR(#7362,1.);
#7364=IFCLINE(#7361,#7363);
#7365=IFCEDGECURVE(#7358,#7360,#7364,.T.);
#7366=IFCORIENTEDEDGE(*,*,#7365,.T.);
#7367=IFCEDGELOOP((#7346,#7356,#7366));
#7368=IFCFACEOUTERBOUND(#7367,.T.);
#7369=IFCCARTESIANPOINT((5.94439583320022,17.2961025238037,-2.03494486644459));
#7370=IFCDIRECTION((-1.31863678451577E-29,-1.,3.34697502223137E-31));
#7371=IFCDIRECTION((-1.,1.31863678451577E-29,0.));
#7372=IFCAXIS2PLACEMENT3D(#7369,#7370,#7371);
#7373=IFCPLANE(#7372);
#7374=IFCADVANCEDFACE((#7368),#7373,.T.);
#7375=IFCCARTESIANPOINT((5.10326910018921,17.2961025238037,-2.50500011444092));
#7376=IFCVERTEXPOINT(#7375);
#7377=IFCCARTESIANPOINT((6.25326919555664,17.2961025238037,0.));
#7378=IFCVERTEXPOINT(#7377);
#7379=IFCCARTESIANPOINT((5.10326910018921,17.2961025238037,-2.50500011444092));
#7380=IFCDIRECTION((0.417216797148568,0.,0.908806989507173));
#7381=IFCVECTOR(#7380,1.);
#7382=IFCLINE(#7379,#7381);
#7383=IFCEDGECURVE(#7376,#7378,#7382,.T.);
#7384=IFCORIENTEDEDGE(*,*,#7383,.T.);
#7385=IFCCARTESIANPOINT((6.25326919555664,17.2961025238037,0.));
#7386=IFCVERTEXPOINT(#7385);
#7387=IFCCARTESIANPOINT((5.10326910018921,17.2961025238037,-1.49500012397766));
#7388=IFCVERTEXPOINT(#7387);
#7389=IFCCARTESIANPOINT((6.25326919555664,17.2961025238037,0.));
#7390=IFCDIRECTION((-0.609710760849692,0.,-0.7926239891046));
#7391=IFCVECTOR(#7390,1.);
#7392=IFCLINE(#7389,#7391);
#7393=IFCEDGECURVE(#7386,#7388,#7392,.T.);
#7394=IFCORIENTEDEDGE(*,*,#7393,.T.);
#7395=IFCCARTESIANPOINT((5.10326910018921,17.2961025238037,-1.49500012397766));
#7396=IFCVERTEXPOINT(#7395);
#7397=IFCCARTESIANPOINT((5.10326910018921,17.2961025238037,-2.50500011444092));
#7398=IFCVERTEXPOINT(#7397);
#7399=IFCCARTESIANPOINT((5.10326910018921,17.2961025238037,-1.49500012397766));
#7400=IFCDIRECTION((0.,0.,-1.));
#7401=IFCVECTOR(#7400,1.);
#7402=IFCLINE(#7399,#7401);
#7403=IFCEDGECURVE(#7396,#7398,#7402,.T.);
#7404=IFCORIENTEDEDGE(*,*,#7403,.T.);
#7405=IFCEDGELOOP((#7384,#7394,#7404));
#7406=IFCFACEOUTERBOUND(#7405,.T.);
#7407=IFCCARTESIANPOINT((5.57552701545677,17.2961025238037,-1.21755520313644));
#7408=IFCDIRECTION((-0.,-1.,-0.));
#7409=IFCDIRECTION((0.,0.,-1.));
#7410=IFCAXIS2PLACEMENT3D(#7407,#7408,#7409);
#7411=IFCPLANE(#7410);
#7412=IFCADVANCEDFACE((#7406),#7411,.T.);
#7413=IFCCARTESIANPOINT((5.10326910018921,17.2961025238037,-1.49500012397766));
#7414=IFCVERTEXPOINT(#7413);
#7415=IFCCARTESIANPOINT((6.25326919555664,17.2961025238037,0.));
#7416=IFCVERTEXPOINT(#7415);
#7417=IFCCARTESIANPOINT((5.10326910018921,17.2961025238037,-1.49500012397766));
#7418=IFCDIRECTION((0.609710760849692,0.,0.7926239891046));
#7419=IFCVECTOR(#7418,1.);
#7420=IFCLINE(#7417,#7419);
#7421=IFCEDGECURVE(#7414,#7416,#7420,.T.);
#7422=IFCORIENTEDEDGE(*,*,#7421,.T.);
#7423=IFCCARTESIANPOINT((6.25326919555664,17.2961025238037,0.));
#7424=IFCVERTEXPOINT(#7423);
#7425=IFCCARTESIANPOINT((4.09326887130737,17.2961025238037,-1.49500012397766));
#7426=IFCVERTEXPOINT(#7425);
#7427=IFCCARTESIANPOINT((6.25326919555664,17.2961025238037,0.));
#7428=IFCDIRECTION((-0.822260725305302,0.,-0.56911097302758));
#7429=IFCVECTOR(#7428,1.);
#7430=IFCLINE(#7427,#7429);
#7431=IFCEDGECURVE(#7424,#7426,#7430,.T.);
#7432=IFCORIENTEDEDGE(*,*,#7431,.T.);
#7433=IFCCARTESIANPOINT((4.09326887130737,17.2961025238037,-1.49500012397766));
#7434=IFCVERTEXPOINT(#7433);
#7435=IFCCARTESIANPOINT((5.10326910018921,17.2961025238037,-1.49500012397766));
#7436=IFCVERTEXPOINT(#7435);
#7437=IFCCARTESIANPOINT((4.09326887130737,17.2961025238037,-1.49500012397766));
#7438=IFCDIRECTION((1.,0.,0.));
#7439=IFCVECTOR(#7438,1.);
#7440=IFCLINE(#7437,#7439);
#7441=IFCEDGECURVE(#7434,#7436,#7440,.T.);
#7442=IFCORIENTEDEDGE(*,*,#7441,.T.);
#7443=IFCEDGELOOP((#7422,#7432,#7442));
#7444=IFCFACEOUTERBOUND(#7443,.T.);
#7445=IFCCARTESIANPOINT((5.24057808730061,17.2961025238037,-0.884195531472787));
#7446=IFCDIRECTION((-0.,-1.,-0.));
#7447=IFCDIRECTION((0.,0.,-1.));
#7448=IFCAXIS2PLACEMENT3D(#7445,#7446,#7447);
#7449=IFCPLANE(#7448);
#7450=IFCADVANCEDFACE((#7444),#7449,.T.);
#7451=IFCCARTESIANPOINT((6.25326919555664,17.5961017608643,-4.));
#7452=IFCVERTEXPOINT(#7451);
#7453=IFCCARTESIANPOINT((-1.5967310667038,17.5961017608643,-2.50500011444092));
#7454=IFCVERTEXPOINT(#7453);
#7455=IFCCARTESIANPOINT((6.25326919555664,17.5961017608643,-4.));
#7456=IFCDIRECTION((-0.982344046341105,0.,0.187083336024846));
#7457=IFCVECTOR(#7456,1.);
#7458=IFCLINE(#7455,#7457);
#7459=IFCEDGECURVE(#7452,#7454,#7458,.T.);
#7460=IFCORIENTEDEDGE(*,*,#7459,.T.);
#7461=IFCCARTESIANPOINT((-1.5967310667038,17.5961017608643,-2.50500011444092));
#7462=IFCVERTEXPOINT(#7461);
#7463=IFCCARTESIANPOINT((5.10326910018921,17.5961017608643,-2.50500011444092));
#7464=IFCVERTEXPOINT(#7463);
#7465=IFCCARTESIANPOINT((-1.5967310667038,17.5961017608643,-2.50500011444092));
#7466=IFCDIRECTION((1.,0.,0.));
#7467=IFCVECTOR(#7466,1.);
#7468=IFCLINE(#7465,#7467);
#7469=IFCEDGECURVE(#7462,#7464,#7468,.T.);
#7470=IFCORIENTEDEDGE(*,*,#7469,.T.);
#7471=IFCCARTESIANPOINT((5.10326910018921,17.5961017608643,-2.50500011444092));
#7472=IFCVERTEXPOINT(#7471);
#7473=IFCCARTESIANPOINT((6.25326919555664,17.5961017608643,-4.));
#7474=IFCVERTEXPOINT(#7473);
#7475=IFCCARTESIANPOINT((5.10326910018921,17.5961017608643,-2.50500011444092));
#7476=IFCDIRECTION((0.609710821937872,0.,-0.792623942113689));
#7477=IFCVECTOR(#7476,1.);
#7478=IFCLINE(#7475,#7477);
#7479=IFCEDGECURVE(#7472,#7474,#7478,.T.);
#7480=IFCORIENTEDEDGE(*,*,#7479,.T.);
#7481=IFCEDGELOOP((#7460,#7470,#7480));
#7482=IFCFACEOUTERBOUND(#7481,.T.);
#7483=IFCCARTESIANPOINT((2.47703151084259,17.5961017608643,-2.95038387428575));
#7484=IFCDIRECTION((0.,1.,0.));
#7485=IFCDIRECTION((0.,-0.,1.));
#7486=IFCAXIS2PLACEMENT3D(#7483,#7484,#7485);
#7487=IFCPLANE(#7486);
#7488=IFCADVANCEDFACE((#7482),#7487,.T.);
#7489=IFCCARTESIANPOINT((5.10326910018921,17.5961017608643,-2.50500011444092));
#7490=IFCVERTEXPOINT(#7489);
#7491=IFCCARTESIANPOINT((-1.5967310667038,17.5961017608643,-2.50500011444092));
#7492=IFCVERTEXPOINT(#7491);
#7493=IFCCARTESIANPOINT((5.10326910018921,17.5961017608643,-2.50500011444092));
#7494=IFCDIRECTION((-1.,0.,0.));
#7495=IFCVECTOR(#7494,1.);
#7496=IFCLINE(#7493,#7495);
#7497=IFCEDGECURVE(#7490,#7492,#7496,.T.);
#7498=IFCORIENTEDEDGE(*,*,#7497,.F.);
#7499=IFCCARTESIANPOINT((-0.58673083782196,17.5961017608643,-2.50500011444092));
#7500=IFCVERTEXPOINT(#7499);
#7501=IFCCARTESIANPOINT((5.10326910018921,17.5961017608643,-2.50500011444092));
#7502=IFCVERTEXPOINT(#7501);
#7503=IFCCARTESIANPOINT((-0.58673083782196,17.5961017608643,-2.50500011444092));
#7504=IFCDIRECTION((1.,0.,0.));
#7505=IFCVECTOR(#7504,1.);
#7506=IFCLINE(#7503,#7505);
#7507=IFCEDGECURVE(#7500,#7502,#7506,.T.);
#7508=IFCORIENTEDEDGE(*,*,#7507,.F.);
#7509=IFCCARTESIANPOINT((-1.5967310667038,17.5961017608643,-2.50500011444092));
#7510=IFCVERTEXPOINT(#7509);
#7511=IFCCARTESIANPOINT((-0.58673083782196,17.5961017608643,-2.50500011444092));
#7512=IFCVERTEXPOINT(#7511);
#7513=IFCCARTESIANPOINT((-1.5967310667038,17.5961017608643,-2.50500011444092));
#7514=IFCDIRECTION((1.,0.,0.));
#7515=IFCVECTOR(#7514,1.);
#7516=IFCLINE(#7513,#7515);
#7517=IFCEDGECURVE(#7510,#7512,#7516,.T.);
#7518=IFCORIENTEDEDGE(*,*,#7517,.F.);
#7519=IFCEDGELOOP((#7498,#7508,#7518));
#7520=IFCFACEOUTERBOUND(#7519,.T.);
#7521=IFCCARTESIANPOINT((1.75326901674271,17.5961017608643,-2.50500011444092));
#7522=IFCDIRECTION((-0.,-0.,-1.));
#7523=IFCDIRECTION((-1.,0.,0.));
#7524=IFCAXIS2PLACEMENT3D(#7521,#7522,#7523);
#7525=IFCPLANE(#7524);
#7526=IFCADVANCEDFACE((#7520),#7525,.T.);
#7527=IFCCARTESIANPOINT((5.10326910018921,17.5961017608643,-2.50500011444092));
#7528=IFCVERTEXPOINT(#7527);
#7529=IFCCARTESIANPOINT((-0.58673083782196,17.5961017608643,-2.50500011444092));
#7530=IFCVERTEXPOINT(#7529);
#7531=IFCCARTESIANPOINT((5.10326910018921,17.5961017608643,-2.50500011444092));
#7532=IFCDIRECTION((-1.,0.,0.));
#7533=IFCVECTOR(#7532,1.);
#7534=IFCLINE(#7531,#7533);
#7535=IFCEDGECURVE(#7528,#7530,#7534,.T.);
#7536=IFCORIENTEDEDGE(*,*,#7535,.F.);
#7537=IFCCARTESIANPOINT((1.90326905250549,17.5961017608643,-2.50500011444092));
#7538=IFCVERTEXPOINT(#7537);
#7539=IFCCARTESIANPOINT((5.10326910018921,17.5961017608643,-2.50500011444092));
#7540=IFCVERTEXPOINT(#7539);
#7541=IFCCARTESIANPOINT((1.90326905250549,17.5961017608643,-2.50500011444092));
#7542=IFCDIRECTION((1.,0.,0.));
#7543=IFCVECTOR(#7542,1.);
#7544=IFCLINE(#7541,#7543);
#7545=IFCEDGECURVE(#7538,#7540,#7544,.T.);
#7546=IFCORIENTEDEDGE(*,*,#7545,.F.);
#7547=IFCCARTESIANPOINT((-0.58673083782196,17.5961017608643,-2.50500011444092));
#7548=IFCVERTEXPOINT(#7547);
#7549=IFCCARTESIANPOINT((1.90326905250549,17.5961017608643,-2.50500011444092));
#7550=IFCVERTEXPOINT(#7549);
#7551=IFCCARTESIANPOINT((-0.58673083782196,17.5961017608643,-2.50500011444092));
#7552=IFCDIRECTION((1.,0.,0.));
#7553=IFCVECTOR(#7552,1.);
#7554=IFCLINE(#7551,#7553);
#7555=IFCEDGECURVE(#7548,#7550,#7554,.T.);
#7556=IFCORIENTEDEDGE(*,*,#7555,.F.);
#7557=IFCEDGELOOP((#7536,#7546,#7556));
#7558=IFCFACEOUTERBOUND(#7557,.T.);
#7559=IFCCARTESIANPOINT((2.25826913118362,17.5961017608643,-2.50500011444092));
#7560=IFCDIRECTION((-0.,-0.,-1.));
#7561=IFCDIRECTION((-1.,0.,0.));
#7562=IFCAXIS2PLACEMENT3D(#7559,#7560,#7561);
#7563=IFCPLANE(#7562);
#7564=IFCADVANCEDFACE((#7558),#7563,.T.);
#7565=IFCCARTESIANPOINT((1.90326905250549,17.5961017608643,-2.50500011444092));
#7566=IFCVERTEXPOINT(#7565);
#7567=IFCCARTESIANPOINT((-0.58673083782196,17.5961017608643,-2.50500011444092));
#7568=IFCVERTEXPOINT(#7567);
#7569=IFCCARTESIANPOINT((1.90326905250549,17.5961017608643,-2.50500011444092));
#7570=IFCDIRECTION((-1.,0.,0.));
#7571=IFCVECTOR(#7570,1.);
#7572=IFCLINE(#7569,#7571);
#7573=IFCEDGECURVE(#7566,#7568,#7572,.T.);
#7574=IFCORIENTEDEDGE(*,*,#7573,.T.);
#7575=IFCCARTESIANPOINT((-0.58673083782196,17.5961017608643,-2.50500011444092));
#7576=IFCVERTEXPOINT(#7575);
#7577=IFCCARTESIANPOINT((-0.58673083782196,17.5961017608643,-1.49500012397766));
#7578=IFCVERTEXPOINT(#7577);
#7579=IFCCARTESIANPOINT((-0.58673083782196,17.5961017608643,-2.50500011444092));
#7580=IFCDIRECTION((0.,0.,1.));
#7581=IFCVECTOR(#7580,1.);
#7582=IFCLINE(#7579,#7581);
#7583=IFCEDGECURVE(#7576,#7578,#7582,.T.);
#7584=IFCORIENTEDEDGE(*,*,#7583,.T.);
#7585=IFCCARTESIANPOINT((-0.58673083782196,17.5961017608643,-1.49500012397766));
#7586=IFCVERTEXPOINT(#7585);
#7587=IFCCARTESIANPOINT((1.90326905250549,17.5961017608643,-2.50500011444092));
#7588=IFCVERTEXPOINT(#7587);
#7589=IFCCARTESIANPOINT((-0.58673083782196,17.5961017608643,-1.49500012397766));
#7590=IFCDIRECTION((0.926669205623101,0.,-0.375877883560406));
#7591=IFCVECTOR(#7590,1.);
#7592=IFCLINE(#7589,#7591);
#7593=IFCEDGECURVE(#7586,#7588,#7592,.T.);
#7594=IFCORIENTEDEDGE(*,*,#7593,.T.);
#7595=IFCEDGELOOP((#7574,#7584,#7594));
#7596=IFCFACEOUTERBOUND(#7595,.T.);
#7597=IFCCARTESIANPOINT((0.455029856939766,17.5961017608643,-2.20323936961129));
#7598=IFCDIRECTION((0.,1.,0.));
#7599=IFCDIRECTION((0.,-0.,1.));
#7600=IFCAXIS2PLACEMENT3D(#7597,#7598,#7599);
#7601=IFCPLANE(#7600);
#7602=IFCADVANCEDFACE((#7596),#7601,.T.);
#7603=IFCCARTESIANPOINT((1.90326905250549,17.5961017608643,-2.50500011444092));
#7604=IFCVERTEXPOINT(#7603);
#7605=IFCCARTESIANPOINT((-0.58673083782196,17.5961017608643,-1.49500012397766));
#7606=IFCVERTEXPOINT(#7605);
#7607=IFCCARTESIANPOINT((1.90326905250549,17.5961017608643,-2.50500011444092));
#7608=IFCDIRECTION((-0.926669205623101,0.,0.375877883560406));
#7609=IFCVECTOR(#7608,1.);
#7610=IFCLINE(#7607,#7609);
#7611=IFCEDGECURVE(#7604,#7606,#7610,.T.);
#7612=IFCORIENTEDEDGE(*,*,#7611,.T.);
#7613=IFCCARTESIANPOINT((-0.58673083782196,17.5961017608643,-1.49500012397766));
#7614=IFCVERTEXPOINT(#7613);
#7615=IFCCARTESIANPOINT((1.90326905250549,17.5961017608643,-1.49500012397766));
#7616=IFCVERTEXPOINT(#7615);
#7617=IFCCARTESIANPOINT((-0.58673083782196,17.5961017608643,-1.49500012397766));
#7618=IFCDIRECTION((1.,0.,0.));
#7619=IFCVECTOR(#7618,1.);
#7620=IFCLINE(#7617,#7619);
#7621=IFCEDGECURVE(#7614,#7616,#7620,.T.);
#7622=IFCORIENTEDEDGE(*,*,#7621,.T.);
#7623=IFCCARTESIANPOINT((1.90326905250549,17.5961017608643,-1.49500012397766));
#7624=IFCVERTEXPOINT(#7623);
#7625=IFCCARTESIANPOINT((1.90326905250549,17.5961017608643,-2.50500011444092));
#7626=IFCVERTEXPOINT(#7625);
#7627=IFCCARTESIANPOINT((1.90326905250549,17.5961017608643,-1.49500012397766));
#7628=IFCDIRECTION((0.,0.,-1.));
#7629=IFCVECTOR(#7628,1.);
#7630=IFCLINE(#7627,#7629);
#7631=IFCEDGECURVE(#7624,#7626,#7630,.T.);
#7632=IFCORIENTEDEDGE(*,*,#7631,.T.);
#7633=IFCEDGELOOP((#7612,#7622,#7632));
#7634=IFCFACEOUTERBOUND(#7633,.T.);
#7635=IFCCARTESIANPOINT((0.861508357743766,17.5961017608643,-1.79676086880729));
#7636=IFCDIRECTION((0.,1.,0.));
#7637=IFCDIRECTION((0.,-0.,1.));
#7638=IFCAXIS2PLACEMENT3D(#7635,#7636,#7637);
#7639=IFCPLANE(#7638);
#7640=IFCADVANCEDFACE((#7634),#7639,.T.);
#7641=IFCCARTESIANPOINT((1.90326905250549,17.5961017608643,-1.49500012397766));
#7642=IFCVERTEXPOINT(#7641);
#7643=IFCCARTESIANPOINT((-0.58673083782196,17.5961017608643,-1.49500012397766));
#7644=IFCVERTEXPOINT(#7643);
#7645=IFCCARTESIANPOINT((1.90326905250549,17.5961017608643,-1.49500012397766));
#7646=IFCDIRECTION((-1.,0.,0.));
#7647=IFCVECTOR(#7646,1.);
#7648=IFCLINE(#7645,#7647);
#7649=IFCEDGECURVE(#7642,#7644,#7648,.T.);
#7650=IFCORIENTEDEDGE(*,*,#7649,.T.);
#7651=IFCCARTESIANPOINT((-0.58673083782196,17.5961017608643,-1.49500012397766));
#7652=IFCVERTEXPOINT(#7651);
#7653=IFCCARTESIANPOINT((-2.74673104286194,17.5961017608643,0.));
#7654=IFCVERTEXPOINT(#7653);
#7655=IFCCARTESIANPOINT((-0.58673083782196,17.5961017608643,-1.49500012397766));
#7656=IFCDIRECTION((-0.82226071060725,0.,0.569110994263562));
#7657=IFCVECTOR(#7656,1.);
#7658=IFCLINE(#7655,#7657);
#7659=IFCEDGECURVE(#7652,#7654,#7658,.T.);
#7660=IFCORIENTEDEDGE(*,*,#7659,.T.);
#7661=IFCCARTESIANPOINT((-2.74673104286194,17.5961017608643,0.));
#7662=IFCVERTEXPOINT(#7661);
#7663=IFCCARTESIANPOINT((1.90326905250549,17.5961017608643,-1.49500012397766));
#7664=IFCVERTEXPOINT(#7663);
#7665=IFCCARTESIANPOINT((-2.74673104286194,17.5961017608643,0.));
#7666=IFCDIRECTION((0.952007251738981,0.,-0.306075468857587));
#7667=IFCVECTOR(#7666,1.);
#7668=IFCLINE(#7665,#7667);
#7669=IFCEDGECURVE(#7662,#7664,#7668,.T.);
#7670=IFCORIENTEDEDGE(*,*,#7669,.T.);
#7671=IFCEDGELOOP((#7650,#7660,#7670));
#7672=IFCFACEOUTERBOUND(#7671,.T.);
#7673=IFCCARTESIANPOINT((-0.479852876566009,17.5961017608643,-0.93360298733574));
#7674=IFCDIRECTION((0.,1.,0.));
#7675=IFCDIRECTION((0.,-0.,1.));
#7676=IFCAXIS2PLACEMENT3D(#7673,#7674,#7675);
#7677=IFCPLANE(#7676);
#7678=IFCADVANCEDFACE((#7672),#7677,.T.);
#7679=IFCCARTESIANPOINT((1.90326905250549,17.5961017608643,-1.49500012397766));
#7680=IFCVERTEXPOINT(#7679);
#7681=IFCCARTESIANPOINT((-2.74673104286194,17.5961017608643,0.));
#7682=IFCVERTEXPOINT(#7681);
#7683=IFCCARTESIANPOINT((1.90326905250549,17.5961017608643,-1.49500012397766));
#7684=IFCDIRECTION((-0.952007251738981,0.,0.306075468857587));
#7685=IFCVECTOR(#7684,1.);
#7686=IFCLINE(#7683,#7685);
#7687=IFCEDGECURVE(#7680,#7682,#7686,.T.);
#7688=IFCORIENTEDEDGE(*,*,#7687,.T.);
#7689=IFCCARTESIANPOINT((-2.74673104286194,17.5961017608643,0.));
#7690=IFCVERTEXPOINT(#7689);
#7691=IFCCARTESIANPOINT((2.91326904296875,17.5961017608643,-1.49500012397766));
#7692=IFCVERTEXPOINT(#7691);
#7693=IFCCARTESIANPOINT((-2.74673104286194,17.5961017608643,0.));
#7694=IFCDIRECTION((0.966841796949131,0.,-0.25537607497997));
#7695=IFCVECTOR(#7694,1.);
#7696=IFCLINE(#7693,#7695);
#7697=IFCEDGECURVE(#7690,#7692,#7696,.T.);
#7698=IFCORIENTEDEDGE(*,*,#7697,.T.);
#7699=IFCCARTESIANPOINT((2.91326904296875,17.5961017608643,-1.49500012397766));
#7700=IFCVERTEXPOINT(#7699);
#7701=IFCCARTESIANPOINT((1.90326905250549,17.5961017608643,-1.49500012397766));
#7702=IFCVERTEXPOINT(#7701);
#7703=IFCCARTESIANPOINT((2.91326904296875,17.5961017608643,-1.49500012397766));
#7704=IFCDIRECTION((-1.,0.,0.));
#7705=IFCVECTOR(#7704,1.);
#7706=IFCLINE(#7703,#7705);
#7707=IFCEDGECURVE(#7700,#7702,#7706,.T.);
#7708=IFCORIENTEDEDGE(*,*,#7707,.T.);
#7709=IFCEDGELOOP((#7688,#7698,#7708));
#7710=IFCFACEOUTERBOUND(#7709,.T.);
#7711=IFCCARTESIANPOINT((0.0731928129894413,17.5961017608643,-0.81176130544016));
#7712=IFCDIRECTION((0.,1.,0.));
#7713=IFCDIRECTION((0.,-0.,1.));
#7714=IFCAXIS2PLACEMENT3D(#7711,#7712,#7713);
#7715=IFCPLANE(#7714);
#7716=IFCADVANCEDFACE((#7710),#7715,.T.);
#7717=IFCCARTESIANPOINT((2.91326904296875,17.5961017608643,-1.49500012397766));
#7718=IFCVERTEXPOINT(#7717);
#7719=IFCCARTESIANPOINT((-2.74673104286194,17.5961017608643,0.));
#7720=IFCVERTEXPOINT(#7719);
#7721=IFCCARTESIANPOINT((2.91326904296875,17.5961017608643,-1.49500012397766));
#7722=IFCDIRECTION((-0.966841796949131,0.,0.25537607497997));
#7723=IFCVECTOR(#7722,1.);
#7724=IFCLINE(#7721,#7723);
#7725=IFCEDGECURVE(#7718,#7720,#7724,.T.);
#7726=IFCORIENTEDEDGE(*,*,#7725,.T.);
#7727=IFCCARTESIANPOINT((-2.74673104286194,17.5961017608643,0.));
#7728=IFCVERTEXPOINT(#7727);
#7729=IFCCARTESIANPOINT((4.09326887130737,17.5961017608643,-1.49500012397766));
#7730=IFCVERTEXPOINT(#7729);
#7731=IFCCARTESIANPOINT((-2.74673104286194,17.5961017608643,0.));
#7732=IFCDIRECTION((0.976937269100308,0.,-0.213526514144808));
#7733=IFCVECTOR(#7732,1.);
#7734=IFCLINE(#7731,#7733);
#7735=IFCEDGECURVE(#7728,#7730,#7734,.T.);
#7736=IFCORIENTEDEDGE(*,*,#7735,.T.);
#7737=IFCCARTESIANPOINT((4.09326887130737,17.5961017608643,-1.49500012397766));
#7738=IFCVERTEXPOINT(#7737);
#7739=IFCCARTESIANPOINT((2.91326904296875,17.5961017608643,-1.49500012397766));
#7740=IFCVERTEXPOINT(#7739);
#7741=IFCCARTESIANPOINT((4.09326887130737,17.5961017608643,-1.49500012397766));
#7742=IFCDIRECTION((-1.,0.,0.));
#7743=IFCVECTOR(#7742,1.);
#7744=IFCLINE(#7741,#7743);
#7745=IFCEDGECURVE(#7738,#7740,#7744,.T.);
#7746=IFCORIENTEDEDGE(*,*,#7745,.T.);
#7747=IFCEDGELOOP((#7726,#7736,#7746));
#7748=IFCFACEOUTERBOUND(#7747,.T.);
#7749=IFCCARTESIANPOINT((0.665109228248349,17.5961017608643,-0.810343895051994));
#7750=IFCDIRECTION((9.38034089851707E-31,1.,4.61441161691757E-30));
#7751=IFCDIRECTION((0.,-4.61441161691757E-30,1.));
#7752=IFCAXIS2PLACEMENT3D(#7749,#7750,#7751);
#7753=IFCPLANE(#7752);
#7754=IFCADVANCEDFACE((#7748),#7753,.T.);
#7755=IFCCARTESIANPOINT((2.91326904296875,17.5961017608643,-1.49500012397766));
#7756=IFCVERTEXPOINT(#7755);
#7757=IFCCARTESIANPOINT((4.09326887130737,17.5961017608643,-1.49500012397766));
#7758=IFCVERTEXPOINT(#7757);
#7759=IFCCARTESIANPOINT((2.91326904296875,17.5961017608643,-1.49500012397766));
#7760=IFCDIRECTION((1.,0.,0.));
#7761=IFCVECTOR(#7760,1.);
#7762=IFCLINE(#7759,#7761);
#7763=IFCEDGECURVE(#7756,#7758,#7762,.T.);
#7764=IFCORIENTEDEDGE(*,*,#7763,.T.);
#7765=IFCCARTESIANPOINT((4.09326887130737,17.5961017608643,-1.49500012397766));
#7766=IFCVERTEXPOINT(#7765);
#7767=IFCCARTESIANPOINT((4.09326887130737,17.5961017608643,-2.50500011444092));
#7768=IFCVERTEXPOINT(#7767);
#7769=IFCCARTESIANPOINT((4.09326887130737,17.5961017608643,-1.49500012397766));
#7770=IFCDIRECTION((0.,0.,-1.));
#7771=IFCVECTOR(#7770,1.);
#7772=IFCLINE(#7769,#7771);
#7773=IFCEDGECURVE(#7766,#7768,#7772,.T.);
#7774=IFCORIENTEDEDGE(*,*,#7773,.T.);
#7775=IFCCARTESIANPOINT((4.09326887130737,17.5961017608643,-2.50500011444092));
#7776=IFCVERTEXPOINT(#7775);
#7777=IFCCARTESIANPOINT((2.91326904296875,17.5961017608643,-1.49500012397766));
#7778=IFCVERTEXPOINT(#7777);
#7779=IFCCARTESIANPOINT((4.09326887130737,17.5961017608643,-2.50500011444092));
#7780=IFCDIRECTION((-0.759710836677193,0.,0.65026105883348));
#7781=IFCVECTOR(#7780,1.);
#7782=IFCLINE(#7779,#7781);
#7783=IFCEDGECURVE(#7776,#7778,#7782,.T.);
#7784=IFCORIENTEDEDGE(*,*,#7783,.T.);
#7785=IFCEDGELOOP((#7764,#7774,#7784));
#7786=IFCFACEOUTERBOUND(#7785,.T.);
#7787=IFCCARTESIANPOINT((3.6624633318169,17.5961017608643,-1.84080574453045));
#7788=IFCDIRECTION((-6.79765185327583E-30,1.,-2.09317766357729E-30));
#7789=IFCDIRECTION((1.,6.79765185327583E-30,0.));
#7790=IFCAXIS2PLACEMENT3D(#7787,#7788,#7789);
#7791=IFCPLANE(#7790);
#7792=IFCADVANCEDFACE((#7786),#7791,.T.);
#7793=IFCCARTESIANPOINT((2.91326904296875,17.5961017608643,-2.50500011444092));
#7794=IFCVERTEXPOINT(#7793);
#7795=IFCCARTESIANPOINT((2.91326904296875,17.5961017608643,-1.49500012397766));
#7796=IFCVERTEXPOINT(#7795);
#7797=IFCCARTESIANPOINT((2.91326904296875,17.5961017608643,-2.50500011444092));
#7798=IFCDIRECTION((0.,0.,1.));
#7799=IFCVECTOR(#7798,1.);
#7800=IFCLINE(#7797,#7799);
#7801=IFCEDGECURVE(#7794,#7796,#7800,.T.);
#7802=IFCORIENTEDEDGE(*,*,#7801,.T.);
#7803=IFCCARTESIANPOINT((2.91326904296875,17.5961017608643,-1.49500012397766));
#7804=IFCVERTEXPOINT(#7803);
#7805=IFCCARTESIANPOINT((4.09326887130737,17.5961017608643,-2.50500011444092));
#7806=IFCVERTEXPOINT(#7805);
#7807=IFCCARTESIANPOINT((2.91326904296875,17.5961017608643,-1.49500012397766));
#7808=IFCDIRECTION((0.759710836677193,0.,-0.65026105883348));
#7809=IFCVECTOR(#7808,1.);
#7810=IFCLINE(#7807,#7809);
#7811=IFCEDGECURVE(#7804,#7806,#7810,.T.);
#7812=IFCORIENTEDEDGE(*,*,#7811,.T.);
#7813=IFCCARTESIANPOINT((4.09326887130737,17.5961017608643,-2.50500011444092));
#7814=IFCVERTEXPOINT(#7813);
#7815=IFCCARTESIANPOINT((2.91326904296875,17.5961017608643,-2.50500011444092));
#7816=IFCVERTEXPOINT(#7815);
#7817=IFCCARTESIANPOINT((4.09326887130737,17.5961017608643,-2.50500011444092));
#7818=IFCDIRECTION((-1.,0.,0.));
#7819=IFCVECTOR(#7818,1.);
#7820=IFCLINE(#7817,#7819);
#7821=IFCEDGECURVE(#7814,#7816,#7820,.T.);
#7822=IFCORIENTEDEDGE(*,*,#7821,.T.);
#7823=IFCEDGELOOP((#7802,#7812,#7822));
#7824=IFCFACEOUTERBOUND(#7823,.T.);
#7825=IFCCARTESIANPOINT((3.34407458245922,17.5961017608643,-2.15919449388813));
#7826=IFCDIRECTION((-4.72410430532421E-30,1.,-1.99525449446941E-30));
#7827=IFCDIRECTION((1.,4.72410430532421E-30,0.));
#7828=IFCAXIS2PLACEMENT3D(#7825,#7826,#7827);
#7829=IFCPLANE(#7828);
#7830=IFCADVANCEDFACE((#7824),#7829,.T.);
#7831=IFCCARTESIANPOINT((2.91326904296875,17.5961017608643,-2.50500011444092));
#7832=IFCVERTEXPOINT(#7831);
#7833=IFCCARTESIANPOINT((4.09326887130737,17.5961017608643,-2.50500011444092));
#7834=IFCVERTEXPOINT(#7833);
#7835=IFCCARTESIANPOINT((2.91326904296875,17.5961017608643,-2.50500011444092));
#7836=IFCDIRECTION((1.,0.,0.));
#7837=IFCVECTOR(#7836,1.);
#7838=IFCLINE(#7835,#7837);
#7839=IFCEDGECURVE(#7832,#7834,#7838,.T.);
#7840=IFCORIENTEDEDGE(*,*,#7839,.F.);
#7841=IFCCARTESIANPOINT((5.10326910018921,17.5961017608643,-2.50500011444092));
#7842=IFCVERTEXPOINT(#7841);
#7843=IFCCARTESIANPOINT((2.91326904296875,17.5961017608643,-2.50500011444092));
#7844=IFCVERTEXPOINT(#7843);
#7845=IFCCARTESIANPOINT((5.10326910018921,17.5961017608643,-2.50500011444092));
#7846=IFCDIRECTION((-1.,0.,0.));
#7847=IFCVECTOR(#7846,1.);
#7848=IFCLINE(#7845,#7847);
#7849=IFCEDGECURVE(#7842,#7844,#7848,.T.);
#7850=IFCORIENTEDEDGE(*,*,#7849,.F.);
#7851=IFCCARTESIANPOINT((4.09326887130737,17.5961017608643,-2.50500011444092));
#7852=IFCVERTEXPOINT(#7851);
#7853=IFCCARTESIANPOINT((5.10326910018921,17.5961017608643,-2.50500011444092));
#7854=IFCVERTEXPOINT(#7853);
#7855=IFCCARTESIANPOINT((4.09326887130737,17.5961017608643,-2.50500011444092));
#7856=IFCDIRECTION((1.,0.,0.));
#7857=IFCVECTOR(#7856,1.);
#7858=IFCLINE(#7855,#7857);
#7859=IFCEDGECURVE(#7852,#7854,#7858,.T.);
#7860=IFCORIENTEDEDGE(*,*,#7859,.F.);
#7861=IFCEDGELOOP((#7840,#7850,#7860));
#7862=IFCFACEOUTERBOUND(#7861,.T.);
#7863=IFCCARTESIANPOINT((4.00826907157898,17.5961017608643,-2.50500011444092));
#7864=IFCDIRECTION((-0.,-0.,-1.));
#7865=IFCDIRECTION((-1.,0.,0.));
#7866=IFCAXIS2PLACEMENT3D(#7863,#7864,#7865);
#7867=IFCPLANE(#7866);
#7868=IFCADVANCEDFACE((#7862),#7867,.T.);
#7869=IFCCARTESIANPOINT((2.91326904296875,17.5961017608643,-2.50500011444092));
#7870=IFCVERTEXPOINT(#7869);
#7871=IFCCARTESIANPOINT((5.10326910018921,17.5961017608643,-2.50500011444092));
#7872=IFCVERTEXPOINT(#7871);
#7873=IFCCARTESIANPOINT((2.91326904296875,17.5961017608643,-2.50500011444092));
#7874=IFCDIRECTION((1.,0.,0.));
#7875=IFCVECTOR(#7874,1.);
#7876=IFCLINE(#7873,#7875);
#7877=IFCEDGECURVE(#7870,#7872,#7876,.T.);
#7878=IFCORIENTEDEDGE(*,*,#7877,.F.);
#7879=IFCCARTESIANPOINT((1.90326905250549,17.5961017608643,-2.50500011444092));
#7880=IFCVERTEXPOINT(#7879);
#7881=IFCCARTESIANPOINT((2.91326904296875,17.5961017608643,-2.50500011444092));
#7882=IFCVERTEXPOINT(#7881);
#7883=IFCCARTESIANPOINT((1.90326905250549,17.5961017608643,-2.50500011444092));
#7884=IFCDIRECTION((1.,0.,0.));
#7885=IFCVECTOR(#7884,1.);
#7886=IFCLINE(#7883,#7885);
#7887=IFCEDGECURVE(#7880,#7882,#7886,.T.);
#7888=IFCORIENTEDEDGE(*,*,#7887,.F.);
#7889=IFCCARTESIANPOINT((5.10326910018921,17.5961017608643,-2.50500011444092));
#7890=IFCVERTEXPOINT(#7889);
#7891=IFCCARTESIANPOINT((1.90326905250549,17.5961017608643,-2.50500011444092));
#7892=IFCVERTEXPOINT(#7891);
#7893=IFCCARTESIANPOINT((5.10326910018921,17.5961017608643,-2.50500011444092));
#7894=IFCDIRECTION((-1.,0.,0.));
#7895=IFCVECTOR(#7894,1.);
#7896=IFCLINE(#7893,#7895);
#7897=IFCEDGECURVE(#7890,#7892,#7896,.T.);
#7898=IFCORIENTEDEDGE(*,*,#7897,.F.);
#7899=IFCEDGELOOP((#7878,#7888,#7898));
#7900=IFCFACEOUTERBOUND(#7899,.T.);
#7901=IFCCARTESIANPOINT((3.50326907634735,17.5961017608643,-2.50500011444092));
#7902=IFCDIRECTION((-0.,-0.,-1.));
#7903=IFCDIRECTION((-1.,0.,0.));
#7904=IFCAXIS2PLACEMENT3D(#7901,#7902,#7903);
#7905=IFCPLANE(#7904);
#7906=IFCADVANCEDFACE((#7900),#7905,.T.);
#7907=IFCCARTESIANPOINT((4.09326887130737,17.5961017608643,-1.49500012397766));
#7908=IFCVERTEXPOINT(#7907);
#7909=IFCCARTESIANPOINT((-2.74673104286194,17.5961017608643,0.));
#7910=IFCVERTEXPOINT(#7909);
#7911=IFCCARTESIANPOINT((4.09326887130737,17.5961017608643,-1.49500012397766));
#7912=IFCDIRECTION((-0.976937269100308,0.,0.213526514144808));
#7913=IFCVECTOR(#7912,1.);
#7914=IFCLINE(#7911,#7913);
#7915=IFCEDGECURVE(#7908,#7910,#7914,.T.);
#7916=IFCORIENTEDEDGE(*,*,#7915,.T.);
#7917=IFCCARTESIANPOINT((-2.74673104286194,17.5961017608643,0.));
#7918=IFCVERTEXPOINT(#7917);
#7919=IFCCARTESIANPOINT((5.10326910018921,17.5961017608643,-1.49500012397766));
#7920=IFCVERTEXPOINT(#7919);
#7921=IFCCARTESIANPOINT((-2.74673104286194,17.5961017608643,0.));
#7922=IFCDIRECTION((0.982344040335796,0.,-0.187083367557738));
#7923=IFCVECTOR(#7922,1.);
#7924=IFCLINE(#7921,#7923);
#7925=IFCEDGECURVE(#7918,#7920,#7924,.T.);
#7926=IFCORIENTEDEDGE(*,*,#7925,.T.);
#7927=IFCCARTESIANPOINT((5.10326910018921,17.5961017608643,-1.49500012397766));
#7928=IFCVERTEXPOINT(#7927);
#7929=IFCCARTESIANPOINT((4.09326887130737,17.5961017608643,-1.49500012397766));
#7930=IFCVERTEXPOINT(#7929);
#7931=IFCCARTESIANPOINT((5.10326910018921,17.5961017608643,-1.49500012397766));
#7932=IFCDIRECTION((-1.,0.,0.));
#7933=IFCVECTOR(#7932,1.);
#7934=IFCLINE(#7931,#7933);
#7935=IFCEDGECURVE(#7928,#7930,#7934,.T.);
#7936=IFCORIENTEDEDGE(*,*,#7935,.T.);
#7937=IFCEDGELOOP((#7916,#7926,#7936));
#7938=IFCFACEOUTERBOUND(#7937,.T.);
#7939=IFCCARTESIANPOINT((1.1731733496783,17.5961017608643,-0.794678454507537));
#7940=IFCDIRECTION((0.,1.,0.));
#7941=IFCDIRECTION((0.,-0.,1.));
#7942=IFCAXIS2PLACEMENT3D(#7939,#7940,#7941);
#7943=IFCPLANE(#7942);
#7944=IFCADVANCEDFACE((#7938),#7943,.T.);
#7945=IFCCARTESIANPOINT((5.10326910018921,17.5961017608643,-1.49500012397766));
#7946=IFCVERTEXPOINT(#7945);
#7947=IFCCARTESIANPOINT((-2.74673104286194,17.5961017608643,0.));
#7948=IFCVERTEXPOINT(#7947);
#7949=IFCCARTESIANPOINT((5.10326910018921,17.5961017608643,-1.49500012397766));
#7950=IFCDIRECTION((-0.982344040335796,0.,0.187083367557738));
#7951=IFCVECTOR(#7950,1.);
#7952=IFCLINE(#7949,#7951);
#7953=IFCEDGECURVE(#7946,#7948,#7952,.T.);
#7954=IFCORIENTEDEDGE(*,*,#7953,.T.);
#7955=IFCCARTESIANPOINT((-2.74673104286194,17.5961017608643,0.));
#7956=IFCVERTEXPOINT(#7955);
#7957=IFCCARTESIANPOINT((6.25326919555664,17.5961017608643,0.));
#7958=IFCVERTEXPOINT(#7957);
#7959=IFCCARTESIANPOINT((-2.74673104286194,17.5961017608643,0.));
#7960=IFCDIRECTION((1.,0.,0.));
#7961=IFCVECTOR(#7960,1.);
#7962=IFCLINE(#7959,#7961);
#7963=IFCEDGECURVE(#7956,#7958,#7962,.T.);
#7964=IFCORIENTEDEDGE(*,*,#7963,.T.);
#7965=IFCCARTESIANPOINT((6.25326919555664,17.5961017608643,0.));
#7966=IFCVERTEXPOINT(#7965);
#7967=IFCCARTESIANPOINT((5.10326910018921,17.5961017608643,-1.49500012397766));
#7968=IFCVERTEXPOINT(#7967);
#7969=IFCCARTESIANPOINT((6.25326919555664,17.5961017608643,0.));
#7970=IFCDIRECTION((-0.609710760849692,0.,-0.7926239891046));
#7971=IFCVECTOR(#7970,1.);
#7972=IFCLINE(#7969,#7971);
#7973=IFCEDGECURVE(#7966,#7968,#7972,.T.);
#7974=IFCORIENTEDEDGE(*,*,#7973,.T.);
#7975=IFCEDGELOOP((#7954,#7964,#7974));
#7976=IFCFACEOUTERBOUND(#7975,.T.);
#7977=IFCCARTESIANPOINT((1.90203155833036,17.5961017608643,-0.39111830858236));
#7978=IFCDIRECTION((0.,1.,0.));
#7979=IFCDIRECTION((0.,-0.,1.));
#7980=IFCAXIS2PLACEMENT3D(#7977,#7978,#7979);
#7981=IFCPLANE(#7980);
#7982=IFCADVANCEDFACE((#7976),#7981,.T.);
#7983=IFCCARTESIANPOINT((5.10326910018921,17.5961017608643,-1.49500012397766));
#7984=IFCVERTEXPOINT(#7983);
#7985=IFCCARTESIANPOINT((6.25326919555664,17.5961017608643,0.));
#7986=IFCVERTEXPOINT(#7985);
#7987=IFCCARTESIANPOINT((5.10326910018921,17.5961017608643,-1.49500012397766));
#7988=IFCDIRECTION((0.609710760849692,0.,0.7926239891046));
#7989=IFCVECTOR(#7988,1.);
#7990=IFCLINE(#7987,#7989);
#7991=IFCEDGECURVE(#7984,#7986,#7990,.T.);
#7992=IFCORIENTEDEDGE(*,*,#7991,.T.);
#7993=IFCCARTESIANPOINT((6.25326919555664,17.5961017608643,0.));
#7994=IFCVERTEXPOINT(#7993);
#7995=IFCCARTESIANPOINT((5.10326910018921,17.5961017608643,-2.50500011444092));
#7996=IFCVERTEXPOINT(#7995);
#7997=IFCCARTESIANPOINT((6.25326919555664,17.5961017608643,0.));
#7998=IFCDIRECTION((-0.417216797148568,0.,-0.908806989507173));
#7999=IFCVECTOR(#7998,1.);
#8000=IFCLINE(#7997,#7999);
#8001=IFCEDGECURVE(#7994,#7996,#8000,.T.);
#8002=IFCORIENTEDEDGE(*,*,#8001,.T.);
#8003=IFCCARTESIANPOINT((5.10326910018921,17.5961017608643,-2.50500011444092));
#8004=IFCVERTEXPOINT(#8003);
#8005=IFCCARTESIANPOINT((5.10326910018921,17.5961017608643,-1.49500012397766));
#8006=IFCVERTEXPOINT(#8005);
#8007=IFCCARTESIANPOINT((5.10326910018921,17.5961017608643,-2.50500011444092));
#8008=IFCDIRECTION((0.,0.,1.));
#8009=IFCVECTOR(#8008,1.);
#8010=IFCLINE(#8007,#8009);
#8011=IFCEDGECURVE(#8004,#8006,#8010,.T.);
#8012=IFCORIENTEDEDGE(*,*,#8011,.T.);
#8013=IFCEDGELOOP((#7992,#8002,#8012));
#8014=IFCFACEOUTERBOUND(#8013,.T.);
#8015=IFCCARTESIANPOINT((5.57552701545677,17.5961017608643,-1.21755520313644));
#8016=IFCDIRECTION((0.,1.,0.));
#8017=IFCDIRECTION((0.,-0.,1.));
#8018=IFCAXIS2PLACEMENT3D(#8015,#8016,#8017);
#8019=IFCPLANE(#8018);
#8020=IFCADVANCEDFACE((#8014),#8019,.T.);
#8021=IFCCARTESIANPOINT((5.10326910018921,17.5961017608643,-2.50500011444092));
#8022=IFCVERTEXPOINT(#8021);
#8023=IFCCARTESIANPOINT((6.25326919555664,17.5961017608643,0.));
#8024=IFCVERTEXPOINT(#8023);
#8025=IFCCARTESIANPOINT((5.10326910018921,17.5961017608643,-2.50500011444092));
#8026=IFCDIRECTION((0.417216797148568,0.,0.908806989507173));
#8027=IFCVECTOR(#8026,1.);
#8028=IFCLINE(#8025,#8027);
#8029=IFCEDGECURVE(#8022,#8024,#8028,.T.);
#8030=IFCORIENTEDEDGE(*,*,#8029,.T.);
#8031=IFCCARTESIANPOINT((6.25326919555664,17.5961017608643,0.));
#8032=IFCVERTEXPOINT(#8031);
#8033=IFCCARTESIANPOINT((6.25326919555664,17.5961017608643,-4.));
#8034=IFCVERTEXPOINT(#8033);
#8035=IFCCARTESIANPOINT((6.25326919555664,17.5961017608643,0.));
#8036=IFCDIRECTION((0.,0.,-1.));
#8037=IFCVECTOR(#8036,1.);
#8038=IFCLINE(#8035,#8037);
#8039=IFCEDGECURVE(#8032,#8034,#8038,.T.);
#8040=IFCORIENTEDEDGE(*,*,#8039,.T.);
#8041=IFCCARTESIANPOINT((6.25326919555664,17.5961017608643,-4.));
#8042=IFCVERTEXPOINT(#8041);
#8043=IFCCARTESIANPOINT((5.10326910018921,17.5961017608643,-2.50500011444092));
#8044=IFCVERTEXPOINT(#8043);
#8045=IFCCARTESIANPOINT((6.25326919555664,17.5961017608643,-4.));
#8046=IFCDIRECTION((-0.609710821937872,0.,0.792623942113689));
#8047=IFCVECTOR(#8046,1.);
#8048=IFCLINE(#8045,#8047);
#8049=IFCEDGECURVE(#8042,#8044,#8048,.T.);
#8050=IFCORIENTEDEDGE(*,*,#8049,.T.);
#8051=IFCEDGELOOP((#8030,#8040,#8050));
#8052=IFCFACEOUTERBOUND(#8051,.T.);
#8053=IFCCARTESIANPOINT((5.94439583320022,17.5961017608643,-2.03494486644459));
#8054=IFCDIRECTION((1.33625497888569E-29,1.,-3.35619739207743E-31));
#8055=IFCDIRECTION((1.,-1.33625497888569E-29,0.));
#8056=IFCAXIS2PLACEMENT3D(#8053,#8054,#8055);
#8057=IFCPLANE(#8056);
#8058=IFCADVANCEDFACE((#8052),#8057,.T.);
#8059=IFCCARTESIANPOINT((6.25326919555664,17.5961017608643,-4.));
#8060=IFCVERTEXPOINT(#8059);
#8061=IFCCARTESIANPOINT((-2.74673104286194,17.5961017608643,-4.));
#8062=IFCVERTEXPOINT(#8061);
#8063=IFCCARTESIANPOINT((6.25326919555664,17.5961017608643,-4.));
#8064=IFCDIRECTION((-1.,0.,0.));
#8065=IFCVECTOR(#8064,1.);
#8066=IFCLINE(#8063,#8065);
#8067=IFCEDGECURVE(#8060,#8062,#8066,.T.);
#8068=IFCORIENTEDEDGE(*,*,#8067,.T.);
#8069=IFCCARTESIANPOINT((-2.74673104286194,17.5961017608643,-4.));
#8070=IFCVERTEXPOINT(#8069);
#8071=IFCCARTESIANPOINT((-1.5967310667038,17.5961017608643,-2.50500011444092));
#8072=IFCVERTEXPOINT(#8071);
#8073=IFCCARTESIANPOINT((-2.74673104286194,17.5961017608643,-4.));
#8074=IFCDIRECTION((0.609710782230556,0.,0.792623972657781));
#8075=IFCVECTOR(#8074,1.);
#8076=IFCLINE(#8073,#8075);
#8077=IFCEDGECURVE(#8070,#8072,#8076,.T.);
#8078=IFCORIENTEDEDGE(*,*,#8077,.T.);
#8079=IFCCARTESIANPOINT((-1.5967310667038,17.5961017608643,-2.50500011444092));
#8080=IFCVERTEXPOINT(#8079);
#8081=IFCCARTESIANPOINT((6.25326919555664,17.5961017608643,-4.));
#8082=IFCVERTEXPOINT(#8081);
#8083=IFCCARTESIANPOINT((-1.5967310667038,17.5961017608643,-2.50500011444092));
#8084=IFCDIRECTION((0.982344046341105,0.,-0.187083336024846));
#8085=IFCVECTOR(#8084,1.);
#8086=IFCLINE(#8083,#8085);
#8087=IFCEDGECURVE(#8080,#8082,#8086,.T.);
#8088=IFCORIENTEDEDGE(*,*,#8087,.T.);
#8089=IFCEDGELOOP((#8068,#8078,#8088));
#8090=IFCFACEOUTERBOUND(#8089,.T.);
#8091=IFCCARTESIANPOINT((1.60450661829966,17.5961017608643,-3.60888175736325));
#8092=IFCDIRECTION((0.,1.,0.));
#8093=IFCDIRECTION((0.,-0.,1.));
#8094=IFCAXIS2PLACEMENT3D(#8091,#8092,#8093);
#8095=IFCPLANE(#8094);
#8096=IFCADVANCEDFACE((#8090),#8095,.T.);
#8097=IFCCARTESIANPOINT((-1.5967310667038,17.5961017608643,-2.50500011444092));
#8098=IFCVERTEXPOINT(#8097);
#8099=IFCCARTESIANPOINT((-2.74673104286194,17.5961017608643,-4.));
#8100=IFCVERTEXPOINT(#8099);
#8101=IFCCARTESIANPOINT((-1.5967310667038,17.5961017608643,-2.50500011444092));
#8102=IFCDIRECTION((-0.609710782230556,0.,-0.792623972657781));
#8103=IFCVECTOR(#8102,1.);
#8104=IFCLINE(#8101,#8103);
#8105=IFCEDGECURVE(#8098,#8100,#8104,.T.);
#8106=IFCORIENTEDEDGE(*,*,#8105,.T.);
#8107=IFCCARTESIANPOINT((-2.74673104286194,17.5961017608643,-4.));
#8108=IFCVERTEXPOINT(#8107);
#8109=IFCCARTESIANPOINT((-2.74673104286194,17.5961017608643,0.));
#8110=IFCVERTEXPOINT(#8109);
#8111=IFCCARTESIANPOINT((-2.74673104286194,17.5961017608643,-4.));
#8112=IFCDIRECTION((0.,0.,1.));
#8113=IFCVECTOR(#8112,1.);
#8114=IFCLINE(#8111,#8113);
#8115=IFCEDGECURVE(#8108,#8110,#8114,.T.);
#8116=IFCORIENTEDEDGE(*,*,#8115,.T.);
#8117=IFCCARTESIANPOINT((-2.74673104286194,17.5961017608643,0.));
#8118=IFCVERTEXPOINT(#8117);
#8119=IFCCARTESIANPOINT((-1.5967310667038,17.5961017608643,-2.50500011444092));
#8120=IFCVERTEXPOINT(#8119);
#8121=IFCCARTESIANPOINT((-2.74673104286194,17.5961017608643,0.));
#8122=IFCDIRECTION((0.417216761428084,0.,-0.908807005905798));
#8123=IFCVECTOR(#8122,1.);
#8124=IFCLINE(#8121,#8123);
#8125=IFCEDGECURVE(#8118,#8120,#8124,.T.);
#8126=IFCORIENTEDEDGE(*,*,#8125,.T.);
#8127=IFCEDGELOOP((#8106,#8116,#8126));
#8128=IFCFACEOUTERBOUND(#8127,.T.);
#8129=IFCCARTESIANPOINT((-2.43785771629304,17.5961017608643,-2.03494486070782));
#8130=IFCDIRECTION((0.,1.,0.));
#8131=IFCDIRECTION((0.,-0.,1.));
#8132=IFCAXIS2PLACEMENT3D(#8129,#8130,#8131);
#8133=IFCPLANE(#8132);
#8134=IFCADVANCEDFACE((#8128),#8133,.T.);
#8135=IFCCARTESIANPOINT((-1.5967310667038,17.5961017608643,-2.50500011444092));
#8136=IFCVERTEXPOINT(#8135);
#8137=IFCCARTESIANPOINT((-2.74673104286194,17.5961017608643,0.));
#8138=IFCVERTEXPOINT(#8137);
#8139=IFCCARTESIANPOINT((-1.5967310667038,17.5961017608643,-2.50500011444092));
#8140=IFCDIRECTION((-0.417216761428084,0.,0.908807005905798));
#8141=IFCVECTOR(#8140,1.);
#8142=IFCLINE(#8139,#8141);
#8143=IFCEDGECURVE(#8136,#8138,#8142,.T.);
#8144=IFCORIENTEDEDGE(*,*,#8143,.T.);
#8145=IFCCARTESIANPOINT((-2.74673104286194,17.5961017608643,0.));
#8146=IFCVERTEXPOINT(#8145);
#8147=IFCCARTESIANPOINT((-1.5967310667038,17.5961017608643,-1.49500012397766));
#8148=IFCVERTEXPOINT(#8147);
#8149=IFCCARTESIANPOINT((-2.74673104286194,17.5961017608643,0.));
#8150=IFCDIRECTION((0.609710721142376,0.,-0.792624019648688));
#8151=IFCVECTOR(#8150,1.);
#8152=IFCLINE(#8149,#8151);
#8153=IFCEDGECURVE(#8146,#8148,#8152,.T.);
#8154=IFCORIENTEDEDGE(*,*,#8153,.T.);
#8155=IFCCARTESIANPOINT((-1.5967310667038,17.5961017608643,-1.49500012397766));
#8156=IFCVERTEXPOINT(#8155);
#8157=IFCCARTESIANPOINT((-1.5967310667038,17.5961017608643,-2.50500011444092));
#8158=IFCVERTEXPOINT(#8157);
#8159=IFCCARTESIANPOINT((-1.5967310667038,17.5961017608643,-1.49500012397766));
#8160=IFCDIRECTION((0.,0.,-1.));
#8161=IFCVECTOR(#8160,1.);
#8162=IFCLINE(#8159,#8161);
#8163=IFCEDGECURVE(#8156,#8158,#8162,.T.);
#8164=IFCORIENTEDEDGE(*,*,#8163,.T.);
#8165=IFCEDGELOOP((#8144,#8154,#8164));
#8166=IFCFACEOUTERBOUND(#8165,.T.);
#8167=IFCCARTESIANPOINT((-2.06898893079185,17.5961017608643,-1.21755520887321));
#8168=IFCDIRECTION((0.,1.,0.));
#8169=IFCDIRECTION((0.,-0.,1.));
#8170=IFCAXIS2PLACEMENT3D(#8167,#8168,#8169);
#8171=IFCPLANE(#8170);
#8172=IFCADVANCEDFACE((#8166),#8171,.T.);
#8173=IFCCARTESIANPOINT((-1.5967310667038,17.5961017608643,-1.49500012397766));
#8174=IFCVERTEXPOINT(#8173);
#8175=IFCCARTESIANPOINT((-2.74673104286194,17.5961017608643,0.));
#8176=IFCVERTEXPOINT(#8175);
#8177=IFCCARTESIANPOINT((-1.5967310667038,17.5961017608643,-1.49500012397766));
#8178=IFCDIRECTION((-0.609710721142376,0.,0.792624019648688));
#8179=IFCVECTOR(#8178,1.);
#8180=IFCLINE(#8177,#8179);
#8181=IFCEDGECURVE(#8174,#8176,#8180,.T.);
#8182=IFCORIENTEDEDGE(*,*,#8181,.T.);
#8183=IFCCARTESIANPOINT((-2.74673104286194,17.5961017608643,0.));
#8184=IFCVERTEXPOINT(#8183);
#8185=IFCCARTESIANPOINT((-0.58673083782196,17.5961017608643,-1.49500012397766));
#8186=IFCVERTEXPOINT(#8185);
#8187=IFCCARTESIANPOINT((-2.74673104286194,17.5961017608643,0.));
#8188=IFCDIRECTION((0.82226071060725,0.,-0.569110994263562));
#8189=IFCVECTOR(#8188,1.);
#8190=IFCLINE(#8187,#8189);
#8191=IFCEDGECURVE(#8184,#8186,#8190,.T.);
#8192=IFCORIENTEDEDGE(*,*,#8191,.T.);
#8193=IFCCARTESIANPOINT((-0.58673083782196,17.5961017608643,-1.49500012397766));
#8194=IFCVERTEXPOINT(#8193);
#8195=IFCCARTESIANPOINT((-1.5967310667038,17.5961017608643,-1.49500012397766));
#8196=IFCVERTEXPOINT(#8195);
#8197=IFCCARTESIANPOINT((-0.58673083782196,17.5961017608643,-1.49500012397766));
#8198=IFCDIRECTION((-1.,0.,0.));
#8199=IFCVECTOR(#8198,1.);
#8200=IFCLINE(#8197,#8199);
#8201=IFCEDGECURVE(#8194,#8196,#8200,.T.);
#8202=IFCORIENTEDEDGE(*,*,#8201,.T.);
#8203=IFCEDGELOOP((#8182,#8192,#8202));
#8204=IFCFACEOUTERBOUND(#8203,.T.);
#8205=IFCCARTESIANPOINT((-1.73404000054503,17.5961017608643,-0.884195535697722));
#8206=IFCDIRECTION((0.,1.,0.));
#8207=IFCDIRECTION((0.,-0.,1.));
#8208=IFCAXIS2PLACEMENT3D(#8205,#8206,#8207);
#8209=IFCPLANE(#8208);
#8210=IFCADVANCEDFACE((#8204),#8209,.T.);
#8211=IFCCARTESIANPOINT((2.91326904296875,17.2961025238037,-1.49500012397766));
#8212=IFCVERTEXPOINT(#8211);
#8213=IFCCARTESIANPOINT((2.91326904296875,17.5961017608643,-1.49500012397766));
#8214=IFCVERTEXPOINT(#8213);
#8215=IFCCARTESIANPOINT((2.91326904296875,17.2961025238037,-1.49500012397766));
#8216=IFCDIRECTION((0.,1.,0.));
#8217=IFCVECTOR(#8216,1.);
#8218=IFCLINE(#8215,#8217);
#8219=IFCEDGECURVE(#8212,#8214,#8218,.T.);
#8220=IFCORIENTEDEDGE(*,*,#8219,.T.);
#8221=IFCCARTESIANPOINT((2.91326904296875,17.5961017608643,-1.49500012397766));
#8222=IFCVERTEXPOINT(#8221);
#8223=IFCCARTESIANPOINT((2.91326904296875,17.5961017608643,-2.50500011444092));
#8224=IFCVERTEXPOINT(#8223);
#8225=IFCCARTESIANPOINT((2.91326904296875,17.5961017608643,-1.49500012397766));
#8226=IFCDIRECTION((0.,0.,-1.));
#8227=IFCVECTOR(#8226,1.);
#8228=IFCLINE(#8225,#8227);
#8229=IFCEDGECURVE(#8222,#8224,#8228,.T.);
#8230=IFCORIENTEDEDGE(*,*,#8229,.T.);
#8231=IFCCARTESIANPOINT((2.91326904296875,17.5961017608643,-2.50500011444092));
#8232=IFCVERTEXPOINT(#8231);
#8233=IFCCARTESIANPOINT((2.91326904296875,17.2961025238037,-1.49500012397766));
#8234=IFCVERTEXPOINT(#8233);
#8235=IFCCARTESIANPOINT((2.91326904296875,17.5961017608643,-2.50500011444092));
#8236=IFCDIRECTION((0.,-0.284733910192781,0.958606593126883));
#8237=IFCVECTOR(#8236,1.);
#8238=IFCLINE(#8235,#8237);
#8239=IFCEDGECURVE(#8232,#8234,#8238,.T.);
#8240=IFCORIENTEDEDGE(*,*,#8239,.T.);
#8241=IFCEDGELOOP((#8220,#8230,#8240));
#8242=IFCFACEOUTERBOUND(#8241,.T.);
#8243=IFCCARTESIANPOINT((2.91326904296875,17.5101987977801,-1.93590346376316));
#8244=IFCDIRECTION((-1.,-0.,-0.));
#8245=IFCDIRECTION((0.,0.,-1.));
#8246=IFCAXIS2PLACEMENT3D(#8243,#8244,#8245);
#8247=IFCPLANE(#8246);
#8248=IFCADVANCEDFACE((#8242),#8247,.T.);
#8249=IFCCARTESIANPOINT((2.91326904296875,17.2961025238037,-1.49500012397766));
#8250=IFCVERTEXPOINT(#8249);
#8251=IFCCARTESIANPOINT((2.91326904296875,17.5961017608643,-2.50500011444092));
#8252=IFCVERTEXPOINT(#8251);
#8253=IFCCARTESIANPOINT((2.91326904296875,17.2961025238037,-1.49500012397766));
#8254=IFCDIRECTION((0.,0.284733910192781,-0.958606593126883));
#8255=IFCVECTOR(#8254,1.);
#8256=IFCLINE(#8253,#8255);
#8257=IFCEDGECURVE(#8250,#8252,#8256,.T.);
#8258=IFCORIENTEDEDGE(*,*,#8257,.T.);
#8259=IFCCARTESIANPOINT((2.91326904296875,17.5961017608643,-2.50500011444092));
#8260=IFCVERTEXPOINT(#8259);
#8261=IFCCARTESIANPOINT((2.91326904296875,17.2961025238037,-2.50500011444092));
#8262=IFCVERTEXPOINT(#8261);
#8263=IFCCARTESIANPOINT((2.91326904296875,17.5961017608643,-2.50500011444092));
#8264=IFCDIRECTION((0.,-1.,0.));
#8265=IFCVECTOR(#8264,1.);
#8266=IFCLINE(#8263,#8265);
#8267=IFCEDGECURVE(#8260,#8262,#8266,.T.);
#8268=IFCORIENTEDEDGE(*,*,#8267,.T.);
#8269=IFCCARTESIANPOINT((2.91326904296875,17.2961025238037,-2.50500011444092));
#8270=IFCVERTEXPOINT(#8269);
#8271=IFCCARTESIANPOINT((2.91326904296875,17.2961025238037,-1.49500012397766));
#8272=IFCVERTEXPOINT(#8271);
#8273=IFCCARTESIANPOINT((2.91326904296875,17.2961025238037,-2.50500011444092));
#8274=IFCDIRECTION((0.,0.,1.));
#8275=IFCVECTOR(#8274,1.);
#8276=IFCLINE(#8273,#8275);
#8277=IFCEDGECURVE(#8270,#8272,#8276,.T.);
#8278=IFCORIENTEDEDGE(*,*,#8277,.T.);
#8279=IFCEDGELOOP((#8258,#8268,#8278));
#8280=IFCFACEOUTERBOUND(#8279,.T.);
#8281=IFCCARTESIANPOINT((2.91326904296875,17.3820054868879,-2.06409677465542));
#8282=IFCDIRECTION((-1.,-0.,-0.));
#8283=IFCDIRECTION((0.,0.,-1.));
#8284=IFCAXIS2PLACEMENT3D(#8281,#8282,#8283);
#8285=IFCPLANE(#8284);
#8286=IFCADVANCEDFACE((#8280),#8285,.T.);
#8287=IFCCARTESIANPOINT((2.91326904296875,17.2961025238037,-2.50500011444092));
#8288=IFCVERTEXPOINT(#8287);
#8289=IFCCARTESIANPOINT((2.91326904296875,17.5961017608643,-2.50500011444092));
#8290=IFCVERTEXPOINT(#8289);
#8291=IFCCARTESIANPOINT((2.91326904296875,17.2961025238037,-2.50500011444092));
#8292=IFCDIRECTION((0.,1.,0.));
#8293=IFCVECTOR(#8292,1.);
#8294=IFCLINE(#8291,#8293);
#8295=IFCEDGECURVE(#8288,#8290,#8294,.T.);
#8296=IFCORIENTEDEDGE(*,*,#8295,.T.);
#8297=IFCCARTESIANPOINT((2.91326904296875,17.5961017608643,-2.50500011444092));
#8298=IFCVERTEXPOINT(#8297);
#8299=IFCCARTESIANPOINT((1.90326905250549,17.5961017608643,-2.50500011444092));
#8300=IFCVERTEXPOINT(#8299);
#8301=IFCCARTESIANPOINT((2.91326904296875,17.5961017608643,-2.50500011444092));
#8302=IFCDIRECTION((-1.,0.,0.));
#8303=IFCVECTOR(#8302,1.);
#8304=IFCLINE(#8301,#8303);
#8305=IFCEDGECURVE(#8298,#8300,#8304,.T.);
#8306=IFCORIENTEDEDGE(*,*,#8305,.T.);
#8307=IFCCARTESIANPOINT((1.90326905250549,17.5961017608643,-2.50500011444092));
#8308=IFCVERTEXPOINT(#8307);
#8309=IFCCARTESIANPOINT((2.91326904296875,17.2961025238037,-2.50500011444092));
#8310=IFCVERTEXPOINT(#8309);
#8311=IFCCARTESIANPOINT((1.90326905250549,17.5961017608643,-2.50500011444092));
#8312=IFCDIRECTION((0.958606593126883,-0.284733910192781,0.));
#8313=IFCVECTOR(#8312,1.);
#8314=IFCLINE(#8311,#8313);
#8315=IFCEDGECURVE(#8308,#8310,#8314,.T.);
#8316=IFCORIENTEDEDGE(*,*,#8315,.T.);
#8317=IFCEDGELOOP((#8296,#8306,#8316));
#8318=IFCFACEOUTERBOUND(#8317,.T.);
#8319=IFCCARTESIANPOINT((2.47236570318326,17.5101987977801,-2.50500011444092));
#8320=IFCDIRECTION((0.,0.,1.));
#8321=IFCDIRECTION((1.,0.,-0.));
#8322=IFCAXIS2PLACEMENT3D(#8319,#8320,#8321);
#8323=IFCPLANE(#8322);
#8324=IFCADVANCEDFACE((#8318),#8323,.T.);
#8325=IFCCARTESIANPOINT((2.91326904296875,17.2961025238037,-2.50500011444092));
#8326=IFCVERTEXPOINT(#8325);
#8327=IFCCARTESIANPOINT((1.90326905250549,17.5961017608643,-2.50500011444092));
#8328=IFCVERTEXPOINT(#8327);
#8329=IFCCARTESIANPOINT((2.91326904296875,17.2961025238037,-2.50500011444092));
#8330=IFCDIRECTION((-0.958606593126883,0.284733910192781,0.));
#8331=IFCVECTOR(#8330,1.);
#8332=IFCLINE(#8329,#8331);
#8333=IFCEDGECURVE(#8326,#8328,#8332,.T.);
#8334=IFCORIENTEDEDGE(*,*,#8333,.T.);
#8335=IFCCARTESIANPOINT((1.90326905250549,17.5961017608643,-2.50500011444092));
#8336=IFCVERTEXPOINT(#8335);
#8337=IFCCARTESIANPOINT((1.90326905250549,17.2961025238037,-2.50500011444092));
#8338=IFCVERTEXPOINT(#8337);
#8339=IFCCARTESIANPOINT((1.90326905250549,17.5961017608643,-2.50500011444092));
#8340=IFCDIRECTION((0.,-1.,0.));
#8341=IFCVECTOR(#8340,1.);
#8342=IFCLINE(#8339,#8341);
#8343=IFCEDGECURVE(#8336,#8338,#8342,.T.);
#8344=IFCORIENTEDEDGE(*,*,#8343,.T.);
#8345=IFCCARTESIANPOINT((1.90326905250549,17.2961025238037,-2.50500011444092));
#8346=IFCVERTEXPOINT(#8345);
#8347=IFCCARTESIANPOINT((2.91326904296875,17.2961025238037,-2.50500011444092));
#8348=IFCVERTEXPOINT(#8347);
#8349=IFCCARTESIANPOINT((1.90326905250549,17.2961025238037,-2.50500011444092));
#8350=IFCDIRECTION((1.,0.,0.));
#8351=IFCVECTOR(#8350,1.);
#8352=IFCLINE(#8349,#8351);
#8353=IFCEDGECURVE(#8346,#8348,#8352,.T.);
#8354=IFCORIENTEDEDGE(*,*,#8353,.T.);
#8355=IFCEDGELOOP((#8334,#8344,#8354));
#8356=IFCFACEOUTERBOUND(#8355,.T.);
#8357=IFCCARTESIANPOINT((2.34417239229099,17.3820054868879,-2.50500011444092));
#8358=IFCDIRECTION((0.,0.,1.));
#8359=IFCDIRECTION((1.,0.,-0.));
#8360=IFCAXIS2PLACEMENT3D(#8357,#8358,#8359);
#8361=IFCPLANE(#8360);
#8362=IFCADVANCEDFACE((#8356),#8361,.T.);
#8363=IFCCARTESIANPOINT((1.90326905250549,17.2961025238037,-2.50500011444092));
#8364=IFCVERTEXPOINT(#8363);
#8365=IFCCARTESIANPOINT((1.90326905250549,17.5961017608643,-2.50500011444092));
#8366=IFCVERTEXPOINT(#8365);
#8367=IFCCARTESIANPOINT((1.90326905250549,17.2961025238037,-2.50500011444092));
#8368=IFCDIRECTION((0.,1.,0.));
#8369=IFCVECTOR(#8368,1.);
#8370=IFCLINE(#8367,#8369);
#8371=IFCEDGECURVE(#8364,#8366,#8370,.T.);
#8372=IFCORIENTEDEDGE(*,*,#8371,.T.);
#8373=IFCCARTESIANPOINT((1.90326905250549,17.5961017608643,-2.50500011444092));
#8374=IFCVERTEXPOINT(#8373);
#8375=IFCCARTESIANPOINT((1.90326905250549,17.5961017608643,-1.49500012397766));
#8376=IFCVERTEXPOINT(#8375);
#8377=IFCCARTESIANPOINT((1.90326905250549,17.5961017608643,-2.50500011444092));
#8378=IFCDIRECTION((0.,0.,1.));
#8379=IFCVECTOR(#8378,1.);
#8380=IFCLINE(#8377,#8379);
#8381=IFCEDGECURVE(#8374,#8376,#8380,.T.);
#8382=IFCORIENTEDEDGE(*,*,#8381,.T.);
#8383=IFCCARTESIANPOINT((1.90326905250549,17.5961017608643,-1.49500012397766));
#8384=IFCVERTEXPOINT(#8383);
#8385=IFCCARTESIANPOINT((1.90326905250549,17.2961025238037,-2.50500011444092));
#8386=IFCVERTEXPOINT(#8385);
#8387=IFCCARTESIANPOINT((1.90326905250549,17.5961017608643,-1.49500012397766));
#8388=IFCDIRECTION((0.,-0.284733910192781,-0.958606593126883));
#8389=IFCVECTOR(#8388,1.);
#8390=IFCLINE(#8387,#8389);
#8391=IFCEDGECURVE(#8384,#8386,#8390,.T.);
#8392=IFCORIENTEDEDGE(*,*,#8391,.T.);
#8393=IFCEDGELOOP((#8372,#8382,#8392));
#8394=IFCFACEOUTERBOUND(#8393,.T.);
#8395=IFCCARTESIANPOINT((1.90326905250549,17.5101987977801,-2.06409677465542));
#8396=IFCDIRECTION((1.,-2.92822094345406E-29,4.35434483533425E-30));
#8397=IFCDIRECTION((2.92822094345406E-29,1.,0.));
#8398=IFCAXIS2PLACEMENT3D(#8395,#8396,#8397);
#8399=IFCPLANE(#8398);
#8400=IFCADVANCEDFACE((#8394),#8399,.T.);
#8401=IFCCARTESIANPOINT((1.90326905250549,17.2961025238037,-2.50500011444092));
#8402=IFCVERTEXPOINT(#8401);
#8403=IFCCARTESIANPOINT((1.90326905250549,17.5961017608643,-1.49500012397766));
#8404=IFCVERTEXPOINT(#8403);
#8405=IFCCARTESIANPOINT((1.90326905250549,17.2961025238037,-2.50500011444092));
#8406=IFCDIRECTION((0.,0.284733910192781,0.958606593126883));
#8407=IFCVECTOR(#8406,1.);
#8408=IFCLINE(#8405,#8407);
#8409=IFCEDGECURVE(#8402,#8404,#8408,.T.);
#8410=IFCORIENTEDEDGE(*,*,#8409,.T.);
#8411=IFCCARTESIANPOINT((1.90326905250549,17.5961017608643,-1.49500012397766));
#8412=IFCVERTEXPOINT(#8411);
#8413=IFCCARTESIANPOINT((1.90326905250549,17.2961025238037,-1.49500012397766));
#8414=IFCVERTEXPOINT(#8413);
#8415=IFCCARTESIANPOINT((1.90326905250549,17.5961017608643,-1.49500012397766));
#8416=IFCDIRECTION((0.,-1.,0.));
#8417=IFCVECTOR(#8416,1.);
#8418=IFCLINE(#8415,#8417);
#8419=IFCEDGECURVE(#8412,#8414,#8418,.T.);
#8420=IFCORIENTEDEDGE(*,*,#8419,.T.);
#8421=IFCCARTESIANPOINT((1.90326905250549,17.2961025238037,-1.49500012397766));
#8422=IFCVERTEXPOINT(#8421);
#8423=IFCCARTESIANPOINT((1.90326905250549,17.2961025238037,-2.50500011444092));
#8424=IFCVERTEXPOINT(#8423);
#8425=IFCCARTESIANPOINT((1.90326905250549,17.2961025238037,-1.49500012397766));
#8426=IFCDIRECTION((0.,0.,-1.));
#8427=IFCVECTOR(#8426,1.);
#8428=IFCLINE(#8425,#8427);
#8429=IFCEDGECURVE(#8422,#8424,#8428,.T.);
#8430=IFCORIENTEDEDGE(*,*,#8429,.T.);
#8431=IFCEDGELOOP((#8410,#8420,#8430));
#8432=IFCFACEOUTERBOUND(#8431,.T.);
#8433=IFCCARTESIANPOINT((1.90326905250549,17.3820054868879,-1.93590346376316));
#8434=IFCDIRECTION((1.,-3.2402643973866E-29,4.78156736391558E-30));
#8435=IFCDIRECTION((3.2402643973866E-29,1.,0.));
#8436=IFCAXIS2PLACEMENT3D(#8433,#8434,#8435);
#8437=IFCPLANE(#8436);
#8438=IFCADVANCEDFACE((#8432),#8437,.T.);
#8439=IFCCARTESIANPOINT((1.90326905250549,17.2961025238037,-1.49500012397766));
#8440=IFCVERTEXPOINT(#8439);
#8441=IFCCARTESIANPOINT((1.90326905250549,17.5961017608643,-1.49500012397766));
#8442=IFCVERTEXPOINT(#8441);
#8443=IFCCARTESIANPOINT((1.90326905250549,17.2961025238037,-1.49500012397766));
#8444=IFCDIRECTION((0.,1.,0.));
#8445=IFCVECTOR(#8444,1.);
#8446=IFCLINE(#8443,#8445);
#8447=IFCEDGECURVE(#8440,#8442,#8446,.T.);
#8448=IFCORIENTEDEDGE(*,*,#8447,.T.);
#8449=IFCCARTESIANPOINT((1.90326905250549,17.5961017608643,-1.49500012397766));
#8450=IFCVERTEXPOINT(#8449);
#8451=IFCCARTESIANPOINT((2.91326904296875,17.5961017608643,-1.49500012397766));
#8452=IFCVERTEXPOINT(#8451);
#8453=IFCCARTESIANPOINT((1.90326905250549,17.5961017608643,-1.49500012397766));
#8454=IFCDIRECTION((1.,0.,0.));
#8455=IFCVECTOR(#8454,1.);
#8456=IFCLINE(#8453,#8455);
#8457=IFCEDGECURVE(#8450,#8452,#8456,.T.);
#8458=IFCORIENTEDEDGE(*,*,#8457,.T.);
#8459=IFCCARTESIANPOINT((2.91326904296875,17.5961017608643,-1.49500012397766));
#8460=IFCVERTEXPOINT(#8459);
#8461=IFCCARTESIANPOINT((1.90326905250549,17.2961025238037,-1.49500012397766));
#8462=IFCVERTEXPOINT(#8461);
#8463=IFCCARTESIANPOINT((2.91326904296875,17.5961017608643,-1.49500012397766));
#8464=IFCDIRECTION((-0.958606593126883,-0.284733910192781,0.));
#8465=IFCVECTOR(#8464,1.);
#8466=IFCLINE(#8463,#8465);
#8467=IFCEDGECURVE(#8460,#8462,#8466,.T.);
#8468=IFCORIENTEDEDGE(*,*,#8467,.T.);
#8469=IFCEDGELOOP((#8448,#8458,#8468));
#8470=IFCFACEOUTERBOUND(#8469,.T.);
#8471=IFCCARTESIANPOINT((2.34417239229099,17.5101987977801,-1.49500012397766));
#8472=IFCDIRECTION((-0.,-0.,-1.));
#8473=IFCDIRECTION((-1.,0.,0.));
#8474=IFCAXIS2PLACEMENT3D(#8471,#8472,#8473);
#8475=IFCPLANE(#8474);
#8476=IFCADVANCEDFACE((#8470),#8475,.T.);
#8477=IFCCARTESIANPOINT((1.90326905250549,17.2961025238037,-1.49500012397766));
#8478=IFCVERTEXPOINT(#8477);
#8479=IFCCARTESIANPOINT((2.91326904296875,17.5961017608643,-1.49500012397766));
#8480=IFCVERTEXPOINT(#8479);
#8481=IFCCARTESIANPOINT((1.90326905250549,17.2961025238037,-1.49500012397766));
#8482=IFCDIRECTION((0.958606593126883,0.284733910192781,0.));
#8483=IFCVECTOR(#8482,1.);
#8484=IFCLINE(#8481,#8483);
#8485=IFCEDGECURVE(#8478,#8480,#8484,.T.);
#8486=IFCORIENTEDEDGE(*,*,#8485,.T.);
#8487=IFCCARTESIANPOINT((2.91326904296875,17.5961017608643,-1.49500012397766));
#8488=IFCVERTEXPOINT(#8487);
#8489=IFCCARTESIANPOINT((2.91326904296875,17.2961025238037,-1.49500012397766));
#8490=IFCVERTEXPOINT(#8489);
#8491=IFCCARTESIANPOINT((2.91326904296875,17.5961017608643,-1.49500012397766));
#8492=IFCDIRECTION((0.,-1.,0.));
#8493=IFCVECTOR(#8492,1.);
#8494=IFCLINE(#8491,#8493);
#8495=IFCEDGECURVE(#8488,#8490,#8494,.T.);
#8496=IFCORIENTEDEDGE(*,*,#8495,.T.);
#8497=IFCCARTESIANPOINT((2.91326904296875,17.2961025238037,-1.49500012397766));
#8498=IFCVERTEXPOINT(#8497);
#8499=IFCCARTESIANPOINT((1.90326905250549,17.2961025238037,-1.49500012397766));
#8500=IFCVERTEXPOINT(#8499);
#8501=IFCCARTESIANPOINT((2.91326904296875,17.2961025238037,-1.49500012397766));
#8502=IFCDIRECTION((-1.,0.,0.));
#8503=IFCVECTOR(#8502,1.);
#8504=IFCLINE(#8501,#8503);
#8505=IFCEDGECURVE(#8498,#8500,#8504,.T.);
#8506=IFCORIENTEDEDGE(*,*,#8505,.T.);
#8507=IFCEDGELOOP((#8486,#8496,#8506));
#8508=IFCFACEOUTERBOUND(#8507,.T.);
#8509=IFCCARTESIANPOINT((2.47236570318326,17.3820054868879,-1.49500012397766));
#8510=IFCDIRECTION((-0.,-0.,-1.));
#8511=IFCDIRECTION((-1.,0.,0.));
#8512=IFCAXIS2PLACEMENT3D(#8509,#8510,#8511);
#8513=IFCPLANE(#8512);
#8514=IFCADVANCEDFACE((#8508),#8513,.T.);
#8515=IFCCARTESIANPOINT((4.09326887130737,17.2961025238037,-1.49500012397766));
#8516=IFCVERTEXPOINT(#8515);
#8517=IFCCARTESIANPOINT((4.09326887130737,17.5961017608643,-1.49500012397766));
#8518=IFCVERTEXPOINT(#8517);
#8519=IFCCARTESIANPOINT((4.09326887130737,17.2961025238037,-1.49500012397766));
#8520=IFCDIRECTION((0.,1.,0.));
#8521=IFCVECTOR(#8520,1.);
#8522=IFCLINE(#8519,#8521);
#8523=IFCEDGECURVE(#8516,#8518,#8522,.T.);
#8524=IFCORIENTEDEDGE(*,*,#8523,.T.);
#8525=IFCCARTESIANPOINT((4.09326887130737,17.5961017608643,-1.49500012397766));
#8526=IFCVERTEXPOINT(#8525);
#8527=IFCCARTESIANPOINT((5.10326910018921,17.5961017608643,-1.49500012397766));
#8528=IFCVERTEXPOINT(#8527);
#8529=IFCCARTESIANPOINT((4.09326887130737,17.5961017608643,-1.49500012397766));
#8530=IFCDIRECTION((1.,0.,0.));
#8531=IFCVECTOR(#8530,1.);
#8532=IFCLINE(#8529,#8531);
#8533=IFCEDGECURVE(#8526,#8528,#8532,.T.);
#8534=IFCORIENTEDEDGE(*,*,#8533,.T.);
#8535=IFCCARTESIANPOINT((5.10326910018921,17.5961017608643,-1.49500012397766));
#8536=IFCVERTEXPOINT(#8535);
#8537=IFCCARTESIANPOINT((4.09326887130737,17.2961025238037,-1.49500012397766));
#8538=IFCVERTEXPOINT(#8537);
#8539=IFCCARTESIANPOINT((5.10326910018921,17.5961017608643,-1.49500012397766));
#8540=IFCDIRECTION((-0.958606611472714,-0.284733848428321,0.));
#8541=IFCVECTOR(#8540,1.);
#8542=IFCLINE(#8539,#8541);
#8543=IFCEDGECURVE(#8536,#8538,#8542,.T.);
#8544=IFCORIENTEDEDGE(*,*,#8543,.T.);
#8545=IFCEDGELOOP((#8524,#8534,#8544));
#8546=IFCFACEOUTERBOUND(#8545,.T.);
#8547=IFCCARTESIANPOINT((4.53417232783492,17.5101988002474,-1.49500012397766));
#8548=IFCDIRECTION((4.69505486704556E-30,-3.11041732633398E-29,-1.));
#8549=IFCDIRECTION((0.,-1.,3.11041732633398E-29));
#8550=IFCAXIS2PLACEMENT3D(#8547,#8548,#8549);
#8551=IFCPLANE(#8550);
#8552=IFCADVANCEDFACE((#8546),#8551,.T.);
#8553=IFCCARTESIANPOINT((4.09326887130737,17.2961025238037,-1.49500012397766));
#8554=IFCVERTEXPOINT(#8553);
#8555=IFCCARTESIANPOINT((5.10326910018921,17.5961017608643,-1.49500012397766));
#8556=IFCVERTEXPOINT(#8555);
#8557=IFCCARTESIANPOINT((4.09326887130737,17.2961025238037,-1.49500012397766));
#8558=IFCDIRECTION((0.958606611472714,0.284733848428321,0.));
#8559=IFCVECTOR(#8558,1.);
#8560=IFCLINE(#8557,#8559);
#8561=IFCEDGECURVE(#8554,#8556,#8560,.T.);
#8562=IFCORIENTEDEDGE(*,*,#8561,.T.);
#8563=IFCCARTESIANPOINT((5.10326910018921,17.5961017608643,-1.49500012397766));
#8564=IFCVERTEXPOINT(#8563);
#8565=IFCCARTESIANPOINT((5.10326910018921,17.2961025238037,-1.49500012397766));
#8566=IFCVERTEXPOINT(#8565);
#8567=IFCCARTESIANPOINT((5.10326910018921,17.5961017608643,-1.49500012397766));
#8568=IFCDIRECTION((0.,-1.,0.));
#8569=IFCVECTOR(#8568,1.);
#8570=IFCLINE(#8567,#8569);
#8571=IFCEDGECURVE(#8564,#8566,#8570,.T.);
#8572=IFCORIENTEDEDGE(*,*,#8571,.T.);
#8573=IFCCARTESIANPOINT((5.10326910018921,17.2961025238037,-1.49500012397766));
#8574=IFCVERTEXPOINT(#8573);
#8575=IFCCARTESIANPOINT((4.09326887130737,17.2961025238037,-1.49500012397766));
#8576=IFCVERTEXPOINT(#8575);
#8577=IFCCARTESIANPOINT((5.10326910018921,17.2961025238037,-1.49500012397766));
#8578=IFCDIRECTION((-1.,0.,0.));
#8579=IFCVECTOR(#8578,1.);
#8580=IFCLINE(#8577,#8579);
#8581=IFCEDGECURVE(#8574,#8576,#8580,.T.);
#8582=IFCORIENTEDEDGE(*,*,#8581,.T.);
#8583=IFCEDGELOOP((#8562,#8572,#8582));
#8584=IFCFACEOUTERBOUND(#8583,.T.);
#8585=IFCCARTESIANPOINT((4.66236564366166,17.3820054844206,-1.49500012397766));
#8586=IFCDIRECTION((4.71141394323735E-30,-3.1212550173665E-29,-1.));
#8587=IFCDIRECTION((0.,-1.,3.1212550173665E-29));
#8588=IFCAXIS2PLACEMENT3D(#8585,#8586,#8587);
#8589=IFCPLANE(#8588);
#8590=IFCADVANCEDFACE((#8584),#8589,.T.);
#8591=IFCCARTESIANPOINT((5.10326910018921,17.2961025238037,-1.49500012397766));
#8592=IFCVERTEXPOINT(#8591);
#8593=IFCCARTESIANPOINT((5.10326910018921,17.5961017608643,-1.49500012397766));
#8594=IFCVERTEXPOINT(#8593);
#8595=IFCCARTESIANPOINT((5.10326910018921,17.2961025238037,-1.49500012397766));
#8596=IFCDIRECTION((0.,1.,0.));
#8597=IFCVECTOR(#8596,1.);
#8598=IFCLINE(#8595,#8597);
#8599=IFCEDGECURVE(#8592,#8594,#8598,.T.);
#8600=IFCORIENTEDEDGE(*,*,#8599,.T.);
#8601=IFCCARTESIANPOINT((5.10326910018921,17.5961017608643,-1.49500012397766));
#8602=IFCVERTEXPOINT(#8601);
#8603=IFCCARTESIANPOINT((5.10326910018921,17.5961017608643,-2.50500011444092));
#8604=IFCVERTEXPOINT(#8603);
#8605=IFCCARTESIANPOINT((5.10326910018921,17.5961017608643,-1.49500012397766));
#8606=IFCDIRECTION((0.,0.,-1.));
#8607=IFCVECTOR(#8606,1.);
#8608=IFCLINE(#8605,#8607);
#8609=IFCEDGECURVE(#8602,#8604,#8608,.T.);
#8610=IFCORIENTEDEDGE(*,*,#8609,.T.);
#8611=IFCCARTESIANPOINT((5.10326910018921,17.5961017608643,-2.50500011444092));
#8612=IFCVERTEXPOINT(#8611);
#8613=IFCCARTESIANPOINT((5.10326910018921,17.2961025238037,-1.49500012397766));
#8614=IFCVERTEXPOINT(#8613);
#8615=IFCCARTESIANPOINT((5.10326910018921,17.5961017608643,-2.50500011444092));
#8616=IFCDIRECTION((0.,-0.284733910192781,0.958606593126883));
#8617=IFCVECTOR(#8616,1.);
#8618=IFCLINE(#8615,#8617);
#8619=IFCEDGECURVE(#8612,#8614,#8618,.T.);
#8620=IFCORIENTEDEDGE(*,*,#8619,.T.);
#8621=IFCEDGELOOP((#8600,#8610,#8620));
#8622=IFCFACEOUTERBOUND(#8621,.T.);
#8623=IFCCARTESIANPOINT((5.10326910018921,17.5101987977801,-1.93590346376316));
#8624=IFCDIRECTION((-1.,-0.,-0.));
#8625=IFCDIRECTION((0.,0.,-1.));
#8626=IFCAXIS2PLACEMENT3D(#8623,#8624,#8625);
#8627=IFCPLANE(#8626);
#8628=IFCADVANCEDFACE((#8622),#8627,.T.);
#8629=IFCCARTESIANPOINT((5.10326910018921,17.2961025238037,-1.49500012397766));
#8630=IFCVERTEXPOINT(#8629);
#8631=IFCCARTESIANPOINT((5.10326910018921,17.5961017608643,-2.50500011444092));
#8632=IFCVERTEXPOINT(#8631);
#8633=IFCCARTESIANPOINT((5.10326910018921,17.2961025238037,-1.49500012397766));
#8634=IFCDIRECTION((0.,0.284733910192781,-0.958606593126883));
#8635=IFCVECTOR(#8634,1.);
#8636=IFCLINE(#8633,#8635);
#8637=IFCEDGECURVE(#8630,#8632,#8636,.T.);
#8638=IFCORIENTEDEDGE(*,*,#8637,.T.);
#8639=IFCCARTESIANPOINT((5.10326910018921,17.5961017608643,-2.50500011444092));
#8640=IFCVERTEXPOINT(#8639);
#8641=IFCCARTESIANPOINT((5.10326910018921,17.2961025238037,-2.50500011444092));
#8642=IFCVERTEXPOINT(#8641);
#8643=IFCCARTESIANPOINT((5.10326910018921,17.5961017608643,-2.50500011444092));
#8644=IFCDIRECTION((0.,-1.,0.));
#8645=IFCVECTOR(#8644,1.);
#8646=IFCLINE(#8643,#8645);
#8647=IFCEDGECURVE(#8640,#8642,#8646,.T.);
#8648=IFCORIENTEDEDGE(*,*,#8647,.T.);
#8649=IFCCARTESIANPOINT((5.10326910018921,17.2961025238037,-2.50500011444092));
#8650=IFCVERTEXPOINT(#8649);
#8651=IFCCARTESIANPOINT((5.10326910018921,17.2961025238037,-1.49500012397766));
#8652=IFCVERTEXPOINT(#8651);
#8653=IFCCARTESIANPOINT((5.10326910018921,17.2961025238037,-2.50500011444092));
#8654=IFCDIRECTION((0.,0.,1.));
#8655=IFCVECTOR(#8654,1.);
#8656=IFCLINE(#8653,#8655);
#8657=IFCEDGECURVE(#8650,#8652,#8656,.T.);
#8658=IFCORIENTEDEDGE(*,*,#8657,.T.);
#8659=IFCEDGELOOP((#8638,#8648,#8658));
#8660=IFCFACEOUTERBOUND(#8659,.T.);
#8661=IFCCARTESIANPOINT((5.10326910018921,17.3820054868879,-2.06409677465542));
#8662=IFCDIRECTION((-1.,-0.,-0.));
#8663=IFCDIRECTION((0.,0.,-1.));
#8664=IFCAXIS2PLACEMENT3D(#8661,#8662,#8663);
#8665=IFCPLANE(#8664);
#8666=IFCADVANCEDFACE((#8660),#8665,.T.);
#8667=IFCCARTESIANPOINT((5.10326910018921,17.2961025238037,-2.50500011444092));
#8668=IFCVERTEXPOINT(#8667);
#8669=IFCCARTESIANPOINT((5.10326910018921,17.5961017608643,-2.50500011444092));
#8670=IFCVERTEXPOINT(#8669);
#8671=IFCCARTESIANPOINT((5.10326910018921,17.2961025238037,-2.50500011444092));
#8672=IFCDIRECTION((0.,1.,0.));
#8673=IFCVECTOR(#8672,1.);
#8674=IFCLINE(#8671,#8673);
#8675=IFCEDGECURVE(#8668,#8670,#8674,.T.);
#8676=IFCORIENTEDEDGE(*,*,#8675,.T.);
#8677=IFCCARTESIANPOINT((5.10326910018921,17.5961017608643,-2.50500011444092));
#8678=IFCVERTEXPOINT(#8677);
#8679=IFCCARTESIANPOINT((4.09326887130737,17.5961017608643,-2.50500011444092));
#8680=IFCVERTEXPOINT(#8679);
#8681=IFCCARTESIANPOINT((5.10326910018921,17.5961017608643,-2.50500011444092));
#8682=IFCDIRECTION((-1.,0.,0.));
#8683=IFCVECTOR(#8682,1.);
#8684=IFCLINE(#8681,#8683);
#8685=IFCEDGECURVE(#8678,#8680,#8684,.T.);
#8686=IFCORIENTEDEDGE(*,*,#8685,.T.);
#8687=IFCCARTESIANPOINT((4.09326887130737,17.5961017608643,-2.50500011444092));
#8688=IFCVERTEXPOINT(#8687);
#8689=IFCCARTESIANPOINT((5.10326910018921,17.2961025238037,-2.50500011444092));
#8690=IFCVERTEXPOINT(#8689);
#8691=IFCCARTESIANPOINT((4.09326887130737,17.5961017608643,-2.50500011444092));
#8692=IFCDIRECTION((0.958606611472714,-0.284733848428321,0.));
#8693=IFCVECTOR(#8692,1.);
#8694=IFCLINE(#8691,#8693);
#8695=IFCEDGECURVE(#8688,#8690,#8694,.T.);
#8696=IFCORIENTEDEDGE(*,*,#8695,.T.);
#8697=IFCEDGELOOP((#8676,#8686,#8696));
#8698=IFCFACEOUTERBOUND(#8697,.T.);
#8699=IFCCARTESIANPOINT((4.66236564366166,17.5101988002474,-2.50500011444092));
#8700=IFCDIRECTION((0.,0.,1.));
#8701=IFCDIRECTION((1.,0.,-0.));
#8702=IFCAXIS2PLACEMENT3D(#8699,#8700,#8701);
#8703=IFCPLANE(#8702);
#8704=IFCADVANCEDFACE((#8698),#8703,.T.);
#8705=IFCCARTESIANPOINT((5.10326910018921,17.2961025238037,-2.50500011444092));
#8706=IFCVERTEXPOINT(#8705);
#8707=IFCCARTESIANPOINT((4.09326887130737,17.5961017608643,-2.50500011444092));
#8708=IFCVERTEXPOINT(#8707);
#8709=IFCCARTESIANPOINT((5.10326910018921,17.2961025238037,-2.50500011444092));
#8710=IFCDIRECTION((-0.958606611472714,0.284733848428321,0.));
#8711=IFCVECTOR(#8710,1.);
#8712=IFCLINE(#8709,#8711);
#8713=IFCEDGECURVE(#8706,#8708,#8712,.T.);
#8714=IFCORIENTEDEDGE(*,*,#8713,.T.);
#8715=IFCCARTESIANPOINT((4.09326887130737,17.5961017608643,-2.50500011444092));
#8716=IFCVERTEXPOINT(#8715);
#8717=IFCCARTESIANPOINT((4.09326887130737,17.2961025238037,-2.50500011444092));
#8718=IFCVERTEXPOINT(#8717);
#8719=IFCCARTESIANPOINT((4.09326887130737,17.5961017608643,-2.50500011444092));
#8720=IFCDIRECTION((0.,-1.,0.));
#8721=IFCVECTOR(#8720,1.);
#8722=IFCLINE(#8719,#8721);
#8723=IFCEDGECURVE(#8716,#8718,#8722,.T.);
#8724=IFCORIENTEDEDGE(*,*,#8723,.T.);
#8725=IFCCARTESIANPOINT((4.09326887130737,17.2961025238037,-2.50500011444092));
#8726=IFCVERTEXPOINT(#8725);
#8727=IFCCARTESIANPOINT((5.10326910018921,17.2961025238037,-2.50500011444092));
#8728=IFCVERTEXPOINT(#8727);
#8729=IFCCARTESIANPOINT((4.09326887130737,17.2961025238037,-2.50500011444092));
#8730=IFCDIRECTION((1.,0.,0.));
#8731=IFCVECTOR(#8730,1.);
#8732=IFCLINE(#8729,#8731);
#8733=IFCEDGECURVE(#8726,#8728,#8732,.T.);
#8734=IFCORIENTEDEDGE(*,*,#8733,.T.);
#8735=IFCEDGELOOP((#8714,#8724,#8734));
#8736=IFCFACEOUTERBOUND(#8735,.T.);
#8737=IFCCARTESIANPOINT((4.53417232783492,17.3820054844206,-2.50500011444092));
#8738=IFCDIRECTION((0.,0.,1.));
#8739=IFCDIRECTION((1.,0.,-0.));
#8740=IFCAXIS2PLACEMENT3D(#8737,#8738,#8739);
#8741=IFCPLANE(#8740);
#8742=IFCADVANCEDFACE((#8736),#8741,.T.);
#8743=IFCCARTESIANPOINT((4.09326887130737,17.2961025238037,-2.50500011444092));
#8744=IFCVERTEXPOINT(#8743);
#8745=IFCCARTESIANPOINT((4.09326887130737,17.5961017608643,-2.50500011444092));
#8746=IFCVERTEXPOINT(#8745);
#8747=IFCCARTESIANPOINT((4.09326887130737,17.2961025238037,-2.50500011444092));
#8748=IFCDIRECTION((0.,1.,0.));
#8749=IFCVECTOR(#8748,1.);
#8750=IFCLINE(#8747,#8749);
#8751=IFCEDGECURVE(#8744,#8746,#8750,.T.);
#8752=IFCORIENTEDEDGE(*,*,#8751,.T.);
#8753=IFCCARTESIANPOINT((4.09326887130737,17.5961017608643,-2.50500011444092));
#8754=IFCVERTEXPOINT(#8753);
#8755=IFCCARTESIANPOINT((4.09326887130737,17.5961017608643,-1.49500012397766));
#8756=IFCVERTEXPOINT(#8755);
#8757=IFCCARTESIANPOINT((4.09326887130737,17.5961017608643,-2.50500011444092));
#8758=IFCDIRECTION((0.,0.,1.));
#8759=IFCVECTOR(#8758,1.);
#8760=IFCLINE(#8757,#8759);
#8761=IFCEDGECURVE(#8754,#8756,#8760,.T.);
#8762=IFCORIENTEDEDGE(*,*,#8761,.T.);
#8763=IFCCARTESIANPOINT((4.09326887130737,17.5961017608643,-1.49500012397766));
#8764=IFCVERTEXPOINT(#8763);
#8765=IFCCARTESIANPOINT((4.09326887130737,17.2961025238037,-2.50500011444092));
#8766=IFCVERTEXPOINT(#8765);
#8767=IFCCARTESIANPOINT((4.09326887130737,17.5961017608643,-1.49500012397766));
#8768=IFCDIRECTION((0.,-0.284733910192781,-0.958606593126883));
#8769=IFCVECTOR(#8768,1.);
#8770=IFCLINE(#8767,#8769);
#8771=IFCEDGECURVE(#8764,#8766,#8770,.T.);
#8772=IFCORIENTEDEDGE(*,*,#8771,.T.);
#8773=IFCEDGELOOP((#8752,#8762,#8772));
#8774=IFCFACEOUTERBOUND(#8773,.T.);
#8775=IFCCARTESIANPOINT((4.09326887130737,17.5101987977801,-2.06409677465542));
#8776=IFCDIRECTION((1.,0.,0.));
#8777=IFCDIRECTION((-0.,0.,1.));
#8778=IFCAXIS2PLACEMENT3D(#8775,#8776,#8777);
#8779=IFCPLANE(#8778);
#8780=IFCADVANCEDFACE((#8774),#8779,.T.);
#8781=IFCCARTESIANPOINT((4.09326887130737,17.2961025238037,-2.50500011444092));
#8782=IFCVERTEXPOINT(#8781);
#8783=IFCCARTESIANPOINT((4.09326887130737,17.5961017608643,-1.49500012397766));
#8784=IFCVERTEXPOINT(#8783);
#8785=IFCCARTESIANPOINT((4.09326887130737,17.2961025238037,-2.50500011444092));
#8786=IFCDIRECTION((0.,0.284733910192781,0.958606593126883));
#8787=IFCVECTOR(#8786,1.);
#8788=IFCLINE(#8785,#8787);
#8789=IFCEDGECURVE(#8782,#8784,#8788,.T.);
#8790=IFCORIENTEDEDGE(*,*,#8789,.T.);
#8791=IFCCARTESIANPOINT((4.09326887130737,17.5961017608643,-1.49500012397766));
#8792=IFCVERTEXPOINT(#8791);
#8793=IFCCARTESIANPOINT((4.09326887130737,17.2961025238037,-1.49500012397766));
#8794=IFCVERTEXPOINT(#8793);
#8795=IFCCARTESIANPOINT((4.09326887130737,17.5961017608643,-1.49500012397766));
#8796=IFCDIRECTION((0.,-1.,0.));
#8797=IFCVECTOR(#8796,1.);
#8798=IFCLINE(#8795,#8797);
#8799=IFCEDGECURVE(#8792,#8794,#8798,.T.);
#8800=IFCORIENTEDEDGE(*,*,#8799,.T.);
#8801=IFCCARTESIANPOINT((4.09326887130737,17.2961025238037,-1.49500012397766));
#8802=IFCVERTEXPOINT(#8801);
#8803=IFCCARTESIANPOINT((4.09326887130737,17.2961025238037,-2.50500011444092));
#8804=IFCVERTEXPOINT(#8803);
#8805=IFCCARTESIANPOINT((4.09326887130737,17.2961025238037,-1.49500012397766));
#8806=IFCDIRECTION((0.,0.,-1.));
#8807=IFCVECTOR(#8806,1.);
#8808=IFCLINE(#8805,#8807);
#8809=IFCEDGECURVE(#8802,#8804,#8808,.T.);
#8810=IFCORIENTEDEDGE(*,*,#8809,.T.);
#8811=IFCEDGELOOP((#8790,#8800,#8810));
#8812=IFCFACEOUTERBOUND(#8811,.T.);
#8813=IFCCARTESIANPOINT((4.09326887130737,17.3820054868879,-1.93590346376316));
#8814=IFCDIRECTION((1.,0.,0.));
#8815=IFCDIRECTION((-0.,0.,1.));
#8816=IFCAXIS2PLACEMENT3D(#8813,#8814,#8815);
#8817=IFCPLANE(#8816);
#8818=IFCADVANCEDFACE((#8812),#8817,.T.);
#8819=IFCCARTESIANPOINT((6.25326919555664,17.2961025238037,0.));
#8820=IFCVERTEXPOINT(#8819);
#8821=IFCCARTESIANPOINT((6.25326919555664,17.5961017608643,0.));
#8822=IFCVERTEXPOINT(#8821);
#8823=IFCCARTESIANPOINT((6.25326919555664,17.2961025238037,0.));
#8824=IFCDIRECTION((0.,1.,0.));
#8825=IFCVECTOR(#8824,1.);
#8826=IFCLINE(#8823,#8825);
#8827=IFCEDGECURVE(#8820,#8822,#8826,.T.);
#8828=IFCORIENTEDEDGE(*,*,#8827,.T.);
#8829=IFCCARTESIANPOINT((6.25326919555664,17.5961017608643,0.));
#8830=IFCVERTEXPOINT(#8829);
#8831=IFCCARTESIANPOINT((-2.74673104286194,17.5961017608643,0.));
#8832=IFCVERTEXPOINT(#8831);
#8833=IFCCARTESIANPOINT((6.25326919555664,17.5961017608643,0.));
#8834=IFCDIRECTION((-1.,0.,0.));
#8835=IFCVECTOR(#8834,1.);
#8836=IFCLINE(#8833,#8835);
#8837=IFCEDGECURVE(#8830,#8832,#8836,.T.);
#8838=IFCORIENTEDEDGE(*,*,#8837,.T.);
#8839=IFCCARTESIANPOINT((-2.74673104286194,17.5961017608643,0.));
#8840=IFCVERTEXPOINT(#8839);
#8841=IFCCARTESIANPOINT((6.25326919555664,17.2961025238037,0.));
#8842=IFCVERTEXPOINT(#8841);
#8843=IFCCARTESIANPOINT((-2.74673104286194,17.5961017608643,0.));
#8844=IFCDIRECTION((0.999444909829535,-0.033314744721117,0.));
#8845=IFCVECTOR(#8844,1.);
#8846=IFCLINE(#8843,#8845);
#8847=IFCEDGECURVE(#8840,#8842,#8846,.T.);
#8848=IFCORIENTEDEDGE(*,*,#8847,.T.);
#8849=IFCEDGELOOP((#8828,#8838,#8848));
#8850=IFCFACEOUTERBOUND(#8849,.T.);
#8851=IFCCARTESIANPOINT((1.82701923902932,17.519852305016,0.));
#8852=IFCDIRECTION((0.,0.,1.));
#8853=IFCDIRECTION((1.,0.,-0.));
#8854=IFCAXIS2PLACEMENT3D(#8851,#8852,#8853);
#8855=IFCPLANE(#8854);
#8856=IFCADVANCEDFACE((#8850),#8855,.T.);
#8857=IFCCARTESIANPOINT((6.25326919555664,17.2961025238037,0.));
#8858=IFCVERTEXPOINT(#8857);
#8859=IFCCARTESIANPOINT((-2.74673104286194,17.5961017608643,0.));
#8860=IFCVERTEXPOINT(#8859);
#8861=IFCCARTESIANPOINT((6.25326919555664,17.2961025238037,0.));
#8862=IFCDIRECTION((-0.999444909829535,0.033314744721117,0.));
#8863=IFCVECTOR(#8862,1.);
#8864=IFCLINE(#8861,#8863);
#8865=IFCEDGECURVE(#8858,#8860,#8864,.T.);
#8866=IFCORIENTEDEDGE(*,*,#8865,.T.);
#8867=IFCCARTESIANPOINT((-2.74673104286194,17.5961017608643,0.));
#8868=IFCVERTEXPOINT(#8867);
#8869=IFCCARTESIANPOINT((-2.74673104286194,17.2961025238037,0.));
#8870=IFCVERTEXPOINT(#8869);
#8871=IFCCARTESIANPOINT((-2.74673104286194,17.5961017608643,0.));
#8872=IFCDIRECTION((0.,-1.,0.));
#8873=IFCVECTOR(#8872,1.);
#8874=IFCLINE(#8871,#8873);
#8875=IFCEDGECURVE(#8868,#8870,#8874,.T.);
#8876=IFCORIENTEDEDGE(*,*,#8875,.T.);
#8877=IFCCARTESIANPOINT((-2.74673104286194,17.2961025238037,0.));
#8878=IFCVERTEXPOINT(#8877);
#8879=IFCCARTESIANPOINT((6.25326919555664,17.2961025238037,0.));
#8880=IFCVERTEXPOINT(#8879);
#8881=IFCCARTESIANPOINT((-2.74673104286194,17.2961025238037,0.));
#8882=IFCDIRECTION((1.,0.,0.));
#8883=IFCVECTOR(#8882,1.);
#8884=IFCLINE(#8881,#8883);
#8885=IFCEDGECURVE(#8878,#8880,#8884,.T.);
#8886=IFCORIENTEDEDGE(*,*,#8885,.T.);
#8887=IFCEDGELOOP((#8866,#8876,#8886));
#8888=IFCFACEOUTERBOUND(#8887,.T.);
#8889=IFCCARTESIANPOINT((1.67951891366538,17.372351979652,0.));
#8890=IFCDIRECTION((0.,0.,1.));
#8891=IFCDIRECTION((1.,0.,-0.));
#8892=IFCAXIS2PLACEMENT3D(#8889,#8890,#8891);
#8893=IFCPLANE(#8892);
#8894=IFCADVANCEDFACE((#8888),#8893,.T.);
#8895=IFCCARTESIANPOINT((-2.74673104286194,17.2961025238037,0.));
#8896=IFCVERTEXPOINT(#8895);
#8897=IFCCARTESIANPOINT((-2.74673104286194,17.5961017608643,0.));
#8898=IFCVERTEXPOINT(#8897);
#8899=IFCCARTESIANPOINT((-2.74673104286194,17.2961025238037,0.));
#8900=IFCDIRECTION((0.,1.,0.));
#8901=IFCVECTOR(#8900,1.);
#8902=IFCLINE(#8899,#8901);
#8903=IFCEDGECURVE(#8896,#8898,#8902,.T.);
#8904=IFCORIENTEDEDGE(*,*,#8903,.T.);
#8905=IFCCARTESIANPOINT((-2.74673104286194,17.5961017608643,0.));
#8906=IFCVERTEXPOINT(#8905);
#8907=IFCCARTESIANPOINT((-2.74673104286194,17.5961017608643,-4.));
#8908=IFCVERTEXPOINT(#8907);
#8909=IFCCARTESIANPOINT((-2.74673104286194,17.5961017608643,0.));
#8910=IFCDIRECTION((0.,0.,-1.));
#8911=IFCVECTOR(#8910,1.);
#8912=IFCLINE(#8909,#8911);
#8913=IFCEDGECURVE(#8906,#8908,#8912,.T.);
#8914=IFCORIENTEDEDGE(*,*,#8913,.T.);
#8915=IFCCARTESIANPOINT((-2.74673104286194,17.5961017608643,-4.));
#8916=IFCVERTEXPOINT(#8915);
#8917=IFCCARTESIANPOINT((-2.74673104286194,17.2961025238037,0.));
#8918=IFCVERTEXPOINT(#8917);
#8919=IFCCARTESIANPOINT((-2.74673104286194,17.5961017608643,-4.));
#8920=IFCDIRECTION((0.,-0.0747897591048505,0.997199324073697));
#8921=IFCVECTOR(#8920,1.);
#8922=IFCLINE(#8919,#8921);
#8923=IFCEDGECURVE(#8916,#8918,#8922,.T.);
#8924=IFCORIENTEDEDGE(*,*,#8923,.T.);
#8925=IFCEDGELOOP((#8904,#8914,#8924));
#8926=IFCFACEOUTERBOUND(#8925,.T.);
#8927=IFCCARTESIANPOINT((-2.74673104286194,17.5182934098576,-1.92780873247641));
#8928=IFCDIRECTION((-1.,-0.,-0.));
#8929=IFCDIRECTION((0.,0.,-1.));
#8930=IFCAXIS2PLACEMENT3D(#8927,#8928,#8929);
#8931=IFCPLANE(#8930);
#8932=IFCADVANCEDFACE((#8926),#8931,.T.);
#8933=IFCCARTESIANPOINT((-2.74673104286194,17.2961025238037,0.));
#8934=IFCVERTEXPOINT(#8933);
#8935=IFCCARTESIANPOINT((-2.74673104286194,17.5961017608643,-4.));
#8936=IFCVERTEXPOINT(#8935);
#8937=IFCCARTESIANPOINT((-2.74673104286194,17.2961025238037,0.));
#8938=IFCDIRECTION((0.,0.0747897591048505,-0.997199324073697));
#8939=IFCVECTOR(#8938,1.);
#8940=IFCLINE(#8937,#8939);
#8941=IFCEDGECURVE(#8934,#8936,#8940,.T.);
#8942=IFCORIENTEDEDGE(*,*,#8941,.T.);
#8943=IFCCARTESIANPOINT((-2.74673104286194,17.5961017608643,-4.));
#8944=IFCVERTEXPOINT(#8943);
#8945=IFCCARTESIANPOINT((-2.74673104286194,17.2961025238037,-4.));
#8946=IFCVERTEXPOINT(#8945);
#8947=IFCCARTESIANPOINT((-2.74673104286194,17.5961017608643,-4.));
#8948=IFCDIRECTION((0.,-1.,0.));
#8949=IFCVECTOR(#8948,1.);
#8950=IFCLINE(#8947,#8949);
#8951=IFCEDGECURVE(#8944,#8946,#8950,.T.);
#8952=IFCORIENTEDEDGE(*,*,#8951,.T.);
#8953=IFCCARTESIANPOINT((-2.74673104286194,17.2961025238037,-4.));
#8954=IFCVERTEXPOINT(#8953);
#8955=IFCCARTESIANPOINT((-2.74673104286194,17.2961025238037,0.));
#8956=IFCVERTEXPOINT(#8955);
#8957=IFCCARTESIANPOINT((-2.74673104286194,17.2961025238037,-4.));
#8958=IFCDIRECTION((0.,0.,1.));
#8959=IFCVECTOR(#8958,1.);
#8960=IFCLINE(#8957,#8959);
#8961=IFCEDGECURVE(#8954,#8956,#8960,.T.);
#8962=IFCORIENTEDEDGE(*,*,#8961,.T.);
#8963=IFCEDGELOOP((#8942,#8952,#8962));
#8964=IFCFACEOUTERBOUND(#8963,.T.);
#8965=IFCCARTESIANPOINT((-2.74673104286194,17.3739108748104,-2.07219126752359));
#8966=IFCDIRECTION((-1.,-0.,-0.));
#8967=IFCDIRECTION((0.,0.,-1.));
#8968=IFCAXIS2PLACEMENT3D(#8965,#8966,#8967);
#8969=IFCPLANE(#8968);
#8970=IFCADVANCEDFACE((#8964),#8969,.T.);
#8971=IFCCARTESIANPOINT((-2.74673104286194,17.2961025238037,-4.));
#8972=IFCVERTEXPOINT(#8971);
#8973=IFCCARTESIANPOINT((-2.74673104286194,17.5961017608643,-4.));
#8974=IFCVERTEXPOINT(#8973);
#8975=IFCCARTESIANPOINT((-2.74673104286194,17.2961025238037,-4.));
#8976=IFCDIRECTION((0.,1.,0.));
#8977=IFCVECTOR(#8976,1.);
#8978=IFCLINE(#8975,#8977);
#8979=IFCEDGECURVE(#8972,#8974,#8978,.T.);
#8980=IFCORIENTEDEDGE(*,*,#8979,.T.);
#8981=IFCCARTESIANPOINT((-2.74673104286194,17.5961017608643,-4.));
#8982=IFCVERTEXPOINT(#8981);
#8983=IFCCARTESIANPOINT((6.25326919555664,17.5961017608643,-4.));
#8984=IFCVERTEXPOINT(#8983);
#8985=IFCCARTESIANPOINT((-2.74673104286194,17.5961017608643,-4.));
#8986=IFCDIRECTION((1.,0.,0.));
#8987=IFCVECTOR(#8986,1.);
#8988=IFCLINE(#8985,#8987);
#8989=IFCEDGECURVE(#8982,#8984,#8988,.T.);
#8990=IFCORIENTEDEDGE(*,*,#8989,.T.);
#8991=IFCCARTESIANPOINT((6.25326919555664,17.5961017608643,-4.));
#8992=IFCVERTEXPOINT(#8991);
#8993=IFCCARTESIANPOINT((-2.74673104286194,17.2961025238037,-4.));
#8994=IFCVERTEXPOINT(#8993);
#8995=IFCCARTESIANPOINT((6.25326919555664,17.5961017608643,-4.));
#8996=IFCDIRECTION((-0.999444909829535,-0.033314744721117,0.));
#8997=IFCVECTOR(#8996,1.);
#8998=IFCLINE(#8995,#8997);
#8999=IFCEDGECURVE(#8992,#8994,#8998,.T.);
#9000=IFCORIENTEDEDGE(*,*,#8999,.T.);
#9001=IFCEDGELOOP((#8980,#8990,#9000));
#9002=IFCFACEOUTERBOUND(#9001,.T.);
#9003=IFCCARTESIANPOINT((1.67951891366538,17.519852305016,-4.));
#9004=IFCDIRECTION((-0.,-0.,-1.));
#9005=IFCDIRECTION((-1.,0.,0.));
#9006=IFCAXIS2PLACEMENT3D(#9003,#9004,#9005);
#9007=IFCPLANE(#9006);
#9008=IFCADVANCEDFACE((#9002),#9007,.T.);
#9009=IFCCARTESIANPOINT((-2.74673104286194,17.2961025238037,-4.));
#9010=IFCVERTEXPOINT(#9009);
#9011=IFCCARTESIANPOINT((6.25326919555664,17.5961017608643,-4.));
#9012=IFCVERTEXPOINT(#9011);
#9013=IFCCARTESIANPOINT((-2.74673104286194,17.2961025238037,-4.));
#9014=IFCDIRECTION((0.999444909829535,0.033314744721117,0.));
#9015=IFCVECTOR(#9014,1.);
#9016=IFCLINE(#9013,#9015);
#9017=IFCEDGECURVE(#9010,#9012,#9016,.T.);
#9018=IFCORIENTEDEDGE(*,*,#9017,.T.);
#9019=IFCCARTESIANPOINT((6.25326919555664,17.5961017608643,-4.));
#9020=IFCVERTEXPOINT(#9019);
#9021=IFCCARTESIANPOINT((6.25326919555664,17.2961025238037,-4.));
#9022=IFCVERTEXPOINT(#9021);
#9023=IFCCARTESIANPOINT((6.25326919555664,17.5961017608643,-4.));
#9024=IFCDIRECTION((0.,-1.,0.));
#9025=IFCVECTOR(#9024,1.);
#9026=IFCLINE(#9023,#9025);
#9027=IFCEDGECURVE(#9020,#9022,#9026,.T.);
#9028=IFCORIENTEDEDGE(*,*,#9027,.T.);
#9029=IFCCARTESIANPOINT((6.25326919555664,17.2961025238037,-4.));
#9030=IFCVERTEXPOINT(#9029);
#9031=IFCCARTESIANPOINT((-2.74673104286194,17.2961025238037,-4.));
#9032=IFCVERTEXPOINT(#9031);
#9033=IFCCARTESIANPOINT((6.25326919555664,17.2961025238037,-4.));
#9034=IFCDIRECTION((-1.,0.,0.));
#9035=IFCVECTOR(#9034,1.);
#9036=IFCLINE(#9033,#9035);
#9037=IFCEDGECURVE(#9030,#9032,#9036,.T.);
#9038=IFCORIENTEDEDGE(*,*,#9037,.T.);
#9039=IFCEDGELOOP((#9018,#9028,#9038));
#9040=IFCFACEOUTERBOUND(#9039,.T.);
#9041=IFCCARTESIANPOINT((1.82701923902932,17.372351979652,-4.));
#9042=IFCDIRECTION((-0.,-0.,-1.));
#9043=IFCDIRECTION((-1.,0.,0.));
#9044=IFCAXIS2PLACEMENT3D(#9041,#9042,#9043);
#9045=IFCPLANE(#9044);
#9046=IFCADVANCEDFACE((#9040),#9045,.T.);
#9047=IFCCARTESIANPOINT((6.25326919555664,17.2961025238037,-4.));
#9048=IFCVERTEXPOINT(#9047);
#9049=IFCCARTESIANPOINT((6.25326919555664,17.5961017608643,-4.));
#9050=IFCVERTEXPOINT(#9049);
#9051=IFCCARTESIANPOINT((6.25326919555664,17.2961025238037,-4.));
#9052=IFCDIRECTION((0.,1.,0.));
#9053=IFCVECTOR(#9052,1.);
#9054=IFCLINE(#9051,#9053);
#9055=IFCEDGECURVE(#9048,#9050,#9054,.T.);
#9056=IFCORIENTEDEDGE(*,*,#9055,.T.);
#9057=IFCCARTESIANPOINT((6.25326919555664,17.5961017608643,-4.));
#9058=IFCVERTEXPOINT(#9057);
#9059=IFCCARTESIANPOINT((6.25326919555664,17.5961017608643,0.));
#9060=IFCVERTEXPOINT(#9059);
#9061=IFCCARTESIANPOINT((6.25326919555664,17.5961017608643,-4.));
#9062=IFCDIRECTION((0.,0.,1.));
#9063=IFCVECTOR(#9062,1.);
#9064=IFCLINE(#9061,#9063);
#9065=IFCEDGECURVE(#9058,#9060,#9064,.T.);
#9066=IFCORIENTEDEDGE(*,*,#9065,.T.);
#9067=IFCCARTESIANPOINT((6.25326919555664,17.5961017608643,0.));
#9068=IFCVERTEXPOINT(#9067);
#9069=IFCCARTESIANPOINT((6.25326919555664,17.2961025238037,-4.));
#9070=IFCVERTEXPOINT(#9069);
#9071=IFCCARTESIANPOINT((6.25326919555664,17.5961017608643,0.));
#9072=IFCDIRECTION((0.,-0.0747897591048505,-0.997199324073697));
#9073=IFCVECTOR(#9072,1.);
#9074=IFCLINE(#9071,#9073);
#9075=IFCEDGECURVE(#9068,#9070,#9074,.T.);
#9076=IFCORIENTEDEDGE(*,*,#9075,.T.);
#9077=IFCEDGELOOP((#9056,#9066,#9076));
#9078=IFCFACEOUTERBOUND(#9077,.T.);
#9079=IFCCARTESIANPOINT((6.25326919555664,17.5182934098576,-2.07219126752359));
#9080=IFCDIRECTION((1.,-8.48239868569079E-29,3.23269407554556E-30));
#9081=IFCDIRECTION((8.48239868569079E-29,1.,0.));
#9082=IFCAXIS2PLACEMENT3D(#9079,#9080,#9081);
#9083=IFCPLANE(#9082);
#9084=IFCADVANCEDFACE((#9078),#9083,.T.);
#9085=IFCCARTESIANPOINT((6.25326919555664,17.2961025238037,-4.));
#9086=IFCVERTEXPOINT(#9085);
#9087=IFCCARTESIANPOINT((6.25326919555664,17.5961017608643,0.));
#9088=IFCVERTEXPOINT(#9087);
#9089=IFCCARTESIANPOINT((6.25326919555664,17.2961025238037,-4.));
#9090=IFCDIRECTION((0.,0.0747897591048505,0.997199324073697));
#9091=IFCVECTOR(#9090,1.);
#9092=IFCLINE(#9089,#9091);
#9093=IFCEDGECURVE(#9086,#9088,#9092,.T.);
#9094=IFCORIENTEDEDGE(*,*,#9093,.T.);
#9095=IFCCARTESIANPOINT((6.25326919555664,17.5961017608643,0.));
#9096=IFCVERTEXPOINT(#9095);
#9097=IFCCARTESIANPOINT((6.25326919555664,17.2961025238037,0.));
#9098=IFCVERTEXPOINT(#9097);
#9099=IFCCARTESIANPOINT((6.25326919555664,17.5961017608643,0.));
#9100=IFCDIRECTION((0.,-1.,0.));
#9101=IFCVECTOR(#9100,1.);
#9102=IFCLINE(#9099,#9101);
#9103=IFCEDGECURVE(#9096,#9098,#9102,.T.);
#9104=IFCORIENTEDEDGE(*,*,#9103,.T.);
#9105=IFCCARTESIANPOINT((6.25326919555664,17.2961025238037,0.));
#9106=IFCVERTEXPOINT(#9105);
#9107=IFCCARTESIANPOINT((6.25326919555664,17.2961025238037,-4.));
#9108=IFCVERTEXPOINT(#9107);
#9109=IFCCARTESIANPOINT((6.25326919555664,17.2961025238037,0.));
#9110=IFCDIRECTION((0.,0.,-1.));
#9111=IFCVECTOR(#9110,1.);
#9112=IFCLINE(#9109,#9111);
#9113=IFCEDGECURVE(#9106,#9108,#9112,.T.);
#9114=IFCORIENTEDEDGE(*,*,#9113,.T.);
#9115=IFCEDGELOOP((#9094,#9104,#9114));
#9116=IFCFACEOUTERBOUND(#9115,.T.);
#9117=IFCCARTESIANPOINT((6.25326919555664,17.3739108748104,-1.92780873247641));
#9118=IFCDIRECTION((1.,8.45173672421105E-29,-3.19735442657228E-30));
#9119=IFCDIRECTION((-8.45173672421105E-29,1.,0.));
#9120=IFCAXIS2PLACEMENT3D(#9117,#9118,#9119);
#9121=IFCPLANE(#9120);
#9122=IFCADVANCEDFACE((#9116),#9121,.T.);
#9123=IFCCARTESIANPOINT((-1.5967310667038,17.2961025238037,-1.49500012397766));
#9124=IFCVERTEXPOINT(#9123);
#9125=IFCCARTESIANPOINT((-1.5967310667038,17.5961017608643,-1.49500012397766));
#9126=IFCVERTEXPOINT(#9125);
#9127=IFCCARTESIANPOINT((-1.5967310667038,17.2961025238037,-1.49500012397766));
#9128=IFCDIRECTION((0.,1.,0.));
#9129=IFCVECTOR(#9128,1.);
#9130=IFCLINE(#9127,#9129);
#9131=IFCEDGECURVE(#9124,#9126,#9130,.T.);
#9132=IFCORIENTEDEDGE(*,*,#9131,.T.);
#9133=IFCCARTESIANPOINT((-1.5967310667038,17.5961017608643,-1.49500012397766));
#9134=IFCVERTEXPOINT(#9133);
#9135=IFCCARTESIANPOINT((-0.58673083782196,17.5961017608643,-1.49500012397766));
#9136=IFCVERTEXPOINT(#9135);
#9137=IFCCARTESIANPOINT((-1.5967310667038,17.5961017608643,-1.49500012397766));
#9138=IFCDIRECTION((1.,0.,0.));
#9139=IFCVECTOR(#9138,1.);
#9140=IFCLINE(#9137,#9139);
#9141=IFCEDGECURVE(#9134,#9136,#9140,.T.);
#9142=IFCORIENTEDEDGE(*,*,#9141,.T.);
#9143=IFCCARTESIANPOINT((-0.58673083782196,17.5961017608643,-1.49500012397766));
#9144=IFCVERTEXPOINT(#9143);
#9145=IFCCARTESIANPOINT((-1.5967310667038,17.2961025238037,-1.49500012397766));
#9146=IFCVERTEXPOINT(#9145);
#9147=IFCCARTESIANPOINT((-0.58673083782196,17.5961017608643,-1.49500012397766));
#9148=IFCDIRECTION((-0.958606611472714,-0.284733848428321,0.));
#9149=IFCVECTOR(#9148,1.);
#9150=IFCLINE(#9147,#9149);
#9151=IFCEDGECURVE(#9144,#9146,#9150,.T.);
#9152=IFCORIENTEDEDGE(*,*,#9151,.T.);
#9153=IFCEDGELOOP((#9132,#9142,#9152));
#9154=IFCFACEOUTERBOUND(#9153,.T.);
#9155=IFCCARTESIANPOINT((-1.15582761017625,17.5101988002474,-1.49500012397766));
#9156=IFCDIRECTION((4.69505486704556E-30,-3.11041732633398E-29,-1.));
#9157=IFCDIRECTION((0.,-1.,3.11041732633398E-29));
#9158=IFCAXIS2PLACEMENT3D(#9155,#9156,#9157);
#9159=IFCPLANE(#9158);
#9160=IFCADVANCEDFACE((#9154),#9159,.T.);
#9161=IFCCARTESIANPOINT((-1.5967310667038,17.2961025238037,-1.49500012397766));
#9162=IFCVERTEXPOINT(#9161);
#9163=IFCCARTESIANPOINT((-0.58673083782196,17.5961017608643,-1.49500012397766));
#9164=IFCVERTEXPOINT(#9163);
#9165=IFCCARTESIANPOINT((-1.5967310667038,17.2961025238037,-1.49500012397766));
#9166=IFCDIRECTION((0.958606611472714,0.284733848428321,0.));
#9167=IFCVECTOR(#9166,1.);
#9168=IFCLINE(#9165,#9167);
#9169=IFCEDGECURVE(#9162,#9164,#9168,.T.);
#9170=IFCORIENTEDEDGE(*,*,#9169,.T.);
#9171=IFCCARTESIANPOINT((-0.58673083782196,17.5961017608643,-1.49500012397766));
#9172=IFCVERTEXPOINT(#9171);
#9173=IFCCARTESIANPOINT((-0.58673083782196,17.2961025238037,-1.49500012397766));
#9174=IFCVERTEXPOINT(#9173);
#9175=IFCCARTESIANPOINT((-0.58673083782196,17.5961017608643,-1.49500012397766));
#9176=IFCDIRECTION((0.,-1.,0.));
#9177=IFCVECTOR(#9176,1.);
#9178=IFCLINE(#9175,#9177);
#9179=IFCEDGECURVE(#9172,#9174,#9178,.T.);
#9180=IFCORIENTEDEDGE(*,*,#9179,.T.);
#9181=IFCCARTESIANPOINT((-0.58673083782196,17.2961025238037,-1.49500012397766));
#9182=IFCVERTEXPOINT(#9181);
#9183=IFCCARTESIANPOINT((-1.5967310667038,17.2961025238037,-1.49500012397766));
#9184=IFCVERTEXPOINT(#9183);
#9185=IFCCARTESIANPOINT((-0.58673083782196,17.2961025238037,-1.49500012397766));
#9186=IFCDIRECTION((-1.,0.,0.));
#9187=IFCVECTOR(#9186,1.);
#9188=IFCLINE(#9185,#9187);
#9189=IFCEDGECURVE(#9182,#9184,#9188,.T.);
#9190=IFCORIENTEDEDGE(*,*,#9189,.T.);
#9191=IFCEDGELOOP((#9170,#9180,#9190));
#9192=IFCFACEOUTERBOUND(#9191,.T.);
#9193=IFCCARTESIANPOINT((-1.02763429434951,17.3820054844206,-1.49500012397766));
#9194=IFCDIRECTION((4.71141394323735E-30,-3.1212550173665E-29,-1.));
#9195=IFCDIRECTION((0.,-1.,3.1212550173665E-29));
#9196=IFCAXIS2PLACEMENT3D(#9193,#9194,#9195);
#9197=IFCPLANE(#9196);
#9198=IFCADVANCEDFACE((#9192),#9197,.T.);
#9199=IFCCARTESIANPOINT((-0.58673083782196,17.2961025238037,-1.49500012397766));
#9200=IFCVERTEXPOINT(#9199);
#9201=IFCCARTESIANPOINT((-0.58673083782196,17.5961017608643,-1.49500012397766));
#9202=IFCVERTEXPOINT(#9201);
#9203=IFCCARTESIANPOINT((-0.58673083782196,17.2961025238037,-1.49500012397766));
#9204=IFCDIRECTION((0.,1.,0.));
#9205=IFCVECTOR(#9204,1.);
#9206=IFCLINE(#9203,#9205);
#9207=IFCEDGECURVE(#9200,#9202,#9206,.T.);
#9208=IFCORIENTEDEDGE(*,*,#9207,.T.);
#9209=IFCCARTESIANPOINT((-0.58673083782196,17.5961017608643,-1.49500012397766));
#9210=IFCVERTEXPOINT(#9209);
#9211=IFCCARTESIANPOINT((-0.58673083782196,17.5961017608643,-2.50500011444092));
#9212=IFCVERTEXPOINT(#9211);
#9213=IFCCARTESIANPOINT((-0.58673083782196,17.5961017608643,-1.49500012397766));
#9214=IFCDIRECTION((0.,0.,-1.));
#9215=IFCVECTOR(#9214,1.);
#9216=IFCLINE(#9213,#9215);
#9217=IFCEDGECURVE(#9210,#9212,#9216,.T.);
#9218=IFCORIENTEDEDGE(*,*,#9217,.T.);
#9219=IFCCARTESIANPOINT((-0.58673083782196,17.5961017608643,-2.50500011444092));
#9220=IFCVERTEXPOINT(#9219);
#9221=IFCCARTESIANPOINT((-0.58673083782196,17.2961025238037,-1.49500012397766));
#9222=IFCVERTEXPOINT(#9221);
#9223=IFCCARTESIANPOINT((-0.58673083782196,17.5961017608643,-2.50500011444092));
#9224=IFCDIRECTION((0.,-0.284733910192781,0.958606593126883));
#9225=IFCVECTOR(#9224,1.);
#9226=IFCLINE(#9223,#9225);
#9227=IFCEDGECURVE(#9220,#9222,#9226,.T.);
#9228=IFCORIENTEDEDGE(*,*,#9227,.T.);
#9229=IFCEDGELOOP((#9208,#9218,#9228));
#9230=IFCFACEOUTERBOUND(#9229,.T.);
#9231=IFCCARTESIANPOINT((-0.58673083782196,17.5101987977801,-1.93590346376316));
#9232=IFCDIRECTION((-1.,-0.,-0.));
#9233=IFCDIRECTION((0.,0.,-1.));
#9234=IFCAXIS2PLACEMENT3D(#9231,#9232,#9233);
#9235=IFCPLANE(#9234);
#9236=IFCADVANCEDFACE((#9230),#9235,.T.);
#9237=IFCCARTESIANPOINT((-0.58673083782196,17.2961025238037,-1.49500012397766));
#9238=IFCVERTEXPOINT(#9237);
#9239=IFCCARTESIANPOINT((-0.58673083782196,17.5961017608643,-2.50500011444092));
#9240=IFCVERTEXPOINT(#9239);
#9241=IFCCARTESIANPOINT((-0.58673083782196,17.2961025238037,-1.49500012397766));
#9242=IFCDIRECTION((0.,0.284733910192781,-0.958606593126883));
#9243=IFCVECTOR(#9242,1.);
#9244=IFCLINE(#9241,#9243);
#9245=IFCEDGECURVE(#9238,#9240,#9244,.T.);
#9246=IFCORIENTEDEDGE(*,*,#9245,.T.);
#9247=IFCCARTESIANPOINT((-0.58673083782196,17.5961017608643,-2.50500011444092));
#9248=IFCVERTEXPOINT(#9247);
#9249=IFCCARTESIANPOINT((-0.58673083782196,17.2961025238037,-2.50500011444092));
#9250=IFCVERTEXPOINT(#9249);
#9251=IFCCARTESIANPOINT((-0.58673083782196,17.5961017608643,-2.50500011444092));
#9252=IFCDIRECTION((0.,-1.,0.));
#9253=IFCVECTOR(#9252,1.);
#9254=IFCLINE(#9251,#9253);
#9255=IFCEDGECURVE(#9248,#9250,#9254,.T.);
#9256=IFCORIENTEDEDGE(*,*,#9255,.T.);
#9257=IFCCARTESIANPOINT((-0.58673083782196,17.2961025238037,-2.50500011444092));
#9258=IFCVERTEXPOINT(#9257);
#9259=IFCCARTESIANPOINT((-0.58673083782196,17.2961025238037,-1.49500012397766));
#9260=IFCVERTEXPOINT(#9259);
#9261=IFCCARTESIANPOINT((-0.58673083782196,17.2961025238037,-2.50500011444092));
#9262=IFCDIRECTION((0.,0.,1.));
#9263=IFCVECTOR(#9262,1.);
#9264=IFCLINE(#9261,#9263);
#9265=IFCEDGECURVE(#9258,#9260,#9264,.T.);
#9266=IFCORIENTEDEDGE(*,*,#9265,.T.);
#9267=IFCEDGELOOP((#9246,#9256,#9266));
#9268=IFCFACEOUTERBOUND(#9267,.T.);
#9269=IFCCARTESIANPOINT((-0.58673083782196,17.3820054868879,-2.06409677465542));
#9270=IFCDIRECTION((-1.,-0.,-0.));
#9271=IFCDIRECTION((0.,0.,-1.));
#9272=IFCAXIS2PLACEMENT3D(#9269,#9270,#9271);
#9273=IFCPLANE(#9272);
#9274=IFCADVANCEDFACE((#9268),#9273,.T.);
#9275=IFCCARTESIANPOINT((-0.58673083782196,17.2961025238037,-2.50500011444092));
#9276=IFCVERTEXPOINT(#9275);
#9277=IFCCARTESIANPOINT((-0.58673083782196,17.5961017608643,-2.50500011444092));
#9278=IFCVERTEXPOINT(#9277);
#9279=IFCCARTESIANPOINT((-0.58673083782196,17.2961025238037,-2.50500011444092));
#9280=IFCDIRECTION((0.,1.,0.));
#9281=IFCVECTOR(#9280,1.);
#9282=IFCLINE(#9279,#9281);
#9283=IFCEDGECURVE(#9276,#9278,#9282,.T.);
#9284=IFCORIENTEDEDGE(*,*,#9283,.T.);
#9285=IFCCARTESIANPOINT((-0.58673083782196,17.5961017608643,-2.50500011444092));
#9286=IFCVERTEXPOINT(#9285);
#9287=IFCCARTESIANPOINT((-1.5967310667038,17.5961017608643,-2.50500011444092));
#9288=IFCVERTEXPOINT(#9287);
#9289=IFCCARTESIANPOINT((-0.58673083782196,17.5961017608643,-2.50500011444092));
#9290=IFCDIRECTION((-1.,0.,0.));
#9291=IFCVECTOR(#9290,1.);
#9292=IFCLINE(#9289,#9291);
#9293=IFCEDGECURVE(#9286,#9288,#9292,.T.);
#9294=IFCORIENTEDEDGE(*,*,#9293,.T.);
#9295=IFCCARTESIANPOINT((-1.5967310667038,17.5961017608643,-2.50500011444092));
#9296=IFCVERTEXPOINT(#9295);
#9297=IFCCARTESIANPOINT((-0.58673083782196,17.2961025238037,-2.50500011444092));
#9298=IFCVERTEXPOINT(#9297);
#9299=IFCCARTESIANPOINT((-1.5967310667038,17.5961017608643,-2.50500011444092));
#9300=IFCDIRECTION((0.958606611472714,-0.284733848428321,0.));
#9301=IFCVECTOR(#9300,1.);
#9302=IFCLINE(#9299,#9301);
#9303=IFCEDGECURVE(#9296,#9298,#9302,.T.);
#9304=IFCORIENTEDEDGE(*,*,#9303,.T.);
#9305=IFCEDGELOOP((#9284,#9294,#9304));
#9306=IFCFACEOUTERBOUND(#9305,.T.);
#9307=IFCCARTESIANPOINT((-1.02763429434951,17.5101988002474,-2.50500011444092));
#9308=IFCDIRECTION((0.,0.,1.));
#9309=IFCDIRECTION((1.,0.,-0.));
#9310=IFCAXIS2PLACEMENT3D(#9307,#9308,#9309);
#9311=IFCPLANE(#9310);
#9312=IFCADVANCEDFACE((#9306),#9311,.T.);
#9313=IFCCARTESIANPOINT((-0.58673083782196,17.2961025238037,-2.50500011444092));
#9314=IFCVERTEXPOINT(#9313);
#9315=IFCCARTESIANPOINT((-1.5967310667038,17.5961017608643,-2.50500011444092));
#9316=IFCVERTEXPOINT(#9315);
#9317=IFCCARTESIANPOINT((-0.58673083782196,17.2961025238037,-2.50500011444092));
#9318=IFCDIRECTION((-0.958606611472714,0.284733848428321,0.));
#9319=IFCVECTOR(#9318,1.);
#9320=IFCLINE(#9317,#9319);
#9321=IFCEDGECURVE(#9314,#9316,#9320,.T.);
#9322=IFCORIENTEDEDGE(*,*,#9321,.T.);
#9323=IFCCARTESIANPOINT((-1.5967310667038,17.5961017608643,-2.50500011444092));
#9324=IFCVERTEXPOINT(#9323);
#9325=IFCCARTESIANPOINT((-1.5967310667038,17.2961025238037,-2.50500011444092));
#9326=IFCVERTEXPOINT(#9325);
#9327=IFCCARTESIANPOINT((-1.5967310667038,17.5961017608643,-2.50500011444092));
#9328=IFCDIRECTION((0.,-1.,0.));
#9329=IFCVECTOR(#9328,1.);
#9330=IFCLINE(#9327,#9329);
#9331=IFCEDGECURVE(#9324,#9326,#9330,.T.);
#9332=IFCORIENTEDEDGE(*,*,#9331,.T.);
#9333=IFCCARTESIANPOINT((-1.5967310667038,17.2961025238037,-2.50500011444092));
#9334=IFCVERTEXPOINT(#9333);
#9335=IFCCARTESIANPOINT((-0.58673083782196,17.2961025238037,-2.50500011444092));
#9336=IFCVERTEXPOINT(#9335);
#9337=IFCCARTESIANPOINT((-1.5967310667038,17.2961025238037,-2.50500011444092));
#9338=IFCDIRECTION((1.,0.,0.));
#9339=IFCVECTOR(#9338,1.);
#9340=IFCLINE(#9337,#9339);
#9341=IFCEDGECURVE(#9334,#9336,#9340,.T.);
#9342=IFCORIENTEDEDGE(*,*,#9341,.T.);
#9343=IFCEDGELOOP((#9322,#9332,#9342));
#9344=IFCFACEOUTERBOUND(#9343,.T.);
#9345=IFCCARTESIANPOINT((-1.15582761017625,17.3820054844206,-2.50500011444092));
#9346=IFCDIRECTION((0.,0.,1.));
#9347=IFCDIRECTION((1.,0.,-0.));
#9348=IFCAXIS2PLACEMENT3D(#9345,#9346,#9347);
#9349=IFCPLANE(#9348);
#9350=IFCADVANCEDFACE((#9344),#9349,.T.);
#9351=IFCCARTESIANPOINT((-1.5967310667038,17.2961025238037,-2.50500011444092));
#9352=IFCVERTEXPOINT(#9351);
#9353=IFCCARTESIANPOINT((-1.5967310667038,17.5961017608643,-2.50500011444092));
#9354=IFCVERTEXPOINT(#9353);
#9355=IFCCARTESIANPOINT((-1.5967310667038,17.2961025238037,-2.50500011444092));
#9356=IFCDIRECTION((0.,1.,0.));
#9357=IFCVECTOR(#9356,1.);
#9358=IFCLINE(#9355,#9357);
#9359=IFCEDGECURVE(#9352,#9354,#9358,.T.);
#9360=IFCORIENTEDEDGE(*,*,#9359,.T.);
#9361=IFCCARTESIANPOINT((-1.5967310667038,17.5961017608643,-2.50500011444092));
#9362=IFCVERTEXPOINT(#9361);
#9363=IFCCARTESIANPOINT((-1.5967310667038,17.5961017608643,-1.49500012397766));
#9364=IFCVERTEXPOINT(#9363);
#9365=IFCCARTESIANPOINT((-1.5967310667038,17.5961017608643,-2.50500011444092));
#9366=IFCDIRECTION((0.,0.,1.));
#9367=IFCVECTOR(#9366,1.);
#9368=IFCLINE(#9365,#9367);
#9369=IFCEDGECURVE(#9362,#9364,#9368,.T.);
#9370=IFCORIENTEDEDGE(*,*,#9369,.T.);
#9371=IFCCARTESIANPOINT((-1.5967310667038,17.5961017608643,-1.49500012397766));
#9372=IFCVERTEXPOINT(#9371);
#9373=IFCCARTESIANPOINT((-1.5967310667038,17.2961025238037,-2.50500011444092));
#9374=IFCVERTEXPOINT(#9373);
#9375=IFCCARTESIANPOINT((-1.5967310667038,17.5961017608643,-1.49500012397766));
#9376=IFCDIRECTION((0.,-0.284733910192781,-0.958606593126883));
#9377=IFCVECTOR(#9376,1.);
#9378=IFCLINE(#9375,#9377);
#9379=IFCEDGECURVE(#9372,#9374,#9378,.T.);
#9380=IFCORIENTEDEDGE(*,*,#9379,.T.);
#9381=IFCEDGELOOP((#9360,#9370,#9380));
#9382=IFCFACEOUTERBOUND(#9381,.T.);
#9383=IFCCARTESIANPOINT((-1.5967310667038,17.5101987977801,-2.06409677465542));
#9384=IFCDIRECTION((1.,0.,0.));
#9385=IFCDIRECTION((-0.,0.,1.));
#9386=IFCAXIS2PLACEMENT3D(#9383,#9384,#9385);
#9387=IFCPLANE(#9386);
#9388=IFCADVANCEDFACE((#9382),#9387,.T.);
#9389=IFCCARTESIANPOINT((-1.5967310667038,17.2961025238037,-2.50500011444092));
#9390=IFCVERTEXPOINT(#9389);
#9391=IFCCARTESIANPOINT((-1.5967310667038,17.5961017608643,-1.49500012397766));
#9392=IFCVERTEXPOINT(#9391);
#9393=IFCCARTESIANPOINT((-1.5967310667038,17.2961025238037,-2.50500011444092));
#9394=IFCDIRECTION((0.,0.284733910192781,0.958606593126883));
#9395=IFCVECTOR(#9394,1.);
#9396=IFCLINE(#9393,#9395);
#9397=IFCEDGECURVE(#9390,#9392,#9396,.T.);
#9398=IFCORIENTEDEDGE(*,*,#9397,.T.);
#9399=IFCCARTESIANPOINT((-1.5967310667038,17.5961017608643,-1.49500012397766));
#9400=IFCVERTEXPOINT(#9399);
#9401=IFCCARTESIANPOINT((-1.5967310667038,17.2961025238037,-1.49500012397766));
#9402=IFCVERTEXPOINT(#9401);
#9403=IFCCARTESIANPOINT((-1.5967310667038,17.5961017608643,-1.49500012397766));
#9404=IFCDIRECTION((0.,-1.,0.));
#9405=IFCVECTOR(#9404,1.);
#9406=IFCLINE(#9403,#9405);
#9407=IFCEDGECURVE(#9400,#9402,#9406,.T.);
#9408=IFCORIENTEDEDGE(*,*,#9407,.T.);
#9409=IFCCARTESIANPOINT((-1.5967310667038,17.2961025238037,-1.49500012397766));
#9410=IFCVERTEXPOINT(#9409);
#9411=IFCCARTESIANPOINT((-1.5967310667038,17.2961025238037,-2.50500011444092));
#9412=IFCVERTEXPOINT(#9411);
#9413=IFCCARTESIANPOINT((-1.5967310667038,17.2961025238037,-1.49500012397766));
#9414=IFCDIRECTION((0.,0.,-1.));
#9415=IFCVECTOR(#9414,1.);
#9416=IFCLINE(#9413,#9415);
#9417=IFCEDGECURVE(#9410,#9412,#9416,.T.);
#9418=IFCORIENTEDEDGE(*,*,#9417,.T.);
#9419=IFCEDGELOOP((#9398,#9408,#9418));
#9420=IFCFACEOUTERBOUND(#9419,.T.);
#9421=IFCCARTESIANPOINT((-1.5967310667038,17.3820054868879,-1.93590346376316));
#9422=IFCDIRECTION((1.,0.,0.));
#9423=IFCDIRECTION((-0.,0.,1.));
#9424=IFCAXIS2PLACEMENT3D(#9421,#9422,#9423);
#9425=IFCPLANE(#9424);
#9426=IFCADVANCEDFACE((#9420),#9425,.T.);
#9427=IFCCLOSEDSHELL((#6728,#6766,#6804,#6842,#6880,#6918,#6956,#6994,#7032,#7070,#7108,#7146,#7184,#7222,#7260,#7298,#7336,#7374,#7412,#7450,#7488,#7526,#7564,#7602,#7640,#7678,#7716,#7754,#7792,#7830,#7868,#7906,#7944,#7982,#8020,#8058,#8096,#8134,#8172,#8210,#8248,#8286,#8324,#8362,#8400,#8438,#8476,#8514,#8552,#8590,#8628,#8666,#8704,#8742,#8780,#8818,#8856,#8894,#8932,#8970,#9008,#9046,#9084,#9122,#9160,#9198,#9236,#9274,#9312,#9350,#9388,#9426));
#9428=IFCADVANCEDBREP(#9427);
#9429=IFCSTYLEDITEM(#9428,(#555),$);
#9430=IFCSHAPEREPRESENTATION(#557,'Body','AdvancedBrep',(#9428));
#9431=IFCPRODUCTDEFINITIONSHAPE($,$,(#9430));
#9432=IFCBUILDINGELEMENTPROXY('3zCuVjBnH6XuB8peJwsmGW',$,'Surface 4','',$,#42,#9431,$,$);
#9433=IFCRELASSOCIATESMATERIAL('0QDkX$ubP7dekyhSZrMG5T',$,$,$,(#9432),#45);

/* Surface 11 */
#9434=IFCCARTESIANPOINT((6.25326919555664,11.2961025238037,-8.));
#9435=IFCVERTEXPOINT(#9434);
#9436=IFCCARTESIANPOINT((6.25326919555664,11.2961025238037,-4.));
#9437=IFCVERTEXPOINT(#9436);
#9438=IFCCARTESIANPOINT((6.25326919555664,11.2961025238037,-8.));
#9439=IFCDIRECTION((0.,0.,1.));
#9440=IFCVECTOR(#9439,1.);
#9441=IFCLINE(#9438,#9440);
#9442=IFCEDGECURVE(#9435,#9437,#9441,.T.);
#9443=IFCORIENTEDEDGE(*,*,#9442,.T.);
#9444=IFCCARTESIANPOINT((6.25326919555664,11.2961025238037,-4.));
#9445=IFCVERTEXPOINT(#9444);
#9446=IFCCARTESIANPOINT((0.603268980979919,11.2961025238037,-4.));
#9447=IFCVERTEXPOINT(#9446);
#9448=IFCCARTESIANPOINT((6.25326919555664,11.2961025238037,-4.));
#9449=IFCDIRECTION((-1.,0.,0.));
#9450=IFCVECTOR(#9449,1.);
#9451=IFCLINE(#9448,#9450);
#9452=IFCEDGECURVE(#9445,#9447,#9451,.T.);
#9453=IFCORIENTEDEDGE(*,*,#9452,.T.);
#9454=IFCCARTESIANPOINT((0.603268980979919,11.2961025238037,-4.));
#9455=IFCVERTEXPOINT(#9454);
#9456=IFCCARTESIANPOINT((6.25326919555664,11.2961025238037,-8.));
#9457=IFCVERTEXPOINT(#9456);
#9458=IFCCARTESIANPOINT((0.603268980979919,11.2961025238037,-4.));
#9459=IFCDIRECTION((0.816166416088032,0.,-0.577816909799304));
#9460=IFCVECTOR(#9459,1.);
#9461=IFCLINE(#9458,#9460);
#9462=IFCEDGECURVE(#9455,#9457,#9461,.T.);
#9463=IFCORIENTEDEDGE(*,*,#9462,.T.);
#9464=IFCEDGELOOP((#9443,#9453,#9463));
#9465=IFCFACEOUTERBOUND(#9464,.T.);
#9466=IFCCARTESIANPOINT((4.11011712560623,11.2961025238037,-5.31815196266205));
#9467=IFCDIRECTION((-0.,-1.,-0.));
#9468=IFCDIRECTION((0.,0.,-1.));
#9469=IFCAXIS2PLACEMENT3D(#9466,#9467,#9468);
#9470=IFCPLANE(#9469);
#9471=IFCADVANCEDFACE((#9465),#9470,.T.);
#9472=IFCCARTESIANPOINT((6.25326919555664,11.2961025238037,-8.));
#9473=IFCVERTEXPOINT(#9472);
#9474=IFCCARTESIANPOINT((0.603268980979919,11.2961025238037,-4.));
#9475=IFCVERTEXPOINT(#9474);
#9476=IFCCARTESIANPOINT((6.25326919555664,11.2961025238037,-8.));
#9477=IFCDIRECTION((-0.816166416088032,0.,0.577816909799304));
#9478=IFCVECTOR(#9477,1.);
#9479=IFCLINE(#9476,#9478);
#9480=IFCEDGECURVE(#9473,#9475,#9479,.T.);
#9481=IFCORIENTEDEDGE(*,*,#9480,.T.);
#9482=IFCCARTESIANPOINT((0.603268980979919,11.2961025238037,-4.));
#9483=IFCVERTEXPOINT(#9482);
#9484=IFCCARTESIANPOINT((0.603268980979919,11.2961025238037,-8.));
#9485=IFCVERTEXPOINT(#9484);
#9486=IFCCARTESIANPOINT((0.603268980979919,11.2961025238037,-4.));
#9487=IFCDIRECTION((0.,0.,-1.));
#9488=IFCVECTOR(#9487,1.);
#9489=IFCLINE(#9486,#9488);
#9490=IFCEDGECURVE(#9483,#9485,#9489,.T.);
#9491=IFCORIENTEDEDGE(*,*,#9490,.T.);
#9492=IFCCARTESIANPOINT((0.603268980979919,11.2961025238037,-8.));
#9493=IFCVERTEXPOINT(#9492);
#9494=IFCCARTESIANPOINT((6.25326919555664,11.2961025238037,-8.));
#9495=IFCVERTEXPOINT(#9494);
#9496=IFCCARTESIANPOINT((0.603268980979919,11.2961025238037,-8.));
#9497=IFCDIRECTION((1.,0.,0.));
#9498=IFCVECTOR(#9497,1.);
#9499=IFCLINE(#9496,#9498);
#9500=IFCEDGECURVE(#9493,#9495,#9499,.T.);
#9501=IFCORIENTEDEDGE(*,*,#9500,.T.);
#9502=IFCEDGELOOP((#9481,#9491,#9501));
#9503=IFCFACEOUTERBOUND(#9502,.T.);
#9504=IFCCARTESIANPOINT((2.74642105093033,11.2961025238037,-6.68184803733795));
#9505=IFCDIRECTION((-0.,-1.,-0.));
#9506=IFCDIRECTION((0.,0.,-1.));
#9507=IFCAXIS2PLACEMENT3D(#9504,#9505,#9506);
#9508=IFCPLANE(#9507);
#9509=IFCADVANCEDFACE((#9503),#9508,.T.);
#9510=IFCCARTESIANPOINT((6.25326919555664,11.5961017608643,-8.));
#9511=IFCVERTEXPOINT(#9510);
#9512=IFCCARTESIANPOINT((0.603268980979919,11.5961017608643,-8.));
#9513=IFCVERTEXPOINT(#9512);
#9514=IFCCARTESIANPOINT((6.25326919555664,11.5961017608643,-8.));
#9515=IFCDIRECTION((-1.,0.,0.));
#9516=IFCVECTOR(#9515,1.);
#9517=IFCLINE(#9514,#9516);
#9518=IFCEDGECURVE(#9511,#9513,#9517,.T.);
#9519=IFCORIENTEDEDGE(*,*,#9518,.T.);
#9520=IFCCARTESIANPOINT((0.603268980979919,11.5961017608643,-8.));
#9521=IFCVERTEXPOINT(#9520);
#9522=IFCCARTESIANPOINT((0.603268980979919,11.5961017608643,-4.));
#9523=IFCVERTEXPOINT(#9522);
#9524=IFCCARTESIANPOINT((0.603268980979919,11.5961017608643,-8.));
#9525=IFCDIRECTION((0.,0.,1.));
#9526=IFCVECTOR(#9525,1.);
#9527=IFCLINE(#9524,#9526);
#9528=IFCEDGECURVE(#9521,#9523,#9527,.T.);
#9529=IFCORIENTEDEDGE(*,*,#9528,.T.);
#9530=IFCCARTESIANPOINT((0.603268980979919,11.5961017608643,-4.));
#9531=IFCVERTEXPOINT(#9530);
#9532=IFCCARTESIANPOINT((6.25326919555664,11.5961017608643,-8.));
#9533=IFCVERTEXPOINT(#9532);
#9534=IFCCARTESIANPOINT((0.603268980979919,11.5961017608643,-4.));
#9535=IFCDIRECTION((0.816166416088032,0.,-0.577816909799304));
#9536=IFCVECTOR(#9535,1.);
#9537=IFCLINE(#9534,#9536);
#9538=IFCEDGECURVE(#9531,#9533,#9537,.T.);
#9539=IFCORIENTEDEDGE(*,*,#9538,.T.);
#9540=IFCEDGELOOP((#9519,#9529,#9539));
#9541=IFCFACEOUTERBOUND(#9540,.T.);
#9542=IFCCARTESIANPOINT((2.74642105093033,11.5961017608643,-6.68184803733795));
#9543=IFCDIRECTION((0.,1.,0.));
#9544=IFCDIRECTION((0.,-0.,1.));
#9545=IFCAXIS2PLACEMENT3D(#9542,#9543,#9544);
#9546=IFCPLANE(#9545);
#9547=IFCADVANCEDFACE((#9541),#9546,.T.);
#9548=IFCCARTESIANPOINT((6.25326919555664,11.5961017608643,-8.));
#9549=IFCVERTEXPOINT(#9548);
#9550=IFCCARTESIANPOINT((0.603268980979919,11.5961017608643,-4.));
#9551=IFCVERTEXPOINT(#9550);
#9552=IFCCARTESIANPOINT((6.25326919555664,11.5961017608643,-8.));
#9553=IFCDIRECTION((-0.816166416088032,0.,0.577816909799304));
#9554=IFCVECTOR(#9553,1.);
#9555=IFCLINE(#9552,#9554);
#9556=IFCEDGECURVE(#9549,#9551,#9555,.T.);
#9557=IFCORIENTEDEDGE(*,*,#9556,.T.);
#9558=IFCCARTESIANPOINT((0.603268980979919,11.5961017608643,-4.));
#9559=IFCVERTEXPOINT(#9558);
#9560=IFCCARTESIANPOINT((6.25326919555664,11.5961017608643,-4.));
#9561=IFCVERTEXPOINT(#9560);
#9562=IFCCARTESIANPOINT((0.603268980979919,11.5961017608643,-4.));
#9563=IFCDIRECTION((1.,0.,0.));
#9564=IFCVECTOR(#9563,1.);
#9565=IFCLINE(#9562,#9564);
#9566=IFCEDGECURVE(#9559,#9561,#9565,.T.);
#9567=IFCORIENTEDEDGE(*,*,#9566,.T.);
#9568=IFCCARTESIANPOINT((6.25326919555664,11.5961017608643,-4.));
#9569=IFCVERTEXPOINT(#9568);
#9570=IFCCARTESIANPOINT((6.25326919555664,11.5961017608643,-8.));
#9571=IFCVERTEXPOINT(#9570);
#9572=IFCCARTESIANPOINT((6.25326919555664,11.5961017608643,-4.));
#9573=IFCDIRECTION((0.,0.,-1.));
#9574=IFCVECTOR(#9573,1.);
#9575=IFCLINE(#9572,#9574);
#9576=IFCEDGECURVE(#9569,#9571,#9575,.T.);
#9577=IFCORIENTEDEDGE(*,*,#9576,.T.);
#9578=IFCEDGELOOP((#9557,#9567,#9577));
#9579=IFCFACEOUTERBOUND(#9578,.T.);
#9580=IFCCARTESIANPOINT((4.11011712560623,11.5961017608643,-5.31815196266205));
#9581=IFCDIRECTION((-1.12883873474385E-31,1.,4.96113458955722E-32));
#9582=IFCDIRECTION((1.,1.12883873474385E-31,0.));
#9583=IFCAXIS2PLACEMENT3D(#9580,#9581,#9582);
#9584=IFCPLANE(#9583);
#9585=IFCADVANCEDFACE((#9579),#9584,.T.);
#9586=IFCCARTESIANPOINT((6.25326919555664,11.2961025238037,-8.));
#9587=IFCVERTEXPOINT(#9586);
#9588=IFCCARTESIANPOINT((6.25326919555664,11.5961017608643,-8.));
#9589=IFCVERTEXPOINT(#9588);
#9590=IFCCARTESIANPOINT((6.25326919555664,11.2961025238037,-8.));
#9591=IFCDIRECTION((0.,1.,0.));
#9592=IFCVECTOR(#9591,1.);
#9593=IFCLINE(#9590,#9592);
#9594=IFCEDGECURVE(#9587,#9589,#9593,.T.);
#9595=IFCORIENTEDEDGE(*,*,#9594,.T.);
#9596=IFCCARTESIANPOINT((6.25326919555664,11.5961017608643,-8.));
#9597=IFCVERTEXPOINT(#9596);
#9598=IFCCARTESIANPOINT((6.25326919555664,11.5961017608643,-4.));
#9599=IFCVERTEXPOINT(#9598);
#9600=IFCCARTESIANPOINT((6.25326919555664,11.5961017608643,-8.));
#9601=IFCDIRECTION((0.,0.,1.));
#9602=IFCVECTOR(#9601,1.);
#9603=IFCLINE(#9600,#9602);
#9604=IFCEDGECURVE(#9597,#9599,#9603,.T.);
#9605=IFCORIENTEDEDGE(*,*,#9604,.T.);
#9606=IFCCARTESIANPOINT((6.25326919555664,11.5961017608643,-4.));
#9607=IFCVERTEXPOINT(#9606);
#9608=IFCCARTESIANPOINT((6.25326919555664,11.2961025238037,-8.));
#9609=IFCVERTEXPOINT(#9608);
#9610=IFCCARTESIANPOINT((6.25326919555664,11.5961017608643,-4.));
#9611=IFCDIRECTION((0.,-0.0747897591048505,-0.997199324073697));
#9612=IFCVECTOR(#9611,1.);
#9613=IFCLINE(#9610,#9612);
#9614=IFCEDGECURVE(#9607,#9609,#9613,.T.);
#9615=IFCORIENTEDEDGE(*,*,#9614,.T.);
#9616=IFCEDGELOOP((#9595,#9605,#9615));
#9617=IFCFACEOUTERBOUND(#9616,.T.);
#9618=IFCCARTESIANPOINT((6.25326919555664,11.5182934098576,-6.07219126752359));
#9619=IFCDIRECTION((1.,-8.72769437752878E-29,3.51541126733182E-30));
#9620=IFCDIRECTION((8.72769437752878E-29,1.,0.));
#9621=IFCAXIS2PLACEMENT3D(#9618,#9619,#9620);
#9622=IFCPLANE(#9621);
#9623=IFCADVANCEDFACE((#9617),#9622,.T.);
#9624=IFCCARTESIANPOINT((6.25326919555664,11.2961025238037,-8.));
#9625=IFCVERTEXPOINT(#9624);
#9626=IFCCARTESIANPOINT((6.25326919555664,11.5961017608643,-4.));
#9627=IFCVERTEXPOINT(#9626);
#9628=IFCCARTESIANPOINT((6.25326919555664,11.2961025238037,-8.));
#9629=IFCDIRECTION((0.,0.0747897591048505,0.997199324073697));
#9630=IFCVECTOR(#9629,1.);
#9631=IFCLINE(#9628,#9630);
#9632=IFCEDGECURVE(#9625,#9627,#9631,.T.);
#9633=IFCORIENTEDEDGE(*,*,#9632,.T.);
#9634=IFCCARTESIANPOINT((6.25326919555664,11.5961017608643,-4.));
#9635=IFCVERTEXPOINT(#9634);
#9636=IFCCARTESIANPOINT((6.25326919555664,11.2961025238037,-4.));
#9637=IFCVERTEXPOINT(#9636);
#9638=IFCCARTESIANPOINT((6.25326919555664,11.5961017608643,-4.));
#9639=IFCDIRECTION((0.,-1.,0.));
#9640=IFCVECTOR(#9639,1.);
#9641=IFCLINE(#9638,#9640);
#9642=IFCEDGECURVE(#9635,#9637,#9641,.T.);
#9643=IFCORIENTEDEDGE(*,*,#9642,.T.);
#9644=IFCCARTESIANPOINT((6.25326919555664,11.2961025238037,-4.));
#9645=IFCVERTEXPOINT(#9644);
#9646=IFCCARTESIANPOINT((6.25326919555664,11.2961025238037,-8.));
#9647=IFCVERTEXPOINT(#9646);
#9648=IFCCARTESIANPOINT((6.25326919555664,11.2961025238037,-4.));
#9649=IFCDIRECTION((0.,0.,-1.));
#9650=IFCVECTOR(#9649,1.);
#9651=IFCLINE(#9648,#9650);
#9652=IFCEDGECURVE(#9645,#9647,#9651,.T.);
#9653=IFCORIENTEDEDGE(*,*,#9652,.T.);
#9654=IFCEDGELOOP((#9633,#9643,#9653));
#9655=IFCFACEOUTERBOUND(#9654,.T.);
#9656=IFCCARTESIANPOINT((6.25326919555664,11.3739108748104,-5.92780873247641));
#9657=IFCDIRECTION((1.,-1.8812409880375E-28,7.20679785640717E-30));
#9658=IFCDIRECTION((1.8812409880375E-28,1.,0.));
#9659=IFCAXIS2PLACEMENT3D(#9656,#9657,#9658);
#9660=IFCPLANE(#9659);
#9661=IFCADVANCEDFACE((#9655),#9660,.T.);
#9662=IFCCARTESIANPOINT((6.25326919555664,11.2961025238037,-4.));
#9663=IFCVERTEXPOINT(#9662);
#9664=IFCCARTESIANPOINT((6.25326919555664,11.5961017608643,-4.));
#9665=IFCVERTEXPOINT(#9664);
#9666=IFCCARTESIANPOINT((6.25326919555664,11.2961025238037,-4.));
#9667=IFCDIRECTION((0.,1.,0.));
#9668=IFCVECTOR(#9667,1.);
#9669=IFCLINE(#9666,#9668);
#9670=IFCEDGECURVE(#9663,#9665,#9669,.T.);
#9671=IFCORIENTEDEDGE(*,*,#9670,.T.);
#9672=IFCCARTESIANPOINT((6.25326919555664,11.5961017608643,-4.));
#9673=IFCVERTEXPOINT(#9672);
#9674=IFCCARTESIANPOINT((0.603268980979919,11.5961017608643,-4.));
#9675=IFCVERTEXPOINT(#9674);
#9676=IFCCARTESIANPOINT((6.25326919555664,11.5961017608643,-4.));
#9677=IFCDIRECTION((-1.,0.,0.));
#9678=IFCVECTOR(#9677,1.);
#9679=IFCLINE(#9676,#9678);
#9680=IFCEDGECURVE(#9673,#9675,#9679,.T.);
#9681=IFCORIENTEDEDGE(*,*,#9680,.T.);
#9682=IFCCARTESIANPOINT((0.603268980979919,11.5961017608643,-4.));
#9683=IFCVERTEXPOINT(#9682);
#9684=IFCCARTESIANPOINT((6.25326919555664,11.2961025238037,-4.));
#9685=IFCVERTEXPOINT(#9684);
#9686=IFCCARTESIANPOINT((0.603268980979919,11.5961017608643,-4.));
#9687=IFCDIRECTION((0.998593316959451,-0.0530225171405661,0.));
#9688=IFCVECTOR(#9687,1.);
#9689=IFCLINE(#9686,#9688);
#9690=IFCEDGECURVE(#9683,#9685,#9689,.T.);
#9691=IFCORIENTEDEDGE(*,*,#9690,.T.);
#9692=IFCEDGELOOP((#9671,#9681,#9691));
#9693=IFCFACEOUTERBOUND(#9692,.T.);
#9694=IFCCARTESIANPOINT((3.50127915873135,11.5191122127971,-4.));
#9695=IFCDIRECTION((0.,0.,1.));
#9696=IFCDIRECTION((1.,0.,-0.));
#9697=IFCAXIS2PLACEMENT3D(#9694,#9695,#9696);
#9698=IFCPLANE(#9697);
#9699=IFCADVANCEDFACE((#9693),#9698,.T.);
#9700=IFCCARTESIANPOINT((6.25326919555664,11.2961025238037,-4.));
#9701=IFCVERTEXPOINT(#9700);
#9702=IFCCARTESIANPOINT((0.603268980979919,11.5961017608643,-4.));
#9703=IFCVERTEXPOINT(#9702);
#9704=IFCCARTESIANPOINT((6.25326919555664,11.2961025238037,-4.));
#9705=IFCDIRECTION((-0.998593316959451,0.0530225171405661,0.));
#9706=IFCVECTOR(#9705,1.);
#9707=IFCLINE(#9704,#9706);
#9708=IFCEDGECURVE(#9701,#9703,#9707,.T.);
#9709=IFCORIENTEDEDGE(*,*,#9708,.T.);
#9710=IFCCARTESIANPOINT((0.603268980979919,11.5961017608643,-4.));
#9711=IFCVERTEXPOINT(#9710);
#9712=IFCCARTESIANPOINT((0.603268980979919,11.2961025238037,-4.));
#9713=IFCVERTEXPOINT(#9712);
#9714=IFCCARTESIANPOINT((0.603268980979919,11.5961017608643,-4.));
#9715=IFCDIRECTION((0.,-1.,0.));
#9716=IFCVECTOR(#9715,1.);
#9717=IFCLINE(#9714,#9716);
#9718=IFCEDGECURVE(#9711,#9713,#9717,.T.);
#9719=IFCORIENTEDEDGE(*,*,#9718,.T.);
#9720=IFCCARTESIANPOINT((0.603268980979919,11.2961025238037,-4.));
#9721=IFCVERTEXPOINT(#9720);
#9722=IFCCARTESIANPOINT((6.25326919555664,11.2961025238037,-4.));
#9723=IFCVERTEXPOINT(#9722);
#9724=IFCCARTESIANPOINT((0.603268980979919,11.2961025238037,-4.));
#9725=IFCDIRECTION((1.,0.,0.));
#9726=IFCVECTOR(#9725,1.);
#9727=IFCLINE(#9724,#9726);
#9728=IFCEDGECURVE(#9721,#9723,#9727,.T.);
#9729=IFCORIENTEDEDGE(*,*,#9728,.T.);
#9730=IFCEDGELOOP((#9709,#9719,#9729));
#9731=IFCFACEOUTERBOUND(#9730,.T.);
#9732=IFCCARTESIANPOINT((3.35525901780521,11.3730920718709,-4.));
#9733=IFCDIRECTION((0.,0.,1.));
#9734=IFCDIRECTION((1.,0.,-0.));
#9735=IFCAXIS2PLACEMENT3D(#9732,#9733,#9734);
#9736=IFCPLANE(#9735);
#9737=IFCADVANCEDFACE((#9731),#9736,.T.);
#9738=IFCCARTESIANPOINT((0.603268980979919,11.2961025238037,-4.));
#9739=IFCVERTEXPOINT(#9738);
#9740=IFCCARTESIANPOINT((0.603268980979919,11.5961017608643,-4.));
#9741=IFCVERTEXPOINT(#9740);
#9742=IFCCARTESIANPOINT((0.603268980979919,11.2961025238037,-4.));
#9743=IFCDIRECTION((0.,1.,0.));
#9744=IFCVECTOR(#9743,1.);
#9745=IFCLINE(#9742,#9744);
#9746=IFCEDGECURVE(#9739,#9741,#9745,.T.);
#9747=IFCORIENTEDEDGE(*,*,#9746,.T.);
#9748=IFCCARTESIANPOINT((0.603268980979919,11.5961017608643,-4.));
#9749=IFCVERTEXPOINT(#9748);
#9750=IFCCARTESIANPOINT((0.603268980979919,11.5961017608643,-8.));
#9751=IFCVERTEXPOINT(#9750);
#9752=IFCCARTESIANPOINT((0.603268980979919,11.5961017608643,-4.));
#9753=IFCDIRECTION((0.,0.,-1.));
#9754=IFCVECTOR(#9753,1.);
#9755=IFCLINE(#9752,#9754);
#9756=IFCEDGECURVE(#9749,#9751,#9755,.T.);
#9757=IFCORIENTEDEDGE(*,*,#9756,.T.);
#9758=IFCCARTESIANPOINT((0.603268980979919,11.5961017608643,-8.));
#9759=IFCVERTEXPOINT(#9758);
#9760=IFCCARTESIANPOINT((0.603268980979919,11.2961025238037,-4.));
#9761=IFCVERTEXPOINT(#9760);
#9762=IFCCARTESIANPOINT((0.603268980979919,11.5961017608643,-8.));
#9763=IFCDIRECTION((0.,-0.0747897591048505,0.997199324073697));
#9764=IFCVECTOR(#9763,1.);
#9765=IFCLINE(#9762,#9764);
#9766=IFCEDGECURVE(#9759,#9761,#9765,.T.);
#9767=IFCORIENTEDEDGE(*,*,#9766,.T.);
#9768=IFCEDGELOOP((#9747,#9757,#9767));
#9769=IFCFACEOUTERBOUND(#9768,.T.);
#9770=IFCCARTESIANPOINT((0.603268980979919,11.5182934098576,-5.92780873247641));
#9771=IFCDIRECTION((-1.,-0.,-0.));
#9772=IFCDIRECTION((0.,0.,-1.));
#9773=IFCAXIS2PLACEMENT3D(#9770,#9771,#9772);
#9774=IFCPLANE(#9773);
#9775=IFCADVANCEDFACE((#9769),#9774,.T.);
#9776=IFCCARTESIANPOINT((0.603268980979919,11.2961025238037,-4.));
#9777=IFCVERTEXPOINT(#9776);
#9778=IFCCARTESIANPOINT((0.603268980979919,11.5961017608643,-8.));
#9779=IFCVERTEXPOINT(#9778);
#9780=IFCCARTESIANPOINT((0.603268980979919,11.2961025238037,-4.));
#9781=IFCDIRECTION((0.,0.0747897591048505,-0.997199324073697));
#9782=IFCVECTOR(#9781,1.);
#9783=IFCLINE(#9780,#9782);
#9784=IFCEDGECURVE(#9777,#9779,#9783,.T.);
#9785=IFCORIENTEDEDGE(*,*,#9784,.T.);
#9786=IFCCARTESIANPOINT((0.603268980979919,11.5961017608643,-8.));
#9787=IFCVERTEXPOINT(#9786);
#9788=IFCCARTESIANPOINT((0.603268980979919,11.2961025238037,-8.));
#9789=IFCVERTEXPOINT(#9788);
#9790=IFCCARTESIANPOINT((0.603268980979919,11.5961017608643,-8.));
#9791=IFCDIRECTION((0.,-1.,0.));
#9792=IFCVECTOR(#9791,1.);
#9793=IFCLINE(#9790,#9792);
#9794=IFCEDGECURVE(#9787,#9789,#9793,.T.);
#9795=IFCORIENTEDEDGE(*,*,#9794,.T.);
#9796=IFCCARTESIANPOINT((0.603268980979919,11.2961025238037,-8.));
#9797=IFCVERTEXPOINT(#9796);
#9798=IFCCARTESIANPOINT((0.603268980979919,11.2961025238037,-4.));
#9799=IFCVERTEXPOINT(#9798);
#9800=IFCCARTESIANPOINT((0.603268980979919,11.2961025238037,-8.));
#9801=IFCDIRECTION((0.,0.,1.));
#9802=IFCVECTOR(#9801,1.);
#9803=IFCLINE(#9800,#9802);
#9804=IFCEDGECURVE(#9797,#9799,#9803,.T.);
#9805=IFCORIENTEDEDGE(*,*,#9804,.T.);
#9806=IFCEDGELOOP((#9785,#9795,#9805));
#9807=IFCFACEOUTERBOUND(#9806,.T.);
#9808=IFCCARTESIANPOINT((0.603268980979919,11.3739108748104,-6.07219126752359));
#9809=IFCDIRECTION((-1.,-0.,-0.));
#9810=IFCDIRECTION((0.,0.,-1.));
#9811=IFCAXIS2PLACEMENT3D(#9808,#9809,#9810);
#9812=IFCPLANE(#9811);
#9813=IFCADVANCEDFACE((#9807),#9812,.T.);
#9814=IFCCARTESIANPOINT((0.603268980979919,11.2961025238037,-8.));
#9815=IFCVERTEXPOINT(#9814);
#9816=IFCCARTESIANPOINT((0.603268980979919,11.5961017608643,-8.));
#9817=IFCVERTEXPOINT(#9816);
#9818=IFCCARTESIANPOINT((0.603268980979919,11.2961025238037,-8.));
#9819=IFCDIRECTION((0.,1.,0.));
#9820=IFCVECTOR(#9819,1.);
#9821=IFCLINE(#9818,#9820);
#9822=IFCEDGECURVE(#9815,#9817,#9821,.T.);
#9823=IFCORIENTEDEDGE(*,*,#9822,.T.);
#9824=IFCCARTESIANPOINT((0.603268980979919,11.5961017608643,-8.));
#9825=IFCVERTEXPOINT(#9824);
#9826=IFCCARTESIANPOINT((6.25326919555664,11.5961017608643,-8.));
#9827=IFCVERTEXPOINT(#9826);
#9828=IFCCARTESIANPOINT((0.603268980979919,11.5961017608643,-8.));
#9829=IFCDIRECTION((1.,0.,0.));
#9830=IFCVECTOR(#9829,1.);
#9831=IFCLINE(#9828,#9830);
#9832=IFCEDGECURVE(#9825,#9827,#9831,.T.);
#9833=IFCORIENTEDEDGE(*,*,#9832,.T.);
#9834=IFCCARTESIANPOINT((6.25326919555664,11.5961017608643,-8.));
#9835=IFCVERTEXPOINT(#9834);
#9836=IFCCARTESIANPOINT((0.603268980979919,11.2961025238037,-8.));
#9837=IFCVERTEXPOINT(#9836);
#9838=IFCCARTESIANPOINT((6.25326919555664,11.5961017608643,-8.));
#9839=IFCDIRECTION((-0.998593316959451,-0.0530225171405661,0.));
#9840=IFCVECTOR(#9839,1.);
#9841=IFCLINE(#9838,#9840);
#9842=IFCEDGECURVE(#9835,#9837,#9841,.T.);
#9843=IFCORIENTEDEDGE(*,*,#9842,.T.);
#9844=IFCEDGELOOP((#9823,#9833,#9843));
#9845=IFCFACEOUTERBOUND(#9844,.T.);
#9846=IFCCARTESIANPOINT((3.35525901780521,11.5191122127971,-8.));
#9847=IFCDIRECTION((-0.,-0.,-1.));
#9848=IFCDIRECTION((-1.,0.,0.));
#9849=IFCAXIS2PLACEMENT3D(#9846,#9847,#9848);
#9850=IFCPLANE(#9849);
#9851=IFCADVANCEDFACE((#9845),#9850,.T.);
#9852=IFCCARTESIANPOINT((0.603268980979919,11.2961025238037,-8.));
#9853=IFCVERTEXPOINT(#9852);
#9854=IFCCARTESIANPOINT((6.25326919555664,11.5961017608643,-8.));
#9855=IFCVERTEXPOINT(#9854);
#9856=IFCCARTESIANPOINT((0.603268980979919,11.2961025238037,-8.));
#9857=IFCDIRECTION((0.998593316959451,0.0530225171405661,0.));
#9858=IFCVECTOR(#9857,1.);
#9859=IFCLINE(#9856,#9858);
#9860=IFCEDGECURVE(#9853,#9855,#9859,.T.);
#9861=IFCORIENTEDEDGE(*,*,#9860,.T.);
#9862=IFCCARTESIANPOINT((6.25326919555664,11.5961017608643,-8.));
#9863=IFCVERTEXPOINT(#9862);
#9864=IFCCARTESIANPOINT((6.25326919555664,11.2961025238037,-8.));
#9865=IFCVERTEXPOINT(#9864);
#9866=IFCCARTESIANPOINT((6.25326919555664,11.5961017608643,-8.));
#9867=IFCDIRECTION((0.,-1.,0.));
#9868=IFCVECTOR(#9867,1.);
#9869=IFCLINE(#9866,#9868);
#9870=IFCEDGECURVE(#9863,#9865,#9869,.T.);
#9871=IFCORIENTEDEDGE(*,*,#9870,.T.);
#9872=IFCCARTESIANPOINT((6.25326919555664,11.2961025238037,-8.));
#9873=IFCVERTEXPOINT(#9872);
#9874=IFCCARTESIANPOINT((0.603268980979919,11.2961025238037,-8.));
#9875=IFCVERTEXPOINT(#9874);
#9876=IFCCARTESIANPOINT((6.25326919555664,11.2961025238037,-8.));
#9877=IFCDIRECTION((-1.,0.,0.));
#9878=IFCVECTOR(#9877,1.);
#9879=IFCLINE(#9876,#9878);
#9880=IFCEDGECURVE(#9873,#9875,#9879,.T.);
#9881=IFCORIENTEDEDGE(*,*,#9880,.T.);
#9882=IFCEDGELOOP((#9861,#9871,#9881));
#9883=IFCFACEOUTERBOUND(#9882,.T.);
#9884=IFCCARTESIANPOINT((3.50127915873135,11.3730920718709,-8.));
#9885=IFCDIRECTION((-0.,-0.,-1.));
#9886=IFCDIRECTION((-1.,0.,0.));
#9887=IFCAXIS2PLACEMENT3D(#9884,#9885,#9886);
#9888=IFCPLANE(#9887);
#9889=IFCADVANCEDFACE((#9883),#9888,.T.);
#9890=IFCCLOSEDSHELL((#9471,#9509,#9547,#9585,#9623,#9661,#9699,#9737,#9775,#9813,#9851,#9889));
#9891=IFCADVANCEDBREP(#9890);
#9892=IFCSTYLEDITEM(#9891,(#555),$);
#9893=IFCSHAPEREPRESENTATION(#557,'Body','AdvancedBrep',(#9891));
#9894=IFCPRODUCTDEFINITIONSHAPE($,$,(#9893));
#9895=IFCBUILDINGELEMENTPROXY('31DKvWloP1OAy7hCvvJBCE',$,'Surface 11','',$,#42,#9894,$,$);
#9896=IFCRELASSOCIATESMATERIAL('3wzo3DjhLArhFXRxqyS2In',$,$,$,(#9895),#45);

/* Surface 9 */
#9897=IFCCARTESIANPOINT((6.40326929092407,17.446102142334,-8.));
#9898=IFCVERTEXPOINT(#9897);
#9899=IFCCARTESIANPOINT((6.40326929092407,17.446102142334,-4.));
#9900=IFCVERTEXPOINT(#9899);
#9901=IFCCARTESIANPOINT((6.40326929092407,17.446102142334,-8.));
#9902=IFCDIRECTION((0.,0.,1.));
#9903=IFCVECTOR(#9902,1.);
#9904=IFCLINE(#9901,#9903);
#9905=IFCEDGECURVE(#9898,#9900,#9904,.T.);
#9906=IFCORIENTEDEDGE(*,*,#9905,.T.);
#9907=IFCCARTESIANPOINT((6.40326929092407,17.446102142334,-4.));
#9908=IFCVERTEXPOINT(#9907);
#9909=IFCCARTESIANPOINT((6.40326929092407,11.446102142334,-4.));
#9910=IFCVERTEXPOINT(#9909);
#9911=IFCCARTESIANPOINT((6.40326929092407,17.446102142334,-4.));
#9912=IFCDIRECTION((0.,-1.,0.));
#9913=IFCVECTOR(#9912,1.);
#9914=IFCLINE(#9911,#9913);
#9915=IFCEDGECURVE(#9908,#9910,#9914,.T.);
#9916=IFCORIENTEDEDGE(*,*,#9915,.T.);
#9917=IFCCARTESIANPOINT((6.40326929092407,11.446102142334,-4.));
#9918=IFCVERTEXPOINT(#9917);
#9919=IFCCARTESIANPOINT((6.40326929092407,17.446102142334,-8.));
#9920=IFCVERTEXPOINT(#9919);
#9921=IFCCARTESIANPOINT((6.40326929092407,11.446102142334,-4.));
#9922=IFCDIRECTION((0.,0.832050294337844,-0.554700196225229));
#9923=IFCVECTOR(#9922,1.);
#9924=IFCLINE(#9921,#9923);
#9925=IFCEDGECURVE(#9918,#9920,#9924,.T.);
#9926=IFCORIENTEDEDGE(*,*,#9925,.T.);
#9927=IFCEDGELOOP((#9906,#9916,#9926));
#9928=IFCFACEOUTERBOUND(#9927,.T.);
#9929=IFCCARTESIANPOINT((6.40326929092407,15.143326504602,-5.30277563773199));
#9930=IFCDIRECTION((1.,-1.15767347734509E-31,2.77404258241892E-31));
#9931=IFCDIRECTION((-2.77404258241892E-31,0.,1.));
#9932=IFCAXIS2PLACEMENT3D(#9929,#9930,#9931);
#9933=IFCPLANE(#9932);
#9934=IFCADVANCEDFACE((#9928),#9933,.T.);
#9935=IFCCARTESIANPOINT((6.40326929092407,17.446102142334,-8.));
#9936=IFCVERTEXPOINT(#9935);
#9937=IFCCARTESIANPOINT((6.40326929092407,11.446102142334,-4.));
#9938=IFCVERTEXPOINT(#9937);
#9939=IFCCARTESIANPOINT((6.40326929092407,17.446102142334,-8.));
#9940=IFCDIRECTION((0.,-0.832050294337844,0.554700196225229));
#9941=IFCVECTOR(#9940,1.);
#9942=IFCLINE(#9939,#9941);
#9943=IFCEDGECURVE(#9936,#9938,#9942,.T.);
#9944=IFCORIENTEDEDGE(*,*,#9943,.T.);
#9945=IFCCARTESIANPOINT((6.40326929092407,11.446102142334,-4.));
#9946=IFCVERTEXPOINT(#9945);
#9947=IFCCARTESIANPOINT((6.40326929092407,11.446102142334,-8.));
#9948=IFCVERTEXPOINT(#9947);
#9949=IFCCARTESIANPOINT((6.40326929092407,11.446102142334,-4.));
#9950=IFCDIRECTION((0.,0.,-1.));
#9951=IFCVECTOR(#9950,1.);
#9952=IFCLINE(#9949,#9951);
#9953=IFCEDGECURVE(#9946,#9948,#9952,.T.);
#9954=IFCORIENTEDEDGE(*,*,#9953,.T.);
#9955=IFCCARTESIANPOINT((6.40326929092407,11.446102142334,-8.));
#9956=IFCVERTEXPOINT(#9955);
#9957=IFCCARTESIANPOINT((6.40326929092407,17.446102142334,-8.));
#9958=IFCVERTEXPOINT(#9957);
#9959=IFCCARTESIANPOINT((6.40326929092407,11.446102142334,-8.));
#9960=IFCDIRECTION((0.,1.,0.));
#9961=IFCVECTOR(#9960,1.);
#9962=IFCLINE(#9959,#9961);
#9963=IFCEDGECURVE(#9956,#9958,#9962,.T.);
#9964=IFCORIENTEDEDGE(*,*,#9963,.T.);
#9965=IFCEDGELOOP((#9944,#9954,#9964));
#9966=IFCFACEOUTERBOUND(#9965,.T.);
#9967=IFCCARTESIANPOINT((6.40326929092407,13.748877780066,-6.69722436226801));
#9968=IFCDIRECTION((1.,-7.5495941499095E-32,6.09005272635362E-33));
#9969=IFCDIRECTION((7.5495941499095E-32,1.,0.));
#9970=IFCAXIS2PLACEMENT3D(#9967,#9968,#9969);
#9971=IFCPLANE(#9970);
#9972=IFCADVANCEDFACE((#9966),#9971,.T.);
#9973=IFCCARTESIANPOINT((6.10326910018921,17.446102142334,-8.));
#9974=IFCVERTEXPOINT(#9973);
#9975=IFCCARTESIANPOINT((6.10326910018921,11.446102142334,-8.));
#9976=IFCVERTEXPOINT(#9975);
#9977=IFCCARTESIANPOINT((6.10326910018921,17.446102142334,-8.));
#9978=IFCDIRECTION((0.,-1.,0.));
#9979=IFCVECTOR(#9978,1.);
#9980=IFCLINE(#9977,#9979);
#9981=IFCEDGECURVE(#9974,#9976,#9980,.T.);
#9982=IFCORIENTEDEDGE(*,*,#9981,.T.);
#9983=IFCCARTESIANPOINT((6.10326910018921,11.446102142334,-8.));
#9984=IFCVERTEXPOINT(#9983);
#9985=IFCCARTESIANPOINT((6.10326910018921,11.446102142334,-4.));
#9986=IFCVERTEXPOINT(#9985);
#9987=IFCCARTESIANPOINT((6.10326910018921,11.446102142334,-8.));
#9988=IFCDIRECTION((0.,0.,1.));
#9989=IFCVECTOR(#9988,1.);
#9990=IFCLINE(#9987,#9989);
#9991=IFCEDGECURVE(#9984,#9986,#9990,.T.);
#9992=IFCORIENTEDEDGE(*,*,#9991,.T.);
#9993=IFCCARTESIANPOINT((6.10326910018921,11.446102142334,-4.));
#9994=IFCVERTEXPOINT(#9993);
#9995=IFCCARTESIANPOINT((6.10326910018921,17.446102142334,-8.));
#9996=IFCVERTEXPOINT(#9995);
#9997=IFCCARTESIANPOINT((6.10326910018921,11.446102142334,-4.));
#9998=IFCDIRECTION((0.,0.832050294337844,-0.554700196225229));
#9999=IFCVECTOR(#9998,1.);
#10000=IFCLINE(#9997,#9999);
#10001=IFCEDGECURVE(#9994,#9996,#10000,.T.);
#10002=IFCORIENTEDEDGE(*,*,#10001,.T.);
#10003=IFCEDGELOOP((#9982,#9992,#10002));
#10004=IFCFACEOUTERBOUND(#10003,.T.);
#10005=IFCCARTESIANPOINT((6.10326910018921,13.748877780066,-6.69722436226801));
#10006=IFCDIRECTION((-1.,-0.,-0.));
#10007=IFCDIRECTION((0.,0.,-1.));
#10008=IFCAXIS2PLACEMENT3D(#10005,#10006,#10007);
#10009=IFCPLANE(#10008);
#10010=IFCADVANCEDFACE((#10004),#10009,.T.);
#10011=IFCCARTESIANPOINT((6.10326910018921,17.446102142334,-8.));
#10012=IFCVERTEXPOINT(#10011);
#10013=IFCCARTESIANPOINT((6.10326910018921,11.446102142334,-4.));
#10014=IFCVERTEXPOINT(#10013);
#10015=IFCCARTESIANPOINT((6.10326910018921,17.446102142334,-8.));
#10016=IFCDIRECTION((0.,-0.832050294337844,0.554700196225229));
#10017=IFCVECTOR(#10016,1.);
#10018=IFCLINE(#10015,#10017);
#10019=IFCEDGECURVE(#10012,#10014,#10018,.T.);
#10020=IFCORIENTEDEDGE(*,*,#10019,.T.);
#10021=IFCCARTESIANPOINT((6.10326910018921,11.446102142334,-4.));
#10022=IFCVERTEXPOINT(#10021);
#10023=IFCCARTESIANPOINT((6.10326910018921,17.446102142334,-4.));
#10024=IFCVERTEXPOINT(#10023);
#10025=IFCCARTESIANPOINT((6.10326910018921,11.446102142334,-4.));
#10026=IFCDIRECTION((0.,1.,0.));
#10027=IFCVECTOR(#10026,1.);
#10028=IFCLINE(#10025,#10027);
#10029=IFCEDGECURVE(#10022,#10024,#10028,.T.);
#10030=IFCORIENTEDEDGE(*,*,#10029,.T.);
#10031=IFCCARTESIANPOINT((6.10326910018921,17.446102142334,-4.));
#10032=IFCVERTEXPOINT(#10031);
#10033=IFCCARTESIANPOINT((6.10326910018921,17.446102142334,-8.));
#10034=IFCVERTEXPOINT(#10033);
#10035=IFCCARTESIANPOINT((6.10326910018921,17.446102142334,-4.));
#10036=IFCDIRECTION((0.,0.,-1.));
#10037=IFCVECTOR(#10036,1.);
#10038=IFCLINE(#10035,#10037);
#10039=IFCEDGECURVE(#10032,#10034,#10038,.T.);
#10040=IFCORIENTEDEDGE(*,*,#10039,.T.);
#10041=IFCEDGELOOP((#10020,#10030,#10040));
#10042=IFCFACEOUTERBOUND(#10041,.T.);
#10043=IFCCARTESIANPOINT((6.10326910018921,15.143326504602,-5.30277563773199));
#10044=IFCDIRECTION((-1.,-0.,-0.));
#10045=IFCDIRECTION((0.,0.,-1.));
#10046=IFCAXIS2PLACEMENT3D(#10043,#10044,#10045);
#10047=IFCPLANE(#10046);
#10048=IFCADVANCEDFACE((#10042),#10047,.T.);
#10049=IFCCARTESIANPOINT((6.40326929092407,17.446102142334,-8.));
#10050=IFCVERTEXPOINT(#10049);
#10051=IFCCARTESIANPOINT((6.10326910018921,17.446102142334,-8.));
#10052=IFCVERTEXPOINT(#10051);
#10053=IFCCARTESIANPOINT((6.40326929092407,17.446102142334,-8.));
#10054=IFCDIRECTION((-1.,0.,0.));
#10055=IFCVECTOR(#10054,1.);
#10056=IFCLINE(#10053,#10055);
#10057=IFCEDGECURVE(#10050,#10052,#10056,.T.);
#10058=IFCORIENTEDEDGE(*,*,#10057,.T.);
#10059=IFCCARTESIANPOINT((6.10326910018921,17.446102142334,-8.));
#10060=IFCVERTEXPOINT(#10059);
#10061=IFCCARTESIANPOINT((6.10326910018921,17.446102142334,-4.));
#10062=IFCVERTEXPOINT(#10061);
#10063=IFCCARTESIANPOINT((6.10326910018921,17.446102142334,-8.));
#10064=IFCDIRECTION((0.,0.,1.));
#10065=IFCVECTOR(#10064,1.);
#10066=IFCLINE(#10063,#10065);
#10067=IFCEDGECURVE(#10060,#10062,#10066,.T.);
#10068=IFCORIENTEDEDGE(*,*,#10067,.T.);
#10069=IFCCARTESIANPOINT((6.10326910018921,17.446102142334,-4.));
#10070=IFCVERTEXPOINT(#10069);
#10071=IFCCARTESIANPOINT((6.40326929092407,17.446102142334,-8.));
#10072=IFCVERTEXPOINT(#10071);
#10073=IFCCARTESIANPOINT((6.10326910018921,17.446102142334,-4.));
#10074=IFCDIRECTION((0.0747899955258289,0.,-0.997199306342141));
#10075=IFCVECTOR(#10074,1.);
#10076=IFCLINE(#10073,#10075);
#10077=IFCEDGECURVE(#10070,#10072,#10076,.T.);
#10078=IFCORIENTEDEDGE(*,*,#10077,.T.);
#10079=IFCEDGELOOP((#10058,#10068,#10078));
#10080=IFCFACEOUTERBOUND(#10079,.T.);
#10081=IFCCARTESIANPOINT((6.18107770744577,17.446102142334,-6.07219148811087));
#10082=IFCDIRECTION((0.,1.,0.));
#10083=IFCDIRECTION((0.,-0.,1.));
#10084=IFCAXIS2PLACEMENT3D(#10081,#10082,#10083);
#10085=IFCPLANE(#10084);
#10086=IFCADVANCEDFACE((#10080),#10085,.T.);
#10087=IFCCARTESIANPOINT((6.40326929092407,17.446102142334,-8.));
#10088=IFCVERTEXPOINT(#10087);
#10089=IFCCARTESIANPOINT((6.10326910018921,17.446102142334,-4.));
#10090=IFCVERTEXPOINT(#10089);
#10091=IFCCARTESIANPOINT((6.40326929092407,17.446102142334,-8.));
#10092=IFCDIRECTION((-0.0747899955258289,0.,0.997199306342141));
#10093=IFCVECTOR(#10092,1.);
#10094=IFCLINE(#10091,#10093);
#10095=IFCEDGECURVE(#10088,#10090,#10094,.T.);
#10096=IFCORIENTEDEDGE(*,*,#10095,.T.);
#10097=IFCCARTESIANPOINT((6.10326910018921,17.446102142334,-4.));
#10098=IFCVERTEXPOINT(#10097);
#10099=IFCCARTESIANPOINT((6.40326929092407,17.446102142334,-4.));
#10100=IFCVERTEXPOINT(#10099);
#10101=IFCCARTESIANPOINT((6.10326910018921,17.446102142334,-4.));
#10102=IFCDIRECTION((1.,0.,0.));
#10103=IFCVECTOR(#10102,1.);
#10104=IFCLINE(#10101,#10103);
#10105=IFCEDGECURVE(#10098,#10100,#10104,.T.);
#10106=IFCORIENTEDEDGE(*,*,#10105,.T.);
#10107=IFCCARTESIANPOINT((6.40326929092407,17.446102142334,-4.));
#10108=IFCVERTEXPOINT(#10107);
#10109=IFCCARTESIANPOINT((6.40326929092407,17.446102142334,-8.));
#10110=IFCVERTEXPOINT(#10109);
#10111=IFCCARTESIANPOINT((6.40326929092407,17.446102142334,-4.));
#10112=IFCDIRECTION((0.,0.,-1.));
#10113=IFCVECTOR(#10112,1.);
#10114=IFCLINE(#10111,#10113);
#10115=IFCEDGECURVE(#10108,#10110,#10114,.T.);
#10116=IFCORIENTEDEDGE(*,*,#10115,.T.);
#10117=IFCEDGELOOP((#10096,#10106,#10116));
#10118=IFCFACEOUTERBOUND(#10117,.T.);
#10119=IFCCARTESIANPOINT((6.32546068366751,17.446102142334,-5.92780851188913));
#10120=IFCDIRECTION((0.,1.,0.));
#10121=IFCDIRECTION((0.,-0.,1.));
#10122=IFCAXIS2PLACEMENT3D(#10119,#10120,#10121);
#10123=IFCPLANE(#10122);
#10124=IFCADVANCEDFACE((#10118),#10123,.T.);
#10125=IFCCARTESIANPOINT((6.40326929092407,17.446102142334,-4.));
#10126=IFCVERTEXPOINT(#10125);
#10127=IFCCARTESIANPOINT((6.10326910018921,17.446102142334,-4.));
#10128=IFCVERTEXPOINT(#10127);
#10129=IFCCARTESIANPOINT((6.40326929092407,17.446102142334,-4.));
#10130=IFCDIRECTION((-1.,0.,0.));
#10131=IFCVECTOR(#10130,1.);
#10132=IFCLINE(#10129,#10131);
#10133=IFCEDGECURVE(#10126,#10128,#10132,.T.);
#10134=IFCORIENTEDEDGE(*,*,#10133,.T.);
#10135=IFCCARTESIANPOINT((6.10326910018921,17.446102142334,-4.));
#10136=IFCVERTEXPOINT(#10135);
#10137=IFCCARTESIANPOINT((6.10326910018921,11.446102142334,-4.));
#10138=IFCVERTEXPOINT(#10137);
#10139=IFCCARTESIANPOINT((6.10326910018921,17.446102142334,-4.));
#10140=IFCDIRECTION((0.,-1.,0.));
#10141=IFCVECTOR(#10140,1.);
#10142=IFCLINE(#10139,#10141);
#10143=IFCEDGECURVE(#10136,#10138,#10142,.T.);
#10144=IFCORIENTEDEDGE(*,*,#10143,.T.);
#10145=IFCCARTESIANPOINT((6.10326910018921,11.446102142334,-4.));
#10146=IFCVERTEXPOINT(#10145);
#10147=IFCCARTESIANPOINT((6.40326929092407,17.446102142334,-4.));
#10148=IFCVERTEXPOINT(#10147);
#10149=IFCCARTESIANPOINT((6.10326910018921,11.446102142334,-4.));
#10150=IFCDIRECTION((0.0499376486141982,0.998752337294329,0.));
#10151=IFCVECTOR(#10150,1.);
#10152=IFCLINE(#10149,#10151);
#10153=IFCEDGECURVE(#10146,#10148,#10152,.T.);
#10154=IFCORIENTEDEDGE(*,*,#10153,.T.);
#10155=IFCEDGELOOP((#10134,#10144,#10154));
#10156=IFCFACEOUTERBOUND(#10155,.T.);
#10157=IFCCARTESIANPOINT((6.18014297984169,14.5192283580489,-4.));
#10158=IFCDIRECTION((0.,0.,1.));
#10159=IFCDIRECTION((1.,0.,-0.));
#10160=IFCAXIS2PLACEMENT3D(#10157,#10158,#10159);
#10161=IFCPLANE(#10160);
#10162=IFCADVANCEDFACE((#10156),#10161,.T.);
#10163=IFCCARTESIANPOINT((6.40326929092407,17.446102142334,-4.));
#10164=IFCVERTEXPOINT(#10163);
#10165=IFCCARTESIANPOINT((6.10326910018921,11.446102142334,-4.));
#10166=IFCVERTEXPOINT(#10165);
#10167=IFCCARTESIANPOINT((6.40326929092407,17.446102142334,-4.));
#10168=IFCDIRECTION((-0.0499376486141982,-0.998752337294329,0.));
#10169=IFCVECTOR(#10168,1.);
#10170=IFCLINE(#10167,#10169);
#10171=IFCEDGECURVE(#10164,#10166,#10170,.T.);
#10172=IFCORIENTEDEDGE(*,*,#10171,.T.);
#10173=IFCCARTESIANPOINT((6.10326910018921,11.446102142334,-4.));
#10174=IFCVERTEXPOINT(#10173);
#10175=IFCCARTESIANPOINT((6.40326929092407,11.446102142334,-4.));
#10176=IFCVERTEXPOINT(#10175);
#10177=IFCCARTESIANPOINT((6.10326910018921,11.446102142334,-4.));
#10178=IFCDIRECTION((1.,0.,0.));
#10179=IFCVECTOR(#10178,1.);
#10180=IFCLINE(#10177,#10179);
#10181=IFCEDGECURVE(#10174,#10176,#10180,.T.);
#10182=IFCORIENTEDEDGE(*,*,#10181,.T.);
#10183=IFCCARTESIANPOINT((6.40326929092407,11.446102142334,-4.));
#10184=IFCVERTEXPOINT(#10183);
#10185=IFCCARTESIANPOINT((6.40326929092407,17.446102142334,-4.));
#10186=IFCVERTEXPOINT(#10185);
#10187=IFCCARTESIANPOINT((6.40326929092407,11.446102142334,-4.));
#10188=IFCDIRECTION((0.,1.,0.));
#10189=IFCVECTOR(#10188,1.);
#10190=IFCLINE(#10187,#10189);
#10191=IFCEDGECURVE(#10184,#10186,#10190,.T.);
#10192=IFCORIENTEDEDGE(*,*,#10191,.T.);
#10193=IFCEDGELOOP((#10172,#10182,#10192));
#10194=IFCFACEOUTERBOUND(#10193,.T.);
#10195=IFCCARTESIANPOINT((6.32639541127159,14.372975926619,-4.));
#10196=IFCDIRECTION((0.,0.,1.));
#10197=IFCDIRECTION((1.,0.,-0.));
#10198=IFCAXIS2PLACEMENT3D(#10195,#10196,#10197);
#10199=IFCPLANE(#10198);
#10200=IFCADVANCEDFACE((#10194),#10199,.T.);
#10201=IFCCARTESIANPOINT((6.40326929092407,11.446102142334,-4.));
#10202=IFCVERTEXPOINT(#10201);
#10203=IFCCARTESIANPOINT((6.10326910018921,11.446102142334,-4.));
#10204=IFCVERTEXPOINT(#10203);
#10205=IFCCARTESIANPOINT((6.40326929092407,11.446102142334,-4.));
#10206=IFCDIRECTION((-1.,0.,0.));
#10207=IFCVECTOR(#10206,1.);
#10208=IFCLINE(#10205,#10207);
#10209=IFCEDGECURVE(#10202,#10204,#10208,.T.);
#10210=IFCORIENTEDEDGE(*,*,#10209,.T.);
#10211=IFCCARTESIANPOINT((6.10326910018921,11.446102142334,-4.));
#10212=IFCVERTEXPOINT(#10211);
#10213=IFCCARTESIANPOINT((6.10326910018921,11.446102142334,-8.));
#10214=IFCVERTEXPOINT(#10213);
#10215=IFCCARTESIANPOINT((6.10326910018921,11.446102142334,-4.));
#10216=IFCDIRECTION((0.,0.,-1.));
#10217=IFCVECTOR(#10216,1.);
#10218=IFCLINE(#10215,#10217);
#10219=IFCEDGECURVE(#10212,#10214,#10218,.T.);
#10220=IFCORIENTEDEDGE(*,*,#10219,.T.);
#10221=IFCCARTESIANPOINT((6.10326910018921,11.446102142334,-8.));
#10222=IFCVERTEXPOINT(#10221);
#10223=IFCCARTESIANPOINT((6.40326929092407,11.446102142334,-4.));
#10224=IFCVERTEXPOINT(#10223);
#10225=IFCCARTESIANPOINT((6.10326910018921,11.446102142334,-8.));
#10226=IFCDIRECTION((0.0747899955258289,0.,0.997199306342141));
#10227=IFCVECTOR(#10226,1.);
#10228=IFCLINE(#10225,#10227);
#10229=IFCEDGECURVE(#10222,#10224,#10228,.T.);
#10230=IFCORIENTEDEDGE(*,*,#10229,.T.);
#10231=IFCEDGELOOP((#10210,#10220,#10230));
#10232=IFCFACEOUTERBOUND(#10231,.T.);
#10233=IFCCARTESIANPOINT((6.18107770744577,11.446102142334,-5.92780851188913));
#10234=IFCDIRECTION((-0.,-1.,-0.));
#10235=IFCDIRECTION((0.,0.,-1.));
#10236=IFCAXIS2PLACEMENT3D(#10233,#10234,#10235);
#10237=IFCPLANE(#10236);
#10238=IFCADVANCEDFACE((#10232),#10237,.T.);
#10239=IFCCARTESIANPOINT((6.40326929092407,11.446102142334,-4.));
#10240=IFCVERTEXPOINT(#10239);
#10241=IFCCARTESIANPOINT((6.10326910018921,11.446102142334,-8.));
#10242=IFCVERTEXPOINT(#10241);
#10243=IFCCARTESIANPOINT((6.40326929092407,11.446102142334,-4.));
#10244=IFCDIRECTION((-0.0747899955258289,0.,-0.997199306342141));
#10245=IFCVECTOR(#10244,1.);
#10246=IFCLINE(#10243,#10245);
#10247=IFCEDGECURVE(#10240,#10242,#10246,.T.);
#10248=IFCORIENTEDEDGE(*,*,#10247,.T.);
#10249=IFCCARTESIANPOINT((6.10326910018921,11.446102142334,-8.));
#10250=IFCVERTEXPOINT(#10249);
#10251=IFCCARTESIANPOINT((6.40326929092407,11.446102142334,-8.));
#10252=IFCVERTEXPOINT(#10251);
#10253=IFCCARTESIANPOINT((6.10326910018921,11.446102142334,-8.));
#10254=IFCDIRECTION((1.,0.,0.));
#10255=IFCVECTOR(#10254,1.);
#10256=IFCLINE(#10253,#10255);
#10257=IFCEDGECURVE(#10250,#10252,#10256,.T.);
#10258=IFCORIENTEDEDGE(*,*,#10257,.T.);
#10259=IFCCARTESIANPOINT((6.40326929092407,11.446102142334,-8.));
#10260=IFCVERTEXPOINT(#10259);
#10261=IFCCARTESIANPOINT((6.40326929092407,11.446102142334,-4.));
#10262=IFCVERTEXPOINT(#10261);
#10263=IFCCARTESIANPOINT((6.40326929092407,11.446102142334,-8.));
#10264=IFCDIRECTION((0.,0.,1.));
#10265=IFCVECTOR(#10264,1.);
#10266=IFCLINE(#10263,#10265);
#10267=IFCEDGECURVE(#10260,#10262,#10266,.T.);
#10268=IFCORIENTEDEDGE(*,*,#10267,.T.);
#10269=IFCEDGELOOP((#10248,#10258,#10268));
#10270=IFCFACEOUTERBOUND(#10269,.T.);
#10271=IFCCARTESIANPOINT((6.32546068366751,11.446102142334,-6.07219148811087));
#10272=IFCDIRECTION((-0.,-1.,-0.));
#10273=IFCDIRECTION((0.,0.,-1.));
#10274=IFCAXIS2PLACEMENT3D(#10271,#10272,#10273);
#10275=IFCPLANE(#10274);
#10276=IFCADVANCEDFACE((#10270),#10275,.T.);
#10277=IFCCARTESIANPOINT((6.40326929092407,11.446102142334,-8.));
#10278=IFCVERTEXPOINT(#10277);
#10279=IFCCARTESIANPOINT((6.10326910018921,11.446102142334,-8.));
#10280=IFCVERTEXPOINT(#10279);
#10281=IFCCARTESIANPOINT((6.40326929092407,11.446102142334,-8.));
#10282=IFCDIRECTION((-1.,0.,0.));
#10283=IFCVECTOR(#10282,1.);
#10284=IFCLINE(#10281,#10283);
#10285=IFCEDGECURVE(#10278,#10280,#10284,.T.);
#10286=IFCORIENTEDEDGE(*,*,#10285,.T.);
#10287=IFCCARTESIANPOINT((6.10326910018921,11.446102142334,-8.));
#10288=IFCVERTEXPOINT(#10287);
#10289=IFCCARTESIANPOINT((6.10326910018921,17.446102142334,-8.));
#10290=IFCVERTEXPOINT(#10289);
#10291=IFCCARTESIANPOINT((6.10326910018921,11.446102142334,-8.));
#10292=IFCDIRECTION((0.,1.,0.));
#10293=IFCVECTOR(#10292,1.);
#10294=IFCLINE(#10291,#10293);
#10295=IFCEDGECURVE(#10288,#10290,#10294,.T.);
#10296=IFCORIENTEDEDGE(*,*,#10295,.T.);
#10297=IFCCARTESIANPOINT((6.10326910018921,17.446102142334,-8.));
#10298=IFCVERTEXPOINT(#10297);
#10299=IFCCARTESIANPOINT((6.40326929092407,11.446102142334,-8.));
#10300=IFCVERTEXPOINT(#10299);
#10301=IFCCARTESIANPOINT((6.10326910018921,17.446102142334,-8.));
#10302=IFCDIRECTION((0.0499376486141982,-0.998752337294329,0.));
#10303=IFCVECTOR(#10302,1.);
#10304=IFCLINE(#10301,#10303);
#10305=IFCEDGECURVE(#10298,#10300,#10304,.T.);
#10306=IFCORIENTEDEDGE(*,*,#10305,.T.);
#10307=IFCEDGELOOP((#10286,#10296,#10306));
#10308=IFCFACEOUTERBOUND(#10307,.T.);
#10309=IFCCARTESIANPOINT((6.18014297984169,14.372975926619,-8.));
#10310=IFCDIRECTION((-0.,-0.,-1.));
#10311=IFCDIRECTION((-1.,0.,0.));
#10312=IFCAXIS2PLACEMENT3D(#10309,#10310,#10311);
#10313=IFCPLANE(#10312);
#10314=IFCADVANCEDFACE((#10308),#10313,.T.);
#10315=IFCCARTESIANPOINT((6.40326929092407,11.446102142334,-8.));
#10316=IFCVERTEXPOINT(#10315);
#10317=IFCCARTESIANPOINT((6.10326910018921,17.446102142334,-8.));
#10318=IFCVERTEXPOINT(#10317);
#10319=IFCCARTESIANPOINT((6.40326929092407,11.446102142334,-8.));
#10320=IFCDIRECTION((-0.0499376486141982,0.998752337294329,0.));
#10321=IFCVECTOR(#10320,1.);
#10322=IFCLINE(#10319,#10321);
#10323=IFCEDGECURVE(#10316,#10318,#10322,.T.);
#10324=IFCORIENTEDEDGE(*,*,#10323,.T.);
#10325=IFCCARTESIANPOINT((6.10326910018921,17.446102142334,-8.));
#10326=IFCVERTEXPOINT(#10325);
#10327=IFCCARTESIANPOINT((6.40326929092407,17.446102142334,-8.));
#10328=IFCVERTEXPOINT(#10327);
#10329=IFCCARTESIANPOINT((6.10326910018921,17.446102142334,-8.));
#10330=IFCDIRECTION((1.,0.,0.));
#10331=IFCVECTOR(#10330,1.);
#10332=IFCLINE(#10329,#10331);
#10333=IFCEDGECURVE(#10326,#10328,#10332,.T.);
#10334=IFCORIENTEDEDGE(*,*,#10333,.T.);
#10335=IFCCARTESIANPOINT((6.40326929092407,17.446102142334,-8.));
#10336=IFCVERTEXPOINT(#10335);
#10337=IFCCARTESIANPOINT((6.40326929092407,11.446102142334,-8.));
#10338=IFCVERTEXPOINT(#10337);
#10339=IFCCARTESIANPOINT((6.40326929092407,17.446102142334,-8.));
#10340=IFCDIRECTION((0.,-1.,0.));
#10341=IFCVECTOR(#10340,1.);
#10342=IFCLINE(#10339,#10341);
#10343=IFCEDGECURVE(#10336,#10338,#10342,.T.);
#10344=IFCORIENTEDEDGE(*,*,#10343,.T.);
#10345=IFCEDGELOOP((#10324,#10334,#10344));
#10346=IFCFACEOUTERBOUND(#10345,.T.);
#10347=IFCCARTESIANPOINT((6.32639541127159,14.5192283580489,-8.));
#10348=IFCDIRECTION((-0.,-0.,-1.));
#10349=IFCDIRECTION((-1.,0.,0.));
#10350=IFCAXIS2PLACEMENT3D(#10347,#10348,#10349);
#10351=IFCPLANE(#10350);
#10352=IFCADVANCEDFACE((#10346),#10351,.T.);
#10353=IFCCLOSEDSHELL((#9934,#9972,#10010,#10048,#10086,#10124,#10162,#10200,#10238,#10276,#10314,#10352));
#10354=IFCADVANCEDBREP(#10353);
#10355=IFCSTYLEDITEM(#10354,(#555),$);
#10356=IFCSHAPEREPRESENTATION(#557,'Body','AdvancedBrep',(#10354));
#10357=IFCPRODUCTDEFINITIONSHAPE($,$,(#10356));
#10358=IFCBUILDINGELEMENTPROXY('2Ivn4NSyDF78oxNe6ZPFNw',$,'Surface 9','',$,#42,#10357,$,$);
#10359=IFCRELASSOCIATESMATERIAL('0FhO5_$XH6pecM1qqaCB4p',$,$,$,(#10358),#45);

/* Member 1 */
#10360=IFCCARTESIANPOINT((-11.7467310912,11.446102584,0.));
#10361=IFCDIRECTION((0.,0.,-1.));
#10362=IFCDIRECTION((1.,1.96153100812562E-08,0.));
#10363=IFCAXIS2PLACEMENT3D(#10360,#10361,#10362);
#10364=IFCDIRECTION((0.,0.,1.));
#10365=IFCEXTRUDEDAREASOLID(#60,#10363,#10364,7.9999999512);
#10366=IFCCOLOURRGB('Member color 1',0.8,1.,1.);
#10367=IFCSURFACESTYLERENDERING(#10366,$,$,$,$,$,$,$,.NOTDEFINED.);
#10368=IFCSURFACESTYLE('Member style 1',.BOTH.,(#10367));
#10369=IFCSTYLEDITEM(#10365,(#10368),$);
#10370=IFCSHAPEREPRESENTATION(#557,'Body','SweptSolid',(#10365));
#10371=IFCPRODUCTDEFINITIONSHAPE($,$,(#10370));
#10372=IFCBEAMSTANDARDCASE('0HNx9aGbXDrOgS2t_z_MNs',$,'Member 1','',$,#42,#10371,$,$);
#10373=IFCMATERIALPROFILESET($,$,(#86),$);
#10374=IFCMATERIALPROFILESETUSAGE(#10373,$,$);
#10375=IFCRELASSOCIATESMATERIAL('03Q$3dg_T5bgxbeNVsjne$',$,$,$,(#10372),#10374);

/* Member 2 */
#10376=IFCCARTESIANPOINT((-11.7467310912,5.4461026968,0.));
#10377=IFCDIRECTION((0.,0.,-1.));
#10378=IFCDIRECTION((3.46410206619393E-07,-0.99999999999994,0.));
#10379=IFCAXIS2PLACEMENT3D(#10376,#10377,#10378);
#10380=IFCDIRECTION((0.,0.,1.));
#10381=IFCEXTRUDEDAREASOLID(#60,#10379,#10380,7.9999999512);
#10382=IFCSTYLEDITEM(#10381,(#10368),$);
#10383=IFCSHAPEREPRESENTATION(#557,'Body','SweptSolid',(#10381));
#10384=IFCPRODUCTDEFINITIONSHAPE($,$,(#10383));
#10385=IFCBEAMSTANDARDCASE('1_v5LHQ9j2ORMbG8qsFFfY',$,'Member 2','',$,#42,#10384,$,$);
#10386=IFCMATERIALPROFILESET($,$,(#86),$);
#10387=IFCMATERIALPROFILESETUSAGE(#10386,$,$);
#10388=IFCRELASSOCIATESMATERIAL('1EnpzorW9EjeILAhot1_ec',$,$,$,(#10385),#10387);

/* Member 3 */
#10389=IFCCARTESIANPOINT((-11.7467310912,-0.5538971904,0.));
#10390=IFCDIRECTION((0.,0.,-1.));
#10391=IFCDIRECTION((3.46410206619393E-07,-0.99999999999994,0.));
#10392=IFCAXIS2PLACEMENT3D(#10389,#10390,#10391);
#10393=IFCDIRECTION((0.,0.,1.));
#10394=IFCEXTRUDEDAREASOLID(#60,#10392,#10393,7.9999999512);
#10395=IFCSTYLEDITEM(#10394,(#10368),$);
#10396=IFCSHAPEREPRESENTATION(#557,'Body','SweptSolid',(#10394));
#10397=IFCPRODUCTDEFINITIONSHAPE($,$,(#10396));
#10398=IFCBEAMSTANDARDCASE('1YatSr3VzCFBO2yliyyMcQ',$,'Member 3','',$,#42,#10397,$,$);
#10399=IFCMATERIALPROFILESET($,$,(#86),$);
#10400=IFCMATERIALPROFILESETUSAGE(#10399,$,$);
#10401=IFCRELASSOCIATESMATERIAL('0_Vxsz4wH0jQr8sPazpVpN',$,$,$,(#10398),#10400);

/* Member 4 */
#10402=IFCCARTESIANPOINT((-11.7467310912,-6.5538973824,0.));
#10403=IFCDIRECTION((0.,0.,-1.));
#10404=IFCDIRECTION((1.,1.96153100812562E-08,0.));
#10405=IFCAXIS2PLACEMENT3D(#10402,#10403,#10404);
#10406=IFCDIRECTION((0.,0.,1.));
#10407=IFCEXTRUDEDAREASOLID(#60,#10405,#10406,7.9999999512);
#10408=IFCSTYLEDITEM(#10407,(#10368),$);
#10409=IFCSHAPEREPRESENTATION(#557,'Body','SweptSolid',(#10407));
#10410=IFCPRODUCTDEFINITIONSHAPE($,$,(#10409));
#10411=IFCBEAMSTANDARDCASE('2LiFf4OfX45wmhZHqdxfLO',$,'Member 4','',$,#42,#10410,$,$);
#10412=IFCMATERIALPROFILESET($,$,(#86),$);
#10413=IFCMATERIALPROFILESETUSAGE(#10412,$,$);
#10414=IFCRELASSOCIATESMATERIAL('3GrW1huxX4BOpujJ8FDx9T',$,$,$,(#10411),#10413);

/* Member 5 */
#10415=IFCCARTESIANPOINT((-5.7467308992,-6.5538973824,0.));
#10416=IFCDIRECTION((0.,0.,-1.));
#10417=IFCDIRECTION((1.,1.96153100812562E-08,0.));
#10418=IFCAXIS2PLACEMENT3D(#10415,#10416,#10417);
#10419=IFCDIRECTION((0.,0.,1.));
#10420=IFCEXTRUDEDAREASOLID(#60,#10418,#10419,7.9999999512);
#10421=IFCSTYLEDITEM(#10420,(#10368),$);
#10422=IFCSHAPEREPRESENTATION(#557,'Body','SweptSolid',(#10420));
#10423=IFCPRODUCTDEFINITIONSHAPE($,$,(#10422));
#10424=IFCBEAMSTANDARDCASE('0kwVB9HAP0svmeYsk$bDeS',$,'Member 5','',$,#42,#10423,$,$);
#10425=IFCMATERIALPROFILESET($,$,(#86),$);
#10426=IFCMATERIALPROFILESETUSAGE(#10425,$,$);
#10427=IFCRELASSOCIATESMATERIAL('08Ex2symj2uhm1Db76vjRO',$,$,$,(#10424),#10426);

/* Member 6 */
#10428=IFCCARTESIANPOINT((1.25326902,-6.5538973824,0.));
#10429=IFCDIRECTION((0.,0.,-1.));
#10430=IFCDIRECTION((1.,1.96153100812562E-08,0.));
#10431=IFCAXIS2PLACEMENT3D(#10428,#10429,#10430);
#10432=IFCDIRECTION((0.,0.,1.));
#10433=IFCEXTRUDEDAREASOLID(#60,#10431,#10432,7.9999999512);
#10434=IFCSTYLEDITEM(#10433,(#10368),$);
#10435=IFCSHAPEREPRESENTATION(#557,'Body','SweptSolid',(#10433));
#10436=IFCPRODUCTDEFINITIONSHAPE($,$,(#10435));
#10437=IFCBEAMSTANDARDCASE('12gJURwErBRQG6v2$cIW9L',$,'Member 6','',$,#42,#10436,$,$);
#10438=IFCMATERIALPROFILESET($,$,(#86),$);
#10439=IFCMATERIALPROFILESETUSAGE(#10438,$,$);
#10440=IFCRELASSOCIATESMATERIAL('09mv2tK610LwidSCcvYpZ4',$,$,$,(#10437),#10439);

/* Member 7 */
#10441=IFCCARTESIANPOINT((6.25326918,-6.5538973824,0.));
#10442=IFCDIRECTION((0.,0.,-1.));
#10443=IFCDIRECTION((1.,1.96153100812562E-08,0.));
#10444=IFCAXIS2PLACEMENT3D(#10441,#10442,#10443);
#10445=IFCDIRECTION((0.,0.,1.));
#10446=IFCEXTRUDEDAREASOLID(#60,#10444,#10445,7.9999999512);
#10447=IFCSTYLEDITEM(#10446,(#10368),$);
#10448=IFCSHAPEREPRESENTATION(#557,'Body','SweptSolid',(#10446));
#10449=IFCPRODUCTDEFINITIONSHAPE($,$,(#10448));
#10450=IFCBEAMSTANDARDCASE('1GNn6Ortb0Fx4bBlFtNbsb',$,'Member 7','',$,#42,#10449,$,$);
#10451=IFCMATERIALPROFILESET($,$,(#86),$);
#10452=IFCMATERIALPROFILESETUSAGE(#10451,$,$);
#10453=IFCRELASSOCIATESMATERIAL('0geIxgId9AYgVnWxqfOgxN',$,$,$,(#10450),#10452);

/* Member 8 */
#10454=IFCCARTESIANPOINT((6.25326918,-0.5538971904,0.));
#10455=IFCDIRECTION((0.,0.,-1.));
#10456=IFCDIRECTION((3.46410206619393E-07,-0.99999999999994,0.));
#10457=IFCAXIS2PLACEMENT3D(#10454,#10455,#10456);
#10458=IFCDIRECTION((0.,0.,1.));
#10459=IFCEXTRUDEDAREASOLID(#60,#10457,#10458,7.9999999512);
#10460=IFCSTYLEDITEM(#10459,(#10368),$);
#10461=IFCSHAPEREPRESENTATION(#557,'Body','SweptSolid',(#10459));
#10462=IFCPRODUCTDEFINITIONSHAPE($,$,(#10461));
#10463=IFCBEAMSTANDARDCASE('2O5yjdIsDDj9sDlf8SBGwD',$,'Member 8','',$,#42,#10462,$,$);
#10464=IFCMATERIALPROFILESET($,$,(#86),$);
#10465=IFCMATERIALPROFILESETUSAGE(#10464,$,$);
#10466=IFCRELASSOCIATESMATERIAL('2U_emmknz5OAbNCjhWRHXc',$,$,$,(#10463),#10465);

/* Member 9 */
#10467=IFCCARTESIANPOINT((6.25326918,5.4461026968,0.));
#10468=IFCDIRECTION((0.,0.,-1.));
#10469=IFCDIRECTION((3.46410206619393E-07,-0.99999999999994,0.));
#10470=IFCAXIS2PLACEMENT3D(#10467,#10468,#10469);
#10471=IFCDIRECTION((0.,0.,1.));
#10472=IFCEXTRUDEDAREASOLID(#60,#10470,#10471,7.9999999512);
#10473=IFCSTYLEDITEM(#10472,(#10368),$);
#10474=IFCSHAPEREPRESENTATION(#557,'Body','SweptSolid',(#10472));
#10475=IFCPRODUCTDEFINITIONSHAPE($,$,(#10474));
#10476=IFCBEAMSTANDARDCASE('3l98_SIp9EnQEdolqWsRJt',$,'Member 9','',$,#42,#10475,$,$);
#10477=IFCMATERIALPROFILESET($,$,(#86),$);
#10478=IFCMATERIALPROFILESETUSAGE(#10477,$,$);
#10479=IFCRELASSOCIATESMATERIAL('2EfOoS7gr6A9qXIj0Jiau7',$,$,$,(#10476),#10478);

/* Member 10 */
#10480=IFCCARTESIANPOINT((-5.7467308992,11.446102584,0.));
#10481=IFCDIRECTION((0.,0.,-1.));
#10482=IFCDIRECTION((1.,1.96153100812562E-08,0.));
#10483=IFCAXIS2PLACEMENT3D(#10480,#10481,#10482);
#10484=IFCDIRECTION((0.,0.,1.));
#10485=IFCEXTRUDEDAREASOLID(#60,#10483,#10484,7.9999999512);
#10486=IFCSTYLEDITEM(#10485,(#10368),$);
#10487=IFCSHAPEREPRESENTATION(#557,'Body','SweptSolid',(#10485));
#10488=IFCPRODUCTDEFINITIONSHAPE($,$,(#10487));
#10489=IFCBEAMSTANDARDCASE('2ZaY3wu5vEvfPam_zlCovT',$,'Member 10','',$,#42,#10488,$,$);
#10490=IFCMATERIALPROFILESET($,$,(#86),$);
#10491=IFCMATERIALPROFILESETUSAGE(#10490,$,$);
#10492=IFCRELASSOCIATESMATERIAL('3mSIn6$LH6e9HcdGeORH0G',$,$,$,(#10489),#10491);

/* Member 11 */
#10493=IFCCARTESIANPOINT((-11.7467310912,-0.5538971904,-7.9999999512));
#10494=IFCDIRECTION((0.799999999999994,1.2191999610544E-07,0.599999999999996));
#10495=IFCDIRECTION((-1.523999951318E-07,0.999999999999988,0.));
#10496=IFCAXIS2PLACEMENT3D(#10493,#10494,#10495);
#10497=IFCDIRECTION((0.,0.,1.));
#10498=IFCEXTRUDEDAREASOLID(#63,#10496,#10497,2.50000008000002);
#10499=IFCCOLOURRGB('Member color 2',0.96078431372549,0.772549019607843,0.);
#10500=IFCSURFACESTYLERENDERING(#10499,$,$,$,$,$,$,$,.NOTDEFINED.);
#10501=IFCSURFACESTYLE('Member style 2',.BOTH.,(#10500));
#10502=IFCSTYLEDITEM(#10498,(#10501),$);
#10503=IFCSHAPEREPRESENTATION(#557,'Body','SweptSolid',(#10498));
#10504=IFCPRODUCTDEFINITIONSHAPE($,$,(#10503));
#10505=IFCBEAMSTANDARDCASE('3kUyP8Egj4kx5Get7Sp5yF',$,'Member 11','',$,#42,#10504,$,$);
#10506=IFCMATERIALPROFILESET($,$,(#87),$);
#10507=IFCMATERIALPROFILESETUSAGE(#10506,$,$);
#10508=IFCRELASSOCIATESMATERIAL('1QQ7gSBx56o9aqUYQph2IY',$,$,$,(#10505),#10507);

/* Member 12 */
#10509=IFCCARTESIANPOINT((-9.7467310272,-0.5538968856,-6.4999999032));
#10510=IFCDIRECTION((0.919145030018058,0.,-0.393919298579168));
#10511=IFCDIRECTION((0.,1.,0.));
#10512=IFCAXIS2PLACEMENT3D(#10509,#10510,#10511);
#10513=IFCDIRECTION((0.,0.,1.));
#10514=IFCEXTRUDEDAREASOLID(#63,#10512,#10513,3.80788667478433);
#10515=IFCSTYLEDITEM(#10514,(#10501),$);
#10516=IFCSHAPEREPRESENTATION(#557,'Body','SweptSolid',(#10514));
#10517=IFCPRODUCTDEFINITIONSHAPE($,$,(#10516));
#10518=IFCBEAMSTANDARDCASE('3pbCLUOnn1ewVrv8mQnEno',$,'Member 12','',$,#42,#10517,$,$);
#10519=IFCMATERIALPROFILESET($,$,(#87),$);
#10520=IFCMATERIALPROFILESETUSAGE(#10519,$,$);
#10521=IFCRELASSOCIATESMATERIAL('0lSt6JMij0y8BiZDeb_YEd',$,$,$,(#10518),#10520);

/* Member 13 */
#10522=IFCCARTESIANPOINT((-6.2467309152,-0.5538968856,-7.9999999512));
#10523=IFCDIRECTION((0.919145017597374,0.,0.393919327560762));
#10524=IFCDIRECTION((0.,1.,0.));
#10525=IFCAXIS2PLACEMENT3D(#10522,#10523,#10524);
#10526=IFCDIRECTION((0.,0.,1.));
#10527=IFCEXTRUDEDAREASOLID(#63,#10525,#10526,3.80788639462892);
#10528=IFCSTYLEDITEM(#10527,(#10501),$);
#10529=IFCSHAPEREPRESENTATION(#557,'Body','SweptSolid',(#10527));
#10530=IFCPRODUCTDEFINITIONSHAPE($,$,(#10529));
#10531=IFCBEAMSTANDARDCASE('0dl0LyDJz6GhGXTlIqTRq9',$,'Member 13','',$,#42,#10530,$,$);
#10532=IFCMATERIALPROFILESET($,$,(#87),$);
#10533=IFCMATERIALPROFILESETUSAGE(#10532,$,$);
#10534=IFCRELASSOCIATESMATERIAL('0nVl$dVTr4aBcCeX6Hnebd',$,$,$,(#10531),#10533);

/* Member 14 */
#10535=IFCCARTESIANPOINT((-2.746731108,-0.5538968856,-6.4999999032));
#10536=IFCDIRECTION((0.919145030018058,0.,-0.393919298579168));
#10537=IFCDIRECTION((0.,1.,0.));
#10538=IFCAXIS2PLACEMENT3D(#10535,#10536,#10537);
#10539=IFCDIRECTION((0.,0.,1.));
#10540=IFCEXTRUDEDAREASOLID(#63,#10538,#10539,3.80788667478432);
#10541=IFCSTYLEDITEM(#10540,(#10501),$);
#10542=IFCSHAPEREPRESENTATION(#557,'Body','SweptSolid',(#10540));
#10543=IFCPRODUCTDEFINITIONSHAPE($,$,(#10542));
#10544=IFCBEAMSTANDARDCASE('2GExcj9RrBxArpj040tgjM',$,'Member 14','',$,#42,#10543,$,$);
#10545=IFCMATERIALPROFILESET($,$,(#87),$);
#10546=IFCMATERIALPROFILESETUSAGE(#10545,$,$);
#10547=IFCRELASSOCIATESMATERIAL('0rGqpxJmjB7fImzTdSZYLN',$,$,$,(#10544),#10546);

/* Member 15 */
#10548=IFCCARTESIANPOINT((0.753269004,-0.5538968856,-7.9999999512));
#10549=IFCDIRECTION((0.919145030018058,0.,0.393919298579168));
#10550=IFCDIRECTION((0.,1.,0.));
#10551=IFCAXIS2PLACEMENT3D(#10548,#10549,#10550);
#10552=IFCDIRECTION((0.,0.,1.));
#10553=IFCEXTRUDEDAREASOLID(#63,#10551,#10552,3.80788667478432);
#10554=IFCSTYLEDITEM(#10553,(#10501),$);
#10555=IFCSHAPEREPRESENTATION(#557,'Body','SweptSolid',(#10553));
#10556=IFCPRODUCTDEFINITIONSHAPE($,$,(#10555));
#10557=IFCBEAMSTANDARDCASE('1BZwiTojDE6B6Ufdc3dM4N',$,'Member 15','',$,#42,#10556,$,$);
#10558=IFCMATERIALPROFILESET($,$,(#87),$);
#10559=IFCMATERIALPROFILESETUSAGE(#10558,$,$);
#10560=IFCRELASSOCIATESMATERIAL('2aKTyMA1LF7OFr5$EFz6mn',$,$,$,(#10557),#10559);

/* Member 16 */
#10561=IFCCARTESIANPOINT((4.253269116,-0.5538968856,-6.4999999032));
#10562=IFCDIRECTION((0.799999999999994,-1.2191999610544E-07,-0.599999999999996));
#10563=IFCDIRECTION((1.523999951318E-07,0.999999999999988,0.));
#10564=IFCAXIS2PLACEMENT3D(#10561,#10562,#10563);
#10565=IFCDIRECTION((0.,0.,1.));
#10566=IFCEXTRUDEDAREASOLID(#63,#10564,#10565,2.50000008000002);
#10567=IFCSTYLEDITEM(#10566,(#10501),$);
#10568=IFCSHAPEREPRESENTATION(#557,'Body','SweptSolid',(#10566));
#10569=IFCPRODUCTDEFINITIONSHAPE($,$,(#10568));
#10570=IFCBEAMSTANDARDCASE('06pey9Y6HCWAKhwWCqXPvz',$,'Member 16','',$,#42,#10569,$,$);
#10571=IFCMATERIALPROFILESET($,$,(#87),$);
#10572=IFCMATERIALPROFILESETUSAGE(#10571,$,$);
#10573=IFCRELASSOCIATESMATERIAL('1HGkhDVorAlR5wYonpaZm$',$,$,$,(#10570),#10572);

/* Member 17 */
#10574=IFCCARTESIANPOINT((-9.7467310272,-0.5538968856,-6.4999999032));
#10575=IFCDIRECTION((0.,0.,-1.));
#10576=IFCDIRECTION((0.,1.,0.));
#10577=IFCAXIS2PLACEMENT3D(#10574,#10575,#10576);
#10578=IFCDIRECTION((0.,0.,1.));
#10579=IFCEXTRUDEDAREASOLID(#66,#10577,#10578,1.500000048);
#10580=IFCCOLOURRGB('Member color 3',0.725490196078431,0.443137254901961,0.443137254901961);
#10581=IFCSURFACESTYLERENDERING(#10580,$,$,$,$,$,$,$,.NOTDEFINED.);
#10582=IFCSURFACESTYLE('Member style 3',.BOTH.,(#10581));
#10583=IFCSTYLEDITEM(#10579,(#10582),$);
#10584=IFCSHAPEREPRESENTATION(#557,'Body','SweptSolid',(#10579));
#10585=IFCPRODUCTDEFINITIONSHAPE($,$,(#10584));
#10586=IFCBEAMSTANDARDCASE('0Y9vLvfeP0JQp3SZY_j0ZB',$,'Member 17','',$,#42,#10585,$,$);
#10587=IFCMATERIALPROFILESET($,$,(#88),$);
#10588=IFCMATERIALPROFILESETUSAGE(#10587,$,$);
#10589=IFCRELASSOCIATESMATERIAL('3e4MNhz$54BAmtMmLUNv$G',$,$,$,(#10586),#10588);

/* Member 18 */
#10590=IFCCARTESIANPOINT((-6.2467309152,-0.5538968856,-6.4999999032));
#10591=IFCDIRECTION((0.,0.,-1.));
#10592=IFCDIRECTION((0.,1.,0.));
#10593=IFCAXIS2PLACEMENT3D(#10590,#10591,#10592);
#10594=IFCDIRECTION((0.,0.,1.));
#10595=IFCEXTRUDEDAREASOLID(#66,#10593,#10594,1.500000048);
#10596=IFCSTYLEDITEM(#10595,(#10582),$);
#10597=IFCSHAPEREPRESENTATION(#557,'Body','SweptSolid',(#10595));
#10598=IFCPRODUCTDEFINITIONSHAPE($,$,(#10597));
#10599=IFCBEAMSTANDARDCASE('3ZkufqtCv6FByX4Ja30x8w',$,'Member 18','',$,#42,#10598,$,$);
#10600=IFCMATERIALPROFILESET($,$,(#88),$);
#10601=IFCMATERIALPROFILESETUSAGE(#10600,$,$);
#10602=IFCRELASSOCIATESMATERIAL('25EKBX7bP2ZwDBSHNnXALQ',$,$,$,(#10599),#10601);

/* Member 19 */
#10603=IFCCARTESIANPOINT((-2.746731108,-0.5538968856,-6.4999999032));
#10604=IFCDIRECTION((0.,0.,-1.));
#10605=IFCDIRECTION((0.,1.,0.));
#10606=IFCAXIS2PLACEMENT3D(#10603,#10604,#10605);
#10607=IFCDIRECTION((0.,0.,1.));
#10608=IFCEXTRUDEDAREASOLID(#66,#10606,#10607,1.500000048);
#10609=IFCSTYLEDITEM(#10608,(#10582),$);
#10610=IFCSHAPEREPRESENTATION(#557,'Body','SweptSolid',(#10608));
#10611=IFCPRODUCTDEFINITIONSHAPE($,$,(#10610));
#10612=IFCBEAMSTANDARDCASE('3p35gZY1rA2gT1senrV5WW',$,'Member 19','',$,#42,#10611,$,$);
#10613=IFCMATERIALPROFILESET($,$,(#88),$);
#10614=IFCMATERIALPROFILESETUSAGE(#10613,$,$);
#10615=IFCRELASSOCIATESMATERIAL('0Qgctq2tLCPeSXi1GQT6s9',$,$,$,(#10612),#10614);

/* Member 20 */
#10616=IFCCARTESIANPOINT((0.753269004,-0.5538968856,-6.4999999032));
#10617=IFCDIRECTION((0.,0.,-1.));
#10618=IFCDIRECTION((0.,1.,0.));
#10619=IFCAXIS2PLACEMENT3D(#10616,#10617,#10618);
#10620=IFCDIRECTION((0.,0.,1.));
#10621=IFCEXTRUDEDAREASOLID(#66,#10619,#10620,1.500000048);
#10622=IFCSTYLEDITEM(#10621,(#10582),$);
#10623=IFCSHAPEREPRESENTATION(#557,'Body','SweptSolid',(#10621));
#10624=IFCPRODUCTDEFINITIONSHAPE($,$,(#10623));
#10625=IFCBEAMSTANDARDCASE('2a4baB4Er3vBdpfX16kKqO',$,'Member 20','',$,#42,#10624,$,$);
#10626=IFCMATERIALPROFILESET($,$,(#88),$);
#10627=IFCMATERIALPROFILESETUSAGE(#10626,$,$);
#10628=IFCRELASSOCIATESMATERIAL('3Qxd1pHsD9TgJMSSWBWa1v',$,$,$,(#10625),#10627);

/* Member 21 */
#10629=IFCCARTESIANPOINT((4.253269116,-0.5538968856,-6.4999999032));
#10630=IFCDIRECTION((0.,0.,-1.));
#10631=IFCDIRECTION((0.,1.,0.));
#10632=IFCAXIS2PLACEMENT3D(#10629,#10630,#10631);
#10633=IFCDIRECTION((0.,0.,1.));
#10634=IFCEXTRUDEDAREASOLID(#66,#10632,#10633,1.500000048);
#10635=IFCSTYLEDITEM(#10634,(#10582),$);
#10636=IFCSHAPEREPRESENTATION(#557,'Body','SweptSolid',(#10634));
#10637=IFCPRODUCTDEFINITIONSHAPE($,$,(#10636));
#10638=IFCBEAMSTANDARDCASE('39uC9ZSH52ygueNYA7yH79',$,'Member 21','',$,#42,#10637,$,$);
#10639=IFCMATERIALPROFILESET($,$,(#88),$);
#10640=IFCMATERIALPROFILESETUSAGE(#10639,$,$);
#10641=IFCRELASSOCIATESMATERIAL('0fNWjqLvXEbgy4eJeHr_I_',$,$,$,(#10638),#10640);

/* Member 22 */
#10642=IFCCARTESIANPOINT((-11.7467310912,5.4461026968,-7.9999999512));
#10643=IFCDIRECTION((0.799999999999905,4.87679984244071E-07,0.599999999999929));
#10644=IFCDIRECTION((-6.09599980305048E-07,0.999999999999814,0.));
#10645=IFCAXIS2PLACEMENT3D(#10642,#10643,#10644);
#10646=IFCDIRECTION((0.,0.,1.));
#10647=IFCEXTRUDEDAREASOLID(#63,#10645,#10646,2.5000000800003);
#10648=IFCSTYLEDITEM(#10647,(#10501),$);
#10649=IFCSHAPEREPRESENTATION(#557,'Body','SweptSolid',(#10647));
#10650=IFCPRODUCTDEFINITIONSHAPE($,$,(#10649));
#10651=IFCBEAMSTANDARDCASE('19Tj1J40LDC8S31dmJ5tig',$,'Member 22','',$,#42,#10650,$,$);
#10652=IFCMATERIALPROFILESET($,$,(#87),$);
#10653=IFCMATERIALPROFILESETUSAGE(#10652,$,$);
#10654=IFCRELASSOCIATESMATERIAL('1vA1X3iHzFEhxOvAlYvL78',$,$,$,(#10651),#10653);

/* Member 23 */
#10655=IFCCARTESIANPOINT((-9.7467310272,5.446103916,-6.4999999032));
#10656=IFCDIRECTION((0.919145030018058,0.,-0.393919298579168));
#10657=IFCDIRECTION((0.,1.,0.));
#10658=IFCAXIS2PLACEMENT3D(#10655,#10656,#10657);
#10659=IFCDIRECTION((0.,0.,1.));
#10660=IFCEXTRUDEDAREASOLID(#63,#10658,#10659,3.80788667478433);
#10661=IFCSTYLEDITEM(#10660,(#10501),$);
#10662=IFCSHAPEREPRESENTATION(#557,'Body','SweptSolid',(#10660));
#10663=IFCPRODUCTDEFINITIONSHAPE($,$,(#10662));
#10664=IFCBEAMSTANDARDCASE('0b9fHKjjX6I9a_v6o4iGeh',$,'Member 23','',$,#42,#10663,$,$);
#10665=IFCMATERIALPROFILESET($,$,(#87),$);
#10666=IFCMATERIALPROFILESETUSAGE(#10665,$,$);
#10667=IFCRELASSOCIATESMATERIAL('3QhdrTMMv3lPxruHqThVHg',$,$,$,(#10664),#10666);

/* Member 24 */
#10668=IFCCARTESIANPOINT((-6.2467309152,5.446103916,-7.9999999512));
#10669=IFCDIRECTION((0.919145017597374,0.,0.393919327560762));
#10670=IFCDIRECTION((0.,1.,0.));
#10671=IFCAXIS2PLACEMENT3D(#10668,#10669,#10670);
#10672=IFCDIRECTION((0.,0.,1.));
#10673=IFCEXTRUDEDAREASOLID(#63,#10671,#10672,3.80788639462892);
#10674=IFCSTYLEDITEM(#10673,(#10501),$);
#10675=IFCSHAPEREPRESENTATION(#557,'Body','SweptSolid',(#10673));
#10676=IFCPRODUCTDEFINITIONSHAPE($,$,(#10675));
#10677=IFCBEAMSTANDARDCASE('0k7N$mcqvAYwVYlhRb2esk',$,'Member 24','',$,#42,#10676,$,$);
#10678=IFCMATERIALPROFILESET($,$,(#87),$);
#10679=IFCMATERIALPROFILESETUSAGE(#10678,$,$);
#10680=IFCRELASSOCIATESMATERIAL('2dJAgBz4jEy88yOIj34pZk',$,$,$,(#10677),#10679);

/* Member 25 */
#10681=IFCCARTESIANPOINT((-2.746731108,5.446103916,-6.4999999032));
#10682=IFCDIRECTION((0.919145030018058,0.,-0.393919298579168));
#10683=IFCDIRECTION((0.,1.,0.));
#10684=IFCAXIS2PLACEMENT3D(#10681,#10682,#10683);
#10685=IFCDIRECTION((0.,0.,1.));
#10686=IFCEXTRUDEDAREASOLID(#63,#10684,#10685,3.80788667478432);
#10687=IFCSTYLEDITEM(#10686,(#10501),$);
#10688=IFCSHAPEREPRESENTATION(#557,'Body','SweptSolid',(#10686));
#10689=IFCPRODUCTDEFINITIONSHAPE($,$,(#10688));
#10690=IFCBEAMSTANDARDCASE('3tbO4vNDD2HQEZmXFTdvje',$,'Member 25','',$,#42,#10689,$,$);
#10691=IFCMATERIALPROFILESET($,$,(#87),$);
#10692=IFCMATERIALPROFILESETUSAGE(#10691,$,$);
#10693=IFCRELASSOCIATESMATERIAL('3D7wmGqWH1jAnzxU1Sb9N1',$,$,$,(#10690),#10692);

/* Member 26 */
#10694=IFCCARTESIANPOINT((0.753269004,5.446103916,-7.9999999512));
#10695=IFCDIRECTION((0.919145030018058,0.,0.393919298579168));
#10696=IFCDIRECTION((0.,1.,0.));
#10697=IFCAXIS2PLACEMENT3D(#10694,#10695,#10696);
#10698=IFCDIRECTION((0.,0.,1.));
#10699=IFCEXTRUDEDAREASOLID(#63,#10697,#10698,3.80788667478432);
#10700=IFCSTYLEDITEM(#10699,(#10501),$);
#10701=IFCSHAPEREPRESENTATION(#557,'Body','SweptSolid',(#10699));
#10702=IFCPRODUCTDEFINITIONSHAPE($,$,(#10701));
#10703=IFCBEAMSTANDARDCASE('0D8HUD5jD8UwmtuLBio7rd',$,'Member 26','',$,#42,#10702,$,$);
#10704=IFCMATERIALPROFILESET($,$,(#87),$);
#10705=IFCMATERIALPROFILESETUSAGE(#10704,$,$);
#10706=IFCRELASSOCIATESMATERIAL('0J43WJugj7Turg2XDsyGHo',$,$,$,(#10703),#10705);

/* Member 27 */
#10707=IFCCARTESIANPOINT((4.253269116,5.446103916,-6.4999999032));
#10708=IFCDIRECTION((0.799999999999905,-4.87679984244071E-07,-0.599999999999929));
#10709=IFCDIRECTION((6.09599980305048E-07,0.999999999999814,0.));
#10710=IFCAXIS2PLACEMENT3D(#10707,#10708,#10709);
#10711=IFCDIRECTION((0.,0.,1.));
#10712=IFCEXTRUDEDAREASOLID(#63,#10710,#10711,2.5000000800003);
#10713=IFCSTYLEDITEM(#10712,(#10501),$);
#10714=IFCSHAPEREPRESENTATION(#557,'Body','SweptSolid',(#10712));
#10715=IFCPRODUCTDEFINITIONSHAPE($,$,(#10714));
#10716=IFCBEAMSTANDARDCASE('3z00k$sK52Z95_EBbWEcDE',$,'Member 27','',$,#42,#10715,$,$);
#10717=IFCMATERIALPROFILESET($,$,(#87),$);
#10718=IFCMATERIALPROFILESETUSAGE(#10717,$,$);
#10719=IFCRELASSOCIATESMATERIAL('0SbGSHOsj5I9nL8w5obv7y',$,$,$,(#10716),#10718);

/* Member 28 */
#10720=IFCCARTESIANPOINT((-9.7467310272,5.446103916,-6.4999999032));
#10721=IFCDIRECTION((0.,0.,-1.));
#10722=IFCDIRECTION((0.,1.,0.));
#10723=IFCAXIS2PLACEMENT3D(#10720,#10721,#10722);
#10724=IFCDIRECTION((0.,0.,1.));
#10725=IFCEXTRUDEDAREASOLID(#66,#10723,#10724,1.500000048);
#10726=IFCSTYLEDITEM(#10725,(#10582),$);
#10727=IFCSHAPEREPRESENTATION(#557,'Body','SweptSolid',(#10725));
#10728=IFCPRODUCTDEFINITIONSHAPE($,$,(#10727));
#10729=IFCBEAMSTANDARDCASE('1OY2ltTEfECfcY0zPob4Fg',$,'Member 28','',$,#42,#10728,$,$);
#10730=IFCMATERIALPROFILESET($,$,(#88),$);
#10731=IFCMATERIALPROFILESETUSAGE(#10730,$,$);
#10732=IFCRELASSOCIATESMATERIAL('2K954K8wjCCPLFVgr9aylv',$,$,$,(#10729),#10731);

/* Member 29 */
#10733=IFCCARTESIANPOINT((-6.2467309152,5.446103916,-6.4999999032));
#10734=IFCDIRECTION((0.,0.,-1.));
#10735=IFCDIRECTION((0.,1.,0.));
#10736=IFCAXIS2PLACEMENT3D(#10733,#10734,#10735);
#10737=IFCDIRECTION((0.,0.,1.));
#10738=IFCEXTRUDEDAREASOLID(#66,#10736,#10737,1.500000048);
#10739=IFCSTYLEDITEM(#10738,(#10582),$);
#10740=IFCSHAPEREPRESENTATION(#557,'Body','SweptSolid',(#10738));
#10741=IFCPRODUCTDEFINITIONSHAPE($,$,(#10740));
#10742=IFCBEAMSTANDARDCASE('354AE0lXv9PRYhvY4FxU9X',$,'Member 29','',$,#42,#10741,$,$);
#10743=IFCMATERIALPROFILESET($,$,(#88),$);
#10744=IFCMATERIALPROFILESETUSAGE(#10743,$,$);
#10745=IFCRELASSOCIATESMATERIAL('3tM881RyvAgeEh7KD4WGrs',$,$,$,(#10742),#10744);

/* Member 30 */
#10746=IFCCARTESIANPOINT((-2.746731108,5.446103916,-6.4999999032));
#10747=IFCDIRECTION((0.,0.,-1.));
#10748=IFCDIRECTION((0.,1.,0.));
#10749=IFCAXIS2PLACEMENT3D(#10746,#10747,#10748);
#10750=IFCDIRECTION((0.,0.,1.));
#10751=IFCEXTRUDEDAREASOLID(#66,#10749,#10750,1.500000048);
#10752=IFCSTYLEDITEM(#10751,(#10582),$);
#10753=IFCSHAPEREPRESENTATION(#557,'Body','SweptSolid',(#10751));
#10754=IFCPRODUCTDEFINITIONSHAPE($,$,(#10753));
#10755=IFCBEAMSTANDARDCASE('3dlCVMqVf9ERc_TidInYiE',$,'Member 30','',$,#42,#10754,$,$);
#10756=IFCMATERIALPROFILESET($,$,(#88),$);
#10757=IFCMATERIALPROFILESETUSAGE(#10756,$,$);
#10758=IFCRELASSOCIATESMATERIAL('3iDUASztL1pAc9O7qKMat3',$,$,$,(#10755),#10757);

/* Member 31 */
#10759=IFCCARTESIANPOINT((0.753269004,5.446103916,-6.4999999032));
#10760=IFCDIRECTION((0.,0.,-1.));
#10761=IFCDIRECTION((0.,1.,0.));
#10762=IFCAXIS2PLACEMENT3D(#10759,#10760,#10761);
#10763=IFCDIRECTION((0.,0.,1.));
#10764=IFCEXTRUDEDAREASOLID(#66,#10762,#10763,1.500000048);
#10765=IFCSTYLEDITEM(#10764,(#10582),$);
#10766=IFCSHAPEREPRESENTATION(#557,'Body','SweptSolid',(#10764));
#10767=IFCPRODUCTDEFINITIONSHAPE($,$,(#10766));
#10768=IFCBEAMSTANDARDCASE('0K4biBxz1569AGwpKkk8nk',$,'Member 31','',$,#42,#10767,$,$);
#10769=IFCMATERIALPROFILESET($,$,(#88),$);
#10770=IFCMATERIALPROFILESETUSAGE(#10769,$,$);
#10771=IFCRELASSOCIATESMATERIAL('0C7qjXR2D7rfBEsV5S2ks1',$,$,$,(#10768),#10770);

/* Member 32 */
#10772=IFCCARTESIANPOINT((4.253269116,5.446103916,-6.4999999032));
#10773=IFCDIRECTION((0.,0.,-1.));
#10774=IFCDIRECTION((0.,1.,0.));
#10775=IFCAXIS2PLACEMENT3D(#10772,#10773,#10774);
#10776=IFCDIRECTION((0.,0.,1.));
#10777=IFCEXTRUDEDAREASOLID(#66,#10775,#10776,1.500000048);
#10778=IFCSTYLEDITEM(#10777,(#10582),$);
#10779=IFCSHAPEREPRESENTATION(#557,'Body','SweptSolid',(#10777));
#10780=IFCPRODUCTDEFINITIONSHAPE($,$,(#10779));
#10781=IFCBEAMSTANDARDCASE('0Ui$oTxCfF6vla253MXm2i',$,'Member 32','',$,#42,#10780,$,$);
#10782=IFCMATERIALPROFILESET($,$,(#88),$);
#10783=IFCMATERIALPROFILESETUSAGE(#10782,$,$);
#10784=IFCRELASSOCIATESMATERIAL('1_gECmPe10Sh24iQiw4pRT',$,$,$,(#10781),#10783);

/* Member 33 */
#10785=IFCCARTESIANPOINT((-11.7467310912,-0.5538971904,-7.9999999512));
#10786=IFCDIRECTION((1.,0.,0.));
#10787=IFCDIRECTION((0.,1.,0.));
#10788=IFCAXIS2PLACEMENT3D(#10785,#10786,#10787);
#10789=IFCDIRECTION((0.,0.,1.));
#10790=IFCEXTRUDEDAREASOLID(#69,#10788,#10789,18.0000002712);
#10791=IFCCOLOURRGB('Member color 4',0.47843137254902,0.729411764705882,0.);
#10792=IFCSURFACESTYLERENDERING(#10791,$,$,$,$,$,$,$,.NOTDEFINED.);
#10793=IFCSURFACESTYLE('Member style 4',.BOTH.,(#10792));
#10794=IFCSTYLEDITEM(#10790,(#10793),$);
#10795=IFCSHAPEREPRESENTATION(#557,'Body','SweptSolid',(#10790));
#10796=IFCPRODUCTDEFINITIONSHAPE($,$,(#10795));
#10797=IFCBEAMSTANDARDCASE('14CkPviDn7JR5qjVVxCvZN',$,'Member 33','',$,#42,#10796,$,$);
#10798=IFCMATERIALPROFILESET($,$,(#89),$);
#10799=IFCMATERIALPROFILESETUSAGE(#10798,$,$);
#10800=IFCRELASSOCIATESMATERIAL('3ABkDZrSr7Suw34VTm2tGM',$,$,$,(#10797),#10799);

/* Member 34 */
#10801=IFCCARTESIANPOINT((-9.7467310272,-0.5538968856,-6.4999999032));
#10802=IFCDIRECTION((1.,0.,0.));
#10803=IFCDIRECTION((0.,1.,0.));
#10804=IFCAXIS2PLACEMENT3D(#10801,#10802,#10803);
#10805=IFCDIRECTION((0.,0.,1.));
#10806=IFCEXTRUDEDAREASOLID(#72,#10804,#10805,14.0000001432);
#10807=IFCCOLOURRGB('Member color 5',1.,0.,0.);
#10808=IFCSURFACESTYLERENDERING(#10807,$,$,$,$,$,$,$,.NOTDEFINED.);
#10809=IFCSURFACESTYLE('Member style 5',.BOTH.,(#10808));
#10810=IFCSTYLEDITEM(#10806,(#10809),$);
#10811=IFCSHAPEREPRESENTATION(#557,'Body','SweptSolid',(#10806));
#10812=IFCPRODUCTDEFINITIONSHAPE($,$,(#10811));
#10813=IFCBEAMSTANDARDCASE('3bmUDYuKzAmAx4kEbGe8wU',$,'Member 34','',$,#42,#10812,$,$);
#10814=IFCMATERIALPROFILESET($,$,(#90),$);
#10815=IFCMATERIALPROFILESETUSAGE(#10814,$,$);
#10816=IFCRELASSOCIATESMATERIAL('1KOUtt_mj8qQ28C_rAJ$kI',$,$,$,(#10813),#10815);

/* Member 35 */
#10817=IFCCARTESIANPOINT((-11.7467310912,5.4461026968,-7.9999999512));
#10818=IFCDIRECTION((1.,0.,0.));
#10819=IFCDIRECTION((0.,1.,0.));
#10820=IFCAXIS2PLACEMENT3D(#10817,#10818,#10819);
#10821=IFCDIRECTION((0.,0.,1.));
#10822=IFCEXTRUDEDAREASOLID(#69,#10820,#10821,18.0000002712);
#10823=IFCSTYLEDITEM(#10822,(#10793),$);
#10824=IFCSHAPEREPRESENTATION(#557,'Body','SweptSolid',(#10822));
#10825=IFCPRODUCTDEFINITIONSHAPE($,$,(#10824));
#10826=IFCBEAMSTANDARDCASE('1pX4_cAxr9oAYhH7WJPw_D',$,'Member 35','',$,#42,#10825,$,$);
#10827=IFCMATERIALPROFILESET($,$,(#89),$);
#10828=IFCMATERIALPROFILESETUSAGE(#10827,$,$);
#10829=IFCRELASSOCIATESMATERIAL('227u6XAbX0Yg26tPrYum38',$,$,$,(#10826),#10828);

/* Member 36 */
#10830=IFCCARTESIANPOINT((-9.7467310272,5.446103916,-6.4999999032));
#10831=IFCDIRECTION((1.,0.,0.));
#10832=IFCDIRECTION((0.,1.,0.));
#10833=IFCAXIS2PLACEMENT3D(#10830,#10831,#10832);
#10834=IFCDIRECTION((0.,0.,1.));
#10835=IFCEXTRUDEDAREASOLID(#72,#10833,#10834,14.0000001432);
#10836=IFCSTYLEDITEM(#10835,(#10809),$);
#10837=IFCSHAPEREPRESENTATION(#557,'Body','SweptSolid',(#10835));
#10838=IFCPRODUCTDEFINITIONSHAPE($,$,(#10837));
#10839=IFCBEAMSTANDARDCASE('0It15DB4b9mRxPFvFRs_DU',$,'Member 36','',$,#42,#10838,$,$);
#10840=IFCMATERIALPROFILESET($,$,(#90),$);
#10841=IFCMATERIALPROFILESETUSAGE(#10840,$,$);
#10842=IFCRELASSOCIATESMATERIAL('24b5lb41jFi9xZji5bmjHv',$,$,$,(#10839),#10841);

/* Member 37 */
#10843=IFCCARTESIANPOINT((-11.7467310912,-6.5538973824,-7.9999999512));
#10844=IFCDIRECTION((1.,0.,0.));
#10845=IFCDIRECTION((0.,1.,0.));
#10846=IFCAXIS2PLACEMENT3D(#10843,#10844,#10845);
#10847=IFCDIRECTION((0.,0.,1.));
#10848=IFCEXTRUDEDAREASOLID(#75,#10846,#10847,6.000000192);
#10849=IFCCOLOURRGB('Member color 6',0.529411764705882,0.529411764705882,1.);
#10850=IFCSURFACESTYLERENDERING(#10849,$,$,$,$,$,$,$,.NOTDEFINED.);
#10851=IFCSURFACESTYLE('Member style 6',.BOTH.,(#10850));
#10852=IFCSTYLEDITEM(#10848,(#10851),$);
#10853=IFCSHAPEREPRESENTATION(#557,'Body','SweptSolid',(#10848));
#10854=IFCPRODUCTDEFINITIONSHAPE($,$,(#10853));
#10855=IFCBEAMSTANDARDCASE('1JBGViLQf7hwNJpO7$1EIY',$,'Member 37','',$,#42,#10854,$,$);
#10856=IFCMATERIALPROFILESET($,$,(#91),$);
#10857=IFCMATERIALPROFILESETUSAGE(#10856,$,$);
#10858=IFCRELASSOCIATESMATERIAL('2pouSKFW9AERViHfkEeFuo',$,$,$,(#10855),#10857);

/* Member 38 */
#10859=IFCCARTESIANPOINT((-5.7467308992,-6.5538973824,-7.9999999512));
#10860=IFCDIRECTION((1.,0.,0.));
#10861=IFCDIRECTION((0.,1.,0.));
#10862=IFCAXIS2PLACEMENT3D(#10859,#10860,#10861);
#10863=IFCDIRECTION((0.,0.,1.));
#10864=IFCEXTRUDEDAREASOLID(#78,#10862,#10863,6.9999999192);
#10865=IFCCOLOURRGB('Member color 7',0.6,0.8,0.8);
#10866=IFCSURFACESTYLERENDERING(#10865,$,$,$,$,$,$,$,.NOTDEFINED.);
#10867=IFCSURFACESTYLE('Member style 7',.BOTH.,(#10866));
#10868=IFCSTYLEDITEM(#10864,(#10867),$);
#10869=IFCSHAPEREPRESENTATION(#557,'Body','SweptSolid',(#10864));
#10870=IFCPRODUCTDEFINITIONSHAPE($,$,(#10869));
#10871=IFCBEAMSTANDARDCASE('29amufEcLC99OryntSXuOm',$,'Member 38','',$,#42,#10870,$,$);
#10872=IFCMATERIALPROFILESET($,$,(#92),$);
#10873=IFCMATERIALPROFILESETUSAGE(#10872,$,$);
#10874=IFCRELASSOCIATESMATERIAL('1TiVZcXbnCIeqGrI5iQqaA',$,$,$,(#10871),#10873);

/* Member 39 */
#10875=IFCCARTESIANPOINT((6.25326918,-6.5538973824,-7.9999999512));
#10876=IFCDIRECTION((-1.,0.,0.));
#10877=IFCDIRECTION((0.,-1.,0.));
#10878=IFCAXIS2PLACEMENT3D(#10875,#10876,#10877);
#10879=IFCDIRECTION((0.,0.,1.));
#10880=IFCEXTRUDEDAREASOLID(#75,#10878,#10879,5.00000016);
#10881=IFCSTYLEDITEM(#10880,(#10851),$);
#10882=IFCSHAPEREPRESENTATION(#557,'Body','SweptSolid',(#10880));
#10883=IFCPRODUCTDEFINITIONSHAPE($,$,(#10882));
#10884=IFCBEAMSTANDARDCASE('0_KqOswI50ygtZr4pGYWIr',$,'Member 39','',$,#42,#10883,$,$);
#10885=IFCMATERIALPROFILESET($,$,(#91),$);
#10886=IFCMATERIALPROFILESETUSAGE(#10885,$,$);
#10887=IFCRELASSOCIATESMATERIAL('391MKMvmP0MAjlG5GGehep',$,$,$,(#10884),#10886);

/* Member 40 */
#10888=IFCCARTESIANPOINT((6.25326918,-6.5538973824,-7.9999999512));
#10889=IFCDIRECTION((0.,1.,0.));
#10890=IFCDIRECTION((-1.,0.,0.));
#10891=IFCAXIS2PLACEMENT3D(#10888,#10889,#10890);
#10892=IFCDIRECTION((0.,0.,1.));
#10893=IFCEXTRUDEDAREASOLID(#81,#10891,#10892,6.000000192);
#10894=IFCCOLOURRGB('Member color 8',0.584313725490196,0.407843137254902,0.168627450980392);
#10895=IFCSURFACESTYLERENDERING(#10894,$,$,$,$,$,$,$,.NOTDEFINED.);
#10896=IFCSURFACESTYLE('Member style 8',.BOTH.,(#10895));
#10897=IFCSTYLEDITEM(#10893,(#10896),$);
#10898=IFCSHAPEREPRESENTATION(#557,'Body','SweptSolid',(#10893));
#10899=IFCPRODUCTDEFINITIONSHAPE($,$,(#10898));
#10900=IFCBEAMSTANDARDCASE('2_I$K22RrFM8GL6t_Ef9As',$,'Member 40','',$,#42,#10899,$,$);
#10901=IFCMATERIALPROFILESET($,$,(#93),$);
#10902=IFCMATERIALPROFILESETUSAGE(#10901,$,$);
#10903=IFCRELASSOCIATESMATERIAL('37CKPcFk93S8QnP0itxxFf',$,$,$,(#10900),#10902);

/* Member 41 */
#10904=IFCCARTESIANPOINT((6.25326918,-0.5538971904,-7.9999999512));
#10905=IFCDIRECTION((0.,1.,0.));
#10906=IFCDIRECTION((-1.,0.,0.));
#10907=IFCAXIS2PLACEMENT3D(#10904,#10905,#10906);
#10908=IFCDIRECTION((0.,0.,1.));
#10909=IFCEXTRUDEDAREASOLID(#81,#10907,#10908,5.9999998872);
#10910=IFCSTYLEDITEM(#10909,(#10896),$);
#10911=IFCSHAPEREPRESENTATION(#557,'Body','SweptSolid',(#10909));
#10912=IFCPRODUCTDEFINITIONSHAPE($,$,(#10911));
#10913=IFCBEAMSTANDARDCASE('1Wqu8dCzDBJ8iUsu5mM529',$,'Member 41','',$,#42,#10912,$,$);
#10914=IFCMATERIALPROFILESET($,$,(#93),$);
#10915=IFCMATERIALPROFILESETUSAGE(#10914,$,$);
#10916=IFCRELASSOCIATESMATERIAL('0s2TZzkLzEfhB1ATaWYefC',$,$,$,(#10913),#10915);

/* Member 42 */
#10917=IFCCARTESIANPOINT((6.25326918,5.4461026968,-7.9999999512));
#10918=IFCDIRECTION((0.,1.,0.));
#10919=IFCDIRECTION((-1.,0.,0.));
#10920=IFCAXIS2PLACEMENT3D(#10917,#10918,#10919);
#10921=IFCDIRECTION((0.,0.,1.));
#10922=IFCEXTRUDEDAREASOLID(#81,#10920,#10921,5.9999998872);
#10923=IFCSTYLEDITEM(#10922,(#10896),$);
#10924=IFCSHAPEREPRESENTATION(#557,'Body','SweptSolid',(#10922));
#10925=IFCPRODUCTDEFINITIONSHAPE($,$,(#10924));
#10926=IFCBEAMSTANDARDCASE('0p2RCh$eDAa8jMw38jP1pR',$,'Member 42','',$,#42,#10925,$,$);
#10927=IFCMATERIALPROFILESET($,$,(#93),$);
#10928=IFCMATERIALPROFILESETUSAGE(#10927,$,$);
#10929=IFCRELASSOCIATESMATERIAL('0jvlGDid57i88WDwnow6iC',$,$,$,(#10926),#10928);

/* Member 43 */
#10930=IFCCARTESIANPOINT((-2.746731108,11.446102584,-7.9999999512));
#10931=IFCDIRECTION((-1.,0.,0.));
#10932=IFCDIRECTION((0.,-1.,0.));
#10933=IFCAXIS2PLACEMENT3D(#10930,#10931,#10932);
#10934=IFCDIRECTION((0.,0.,1.));
#10935=IFCEXTRUDEDAREASOLID(#75,#10933,#10934,2.9999997912);
#10936=IFCSTYLEDITEM(#10935,(#10851),$);
#10937=IFCSHAPEREPRESENTATION(#557,'Body','SweptSolid',(#10935));
#10938=IFCPRODUCTDEFINITIONSHAPE($,$,(#10937));
#10939=IFCBEAMSTANDARDCASE('0uXssoZjHFVgp9XH692AtP',$,'Member 43','',$,#42,#10938,$,$);
#10940=IFCMATERIALPROFILESET($,$,(#91),$);
#10941=IFCMATERIALPROFILESETUSAGE(#10940,$,$);
#10942=IFCRELASSOCIATESMATERIAL('1fosbm74LDwvWWf6yZnXpl',$,$,$,(#10939),#10941);

/* Member 44 */
#10943=IFCCARTESIANPOINT((-5.7467308992,11.446102584,-7.9999999512));
#10944=IFCDIRECTION((-1.,0.,0.));
#10945=IFCDIRECTION((0.,-1.,0.));
#10946=IFCAXIS2PLACEMENT3D(#10943,#10944,#10945);
#10947=IFCDIRECTION((0.,0.,1.));
#10948=IFCEXTRUDEDAREASOLID(#75,#10946,#10947,6.000000192);
#10949=IFCSTYLEDITEM(#10948,(#10851),$);
#10950=IFCSHAPEREPRESENTATION(#557,'Body','SweptSolid',(#10948));
#10951=IFCPRODUCTDEFINITIONSHAPE($,$,(#10950));
#10952=IFCBEAMSTANDARDCASE('2uaLoJewzEOQf3VEC47vqV',$,'Member 44','',$,#42,#10951,$,$);
#10953=IFCMATERIALPROFILESET($,$,(#91),$);
#10954=IFCMATERIALPROFILESETUSAGE(#10953,$,$);
#10955=IFCRELASSOCIATESMATERIAL('2_F$F4gk95qgO1oS4$iCVc',$,$,$,(#10952),#10954);

/* Member 45 */
#10956=IFCCARTESIANPOINT((-11.7467310912,11.446102584,-7.9999999512));
#10957=IFCDIRECTION((0.,-1.,0.));
#10958=IFCDIRECTION((1.,0.,0.));
#10959=IFCAXIS2PLACEMENT3D(#10956,#10957,#10958);
#10960=IFCDIRECTION((0.,0.,1.));
#10961=IFCEXTRUDEDAREASOLID(#81,#10959,#10960,5.9999998872);
#10962=IFCSTYLEDITEM(#10961,(#10896),$);
#10963=IFCSHAPEREPRESENTATION(#557,'Body','SweptSolid',(#10961));
#10964=IFCPRODUCTDEFINITIONSHAPE($,$,(#10963));
#10965=IFCBEAMSTANDARDCASE('2DBmciFhrEBwZdT0Zws3$H',$,'Member 45','',$,#42,#10964,$,$);
#10966=IFCMATERIALPROFILESET($,$,(#93),$);
#10967=IFCMATERIALPROFILESETUSAGE(#10966,$,$);
#10968=IFCRELASSOCIATESMATERIAL('1wqwRJvDnC7xEqOsC4K1rd',$,$,$,(#10965),#10967);

/* Member 46 */
#10969=IFCCARTESIANPOINT((-11.7467310912,5.4461026968,-7.9999999512));
#10970=IFCDIRECTION((0.,-1.,0.));
#10971=IFCDIRECTION((1.,0.,0.));
#10972=IFCAXIS2PLACEMENT3D(#10969,#10970,#10971);
#10973=IFCDIRECTION((0.,0.,1.));
#10974=IFCEXTRUDEDAREASOLID(#81,#10972,#10973,5.9999998872);
#10975=IFCSTYLEDITEM(#10974,(#10896),$);
#10976=IFCSHAPEREPRESENTATION(#557,'Body','SweptSolid',(#10974));
#10977=IFCPRODUCTDEFINITIONSHAPE($,$,(#10976));
#10978=IFCBEAMSTANDARDCASE('1kRaaDTZv4_A1FymSA8JD_',$,'Member 46','',$,#42,#10977,$,$);
#10979=IFCMATERIALPROFILESET($,$,(#93),$);
#10980=IFCMATERIALPROFILESETUSAGE(#10979,$,$);
#10981=IFCRELASSOCIATESMATERIAL('1v92PnjNP37PJfKDk_v_rE',$,$,$,(#10978),#10980);

/* Member 47 */
#10982=IFCCARTESIANPOINT((-11.7467310912,-0.5538971904,-7.9999999512));
#10983=IFCDIRECTION((0.,-1.,0.));
#10984=IFCDIRECTION((1.,0.,0.));
#10985=IFCAXIS2PLACEMENT3D(#10982,#10983,#10984);
#10986=IFCDIRECTION((0.,0.,1.));
#10987=IFCEXTRUDEDAREASOLID(#81,#10985,#10986,6.000000192);
#10988=IFCSTYLEDITEM(#10987,(#10896),$);
#10989=IFCSHAPEREPRESENTATION(#557,'Body','SweptSolid',(#10987));
#10990=IFCPRODUCTDEFINITIONSHAPE($,$,(#10989));
#10991=IFCBEAMSTANDARDCASE('2kGvqFogr7gOl1L05rxm3q',$,'Member 47','',$,#42,#10990,$,$);
#10992=IFCMATERIALPROFILESET($,$,(#93),$);
#10993=IFCMATERIALPROFILESETUSAGE(#10992,$,$);
#10994=IFCRELASSOCIATESMATERIAL('2XBgQQkf52yxZ_sGR2q8v7',$,$,$,(#10991),#10993);

/* Member 48 */
#10995=IFCCARTESIANPOINT((-11.7467310912,-6.5538973824,-4.000000128));
#10996=IFCDIRECTION((0.,1.,0.));
#10997=IFCDIRECTION((-1.96153100812562E-08,0.,-1.));
#10998=IFCAXIS2PLACEMENT3D(#10995,#10996,#10997);
#10999=IFCDIRECTION((0.,0.,1.));
#11000=IFCEXTRUDEDAREASOLID(#84,#10998,#10999,6.000000192);
#11001=IFCCOLOURRGB('Member color 9',0.203921568627451,0.368627450980392,0.);
#11002=IFCSURFACESTYLERENDERING(#11001,$,$,$,$,$,$,$,.NOTDEFINED.);
#11003=IFCSURFACESTYLE('Member style 9',.BOTH.,(#11002));
#11004=IFCSTYLEDITEM(#11000,(#11003),$);
#11005=IFCSHAPEREPRESENTATION(#557,'Body','SweptSolid',(#11000));
#11006=IFCPRODUCTDEFINITIONSHAPE($,$,(#11005));
#11007=IFCBEAMSTANDARDCASE('3FtkSj6Y5ArhpfgiAqi5Ad',$,'Member 48','',$,#42,#11006,$,$);
#11008=IFCMATERIALPROFILESET($,$,(#94),$);
#11009=IFCMATERIALPROFILESETUSAGE(#11008,$,$);
#11010=IFCRELASSOCIATESMATERIAL('1MC_Xz$qDFrv$ytAIe5e5t',$,$,$,(#11007),#11009);

/* Member 50 */
#11011=IFCCARTESIANPOINT((-11.7467310912,5.4461026968,-4.000000128));
#11012=IFCDIRECTION((0.,1.,0.));
#11013=IFCDIRECTION((-1.96153100812562E-08,0.,-1.));
#11014=IFCAXIS2PLACEMENT3D(#11011,#11012,#11013);
#11015=IFCDIRECTION((0.,0.,1.));
#11016=IFCEXTRUDEDAREASOLID(#84,#11014,#11015,5.9999998872);
#11017=IFCSTYLEDITEM(#11016,(#11003),$);
#11018=IFCSHAPEREPRESENTATION(#557,'Body','SweptSolid',(#11016));
#11019=IFCPRODUCTDEFINITIONSHAPE($,$,(#11018));
#11020=IFCBEAMSTANDARDCASE('1EGnXgp1D9JwCj19NHKgCm',$,'Member 50','',$,#42,#11019,$,$);
#11021=IFCMATERIALPROFILESET($,$,(#94),$);
#11022=IFCMATERIALPROFILESETUSAGE(#11021,$,$);
#11023=IFCRELASSOCIATESMATERIAL('2TEJQObsD9YfIOrc2C6XcL',$,$,$,(#11020),#11022);

/* Member 51 */
#11024=IFCCARTESIANPOINT((-11.7467310912,11.446102584,-4.000000128));
#11025=IFCDIRECTION((1.,0.,0.));
#11026=IFCDIRECTION((0.,1.96153100812562E-08,-1.));
#11027=IFCAXIS2PLACEMENT3D(#11024,#11025,#11026);
#11028=IFCDIRECTION((0.,0.,1.));
#11029=IFCEXTRUDEDAREASOLID(#84,#11027,#11028,6.000000192);
#11030=IFCSTYLEDITEM(#11029,(#11003),$);
#11031=IFCSHAPEREPRESENTATION(#557,'Body','SweptSolid',(#11029));
#11032=IFCPRODUCTDEFINITIONSHAPE($,$,(#11031));
#11033=IFCBEAMSTANDARDCASE('1IMVsWbHL1$hdNlHrcw_pB',$,'Member 51','',$,#42,#11032,$,$);
#11034=IFCMATERIALPROFILESET($,$,(#94),$);
#11035=IFCMATERIALPROFILESETUSAGE(#11034,$,$);
#11036=IFCRELASSOCIATESMATERIAL('1GHzB_GFTEDeoWwesuNhed',$,$,$,(#11033),#11035);

/* Member 52 */
#11037=IFCCARTESIANPOINT((-5.7467308992,11.446102584,-4.000000128));
#11038=IFCDIRECTION((1.,0.,0.));
#11039=IFCDIRECTION((0.,1.96153100812562E-08,-1.));
#11040=IFCAXIS2PLACEMENT3D(#11037,#11038,#11039);
#11041=IFCDIRECTION((0.,0.,1.));
#11042=IFCEXTRUDEDAREASOLID(#84,#11040,#11041,2.9999997912);
#11043=IFCSTYLEDITEM(#11042,(#11003),$);
#11044=IFCSHAPEREPRESENTATION(#557,'Body','SweptSolid',(#11042));
#11045=IFCPRODUCTDEFINITIONSHAPE($,$,(#11044));
#11046=IFCBEAMSTANDARDCASE('0WtjY1Bqj5_BvrNjPndXTd',$,'Member 52','',$,#42,#11045,$,$);
#11047=IFCMATERIALPROFILESET($,$,(#94),$);
#11048=IFCMATERIALPROFILESETUSAGE(#11047,$,$);
#11049=IFCRELASSOCIATESMATERIAL('1zaR2lBpfD$eBu8LeFrsgw',$,$,$,(#11046),#11048);

/* Member 53 */
#11050=IFCCARTESIANPOINT((-11.7467310912,-6.5538973824,-4.000000128));
#11051=IFCDIRECTION((1.,0.,0.));
#11052=IFCDIRECTION((0.,1.96153100812562E-08,-1.));
#11053=IFCAXIS2PLACEMENT3D(#11050,#11051,#11052);
#11054=IFCDIRECTION((0.,0.,1.));
#11055=IFCEXTRUDEDAREASOLID(#84,#11053,#11054,6.000000192);
#11056=IFCSTYLEDITEM(#11055,(#11003),$);
#11057=IFCSHAPEREPRESENTATION(#557,'Body','SweptSolid',(#11055));
#11058=IFCPRODUCTDEFINITIONSHAPE($,$,(#11057));
#11059=IFCBEAMSTANDARDCASE('2drN14q6z4zgrgiTVWqye8',$,'Member 53','',$,#42,#11058,$,$);
#11060=IFCMATERIALPROFILESET($,$,(#94),$);
#11061=IFCMATERIALPROFILESETUSAGE(#11060,$,$);
#11062=IFCRELASSOCIATESMATERIAL('2X3ez4KlTBuP3SogKy6kGC',$,$,$,(#11059),#11061);

/* Member 54 */
#11063=IFCCARTESIANPOINT((-5.7467308992,-6.5538973824,-4.000000128));
#11064=IFCDIRECTION((1.,0.,0.));
#11065=IFCDIRECTION((0.,1.96153100812562E-08,-1.));
#11066=IFCAXIS2PLACEMENT3D(#11063,#11064,#11065);
#11067=IFCDIRECTION((0.,0.,1.));
#11068=IFCEXTRUDEDAREASOLID(#84,#11066,#11067,6.9999999192);
#11069=IFCSTYLEDITEM(#11068,(#11003),$);
#11070=IFCSHAPEREPRESENTATION(#557,'Body','SweptSolid',(#11068));
#11071=IFCPRODUCTDEFINITIONSHAPE($,$,(#11070));
#11072=IFCBEAMSTANDARDCASE('2YgOXbDnv44ODfVlt4gvCu',$,'Member 54','',$,#42,#11071,$,$);
#11073=IFCMATERIALPROFILESET($,$,(#94),$);
#11074=IFCMATERIALPROFILESETUSAGE(#11073,$,$);
#11075=IFCRELASSOCIATESMATERIAL('26DSNUKqX2Su5cBWg5QnJe',$,$,$,(#11072),#11074);

/* Member 55 */
#11076=IFCCARTESIANPOINT((6.25326918,-6.5538973824,-4.000000128));
#11077=IFCDIRECTION((-1.,0.,0.));
#11078=IFCDIRECTION((0.,-1.96153100812562E-08,-1.));
#11079=IFCAXIS2PLACEMENT3D(#11076,#11077,#11078);
#11080=IFCDIRECTION((0.,0.,1.));
#11081=IFCEXTRUDEDAREASOLID(#84,#11079,#11080,5.00000016);
#11082=IFCSTYLEDITEM(#11081,(#11003),$);
#11083=IFCSHAPEREPRESENTATION(#557,'Body','SweptSolid',(#11081));
#11084=IFCPRODUCTDEFINITIONSHAPE($,$,(#11083));
#11085=IFCBEAMSTANDARDCASE('2Me6NfSJ943hQ7wJ6oalF6',$,'Member 55','',$,#42,#11084,$,$);
#11086=IFCMATERIALPROFILESET($,$,(#94),$);
#11087=IFCMATERIALPROFILESETUSAGE(#11086,$,$);
#11088=IFCRELASSOCIATESMATERIAL('2lm2xothP8xeTkny$lTBpt',$,$,$,(#11085),#11087);

/* Member 56 */
#11089=IFCCARTESIANPOINT((6.25326918,-6.5538973824,-4.000000128));
#11090=IFCDIRECTION((0.,1.,0.));
#11091=IFCDIRECTION((-1.96153100812562E-08,0.,-1.));
#11092=IFCAXIS2PLACEMENT3D(#11089,#11090,#11091);
#11093=IFCDIRECTION((0.,0.,1.));
#11094=IFCEXTRUDEDAREASOLID(#84,#11092,#11093,6.000000192);
#11095=IFCSTYLEDITEM(#11094,(#11003),$);
#11096=IFCSHAPEREPRESENTATION(#557,'Body','SweptSolid',(#11094));
#11097=IFCPRODUCTDEFINITIONSHAPE($,$,(#11096));
#11098=IFCBEAMSTANDARDCASE('2ljeKFkQj3N9H14sBNeRp9',$,'Member 56','',$,#42,#11097,$,$);
#11099=IFCMATERIALPROFILESET($,$,(#94),$);
#11100=IFCMATERIALPROFILESETUSAGE(#11099,$,$);
#11101=IFCRELASSOCIATESMATERIAL('2RgqDQWYb0hgPi9BriPCuA',$,$,$,(#11098),#11100);

/* Member 58 */
#11102=IFCCARTESIANPOINT((6.25326918,5.4461026968,-4.000000128));
#11103=IFCDIRECTION((0.,1.,0.));
#11104=IFCDIRECTION((-1.96153100812562E-08,0.,-1.));
#11105=IFCAXIS2PLACEMENT3D(#11102,#11103,#11104);
#11106=IFCDIRECTION((0.,0.,1.));
#11107=IFCEXTRUDEDAREASOLID(#84,#11105,#11106,5.9999998872);
#11108=IFCSTYLEDITEM(#11107,(#11003),$);
#11109=IFCSHAPEREPRESENTATION(#557,'Body','SweptSolid',(#11107));
#11110=IFCPRODUCTDEFINITIONSHAPE($,$,(#11109));
#11111=IFCBEAMSTANDARDCASE('2h0ILLMM16sxi6HMRL3sis',$,'Member 58','',$,#42,#11110,$,$);
#11112=IFCMATERIALPROFILESET($,$,(#94),$);
#11113=IFCMATERIALPROFILESETUSAGE(#11112,$,$);
#11114=IFCRELASSOCIATESMATERIAL('25IjX4tn5E5fyvk3VXHEWH',$,$,$,(#11111),#11113);

/* Member 59 */
#11115=IFCCARTESIANPOINT((-9.7467310272,11.4461028888,-7.9999999512));
#11116=IFCDIRECTION((0.,-1.,0.));
#11117=IFCDIRECTION((1.,0.,0.));
#11118=IFCAXIS2PLACEMENT3D(#11115,#11116,#11117);
#11119=IFCDIRECTION((0.,0.,1.));
#11120=IFCEXTRUDEDAREASOLID(#81,#11118,#11119,5.9999989728);
#11121=IFCSTYLEDITEM(#11120,(#10896),$);
#11122=IFCSHAPEREPRESENTATION(#557,'Body','SweptSolid',(#11120));
#11123=IFCPRODUCTDEFINITIONSHAPE($,$,(#11122));
#11124=IFCBEAMSTANDARDCASE('1b7gieYQj7Eg4ze4CYbkbc',$,'Member 59','',$,#42,#11123,$,$);
#11125=IFCMATERIALPROFILESET($,$,(#93),$);
#11126=IFCMATERIALPROFILESETUSAGE(#11125,$,$);
#11127=IFCRELASSOCIATESMATERIAL('0PKC9gNh927OjULLTUSV$j',$,$,$,(#11124),#11126);

/* Member 60 */
#11128=IFCCARTESIANPOINT((-9.7467310272,5.446103916,-7.9999999512));
#11129=IFCDIRECTION((0.,-1.,0.));
#11130=IFCDIRECTION((1.,0.,0.));
#11131=IFCAXIS2PLACEMENT3D(#11128,#11129,#11130);
#11132=IFCDIRECTION((0.,0.,1.));
#11133=IFCEXTRUDEDAREASOLID(#81,#11131,#11132,6.0000008016);
#11134=IFCSTYLEDITEM(#11133,(#10896),$);
#11135=IFCSHAPEREPRESENTATION(#557,'Body','SweptSolid',(#11133));
#11136=IFCPRODUCTDEFINITIONSHAPE($,$,(#11135));
#11137=IFCBEAMSTANDARDCASE('2b7QBzwJP8nP5AhuPRJ0J$',$,'Member 60','',$,#42,#11136,$,$);
#11138=IFCMATERIALPROFILESET($,$,(#93),$);
#11139=IFCMATERIALPROFILESETUSAGE(#11138,$,$);
#11140=IFCRELASSOCIATESMATERIAL('2RR3RTs$P5_QsVf5PqEwq3',$,$,$,(#11137),#11139);

/* Member 61 */
#11141=IFCCARTESIANPOINT((-9.7467310272,-0.5538968856,-7.9999999512));
#11142=IFCDIRECTION((0.,-1.,0.));
#11143=IFCDIRECTION((1.,0.,0.));
#11144=IFCAXIS2PLACEMENT3D(#11141,#11142,#11143);
#11145=IFCDIRECTION((0.,0.,1.));
#11146=IFCEXTRUDEDAREASOLID(#81,#11144,#11145,6.000000192);
#11147=IFCSTYLEDITEM(#11146,(#10896),$);
#11148=IFCSHAPEREPRESENTATION(#557,'Body','SweptSolid',(#11146));
#11149=IFCPRODUCTDEFINITIONSHAPE($,$,(#11148));
#11150=IFCBEAMSTANDARDCASE('0WID9aSNz6APT$uUFbby5Z',$,'Member 61','',$,#42,#11149,$,$);
#11151=IFCMATERIALPROFILESET($,$,(#93),$);
#11152=IFCMATERIALPROFILESETUSAGE(#11151,$,$);
#11153=IFCRELASSOCIATESMATERIAL('0leJGyCkb48BAHcJ0mxlfm',$,$,$,(#11150),#11152);

/* Member 62 */
#11154=IFCCARTESIANPOINT((-7.7467309632,11.4461028888,-7.9999999512));
#11155=IFCDIRECTION((0.,-1.,0.));
#11156=IFCDIRECTION((1.,0.,0.));
#11157=IFCAXIS2PLACEMENT3D(#11154,#11155,#11156);
#11158=IFCDIRECTION((0.,0.,1.));
#11159=IFCEXTRUDEDAREASOLID(#81,#11157,#11158,5.9999998872);
#11160=IFCSTYLEDITEM(#11159,(#10896),$);
#11161=IFCSHAPEREPRESENTATION(#557,'Body','SweptSolid',(#11159));
#11162=IFCPRODUCTDEFINITIONSHAPE($,$,(#11161));
#11163=IFCBEAMSTANDARDCASE('1muACKue9ChvkCMszCbM6V',$,'Member 62','',$,#42,#11162,$,$);
#11164=IFCMATERIALPROFILESET($,$,(#93),$);
#11165=IFCMATERIALPROFILESETUSAGE(#11164,$,$);
#11166=IFCRELASSOCIATESMATERIAL('1ziLJPh1jBJfiGQvShHnfD',$,$,$,(#11163),#11165);

/* Member 63 */
#11167=IFCCARTESIANPOINT((-7.7467309632,5.4461030016,-7.9999999512));
#11168=IFCDIRECTION((0.,-1.,0.));
#11169=IFCDIRECTION((1.,0.,0.));
#11170=IFCAXIS2PLACEMENT3D(#11167,#11168,#11169);
#11171=IFCDIRECTION((0.,0.,1.));
#11172=IFCEXTRUDEDAREASOLID(#81,#11170,#11171,5.9999998872);
#11173=IFCSTYLEDITEM(#11172,(#10896),$);
#11174=IFCSHAPEREPRESENTATION(#557,'Body','SweptSolid',(#11172));
#11175=IFCPRODUCTDEFINITIONSHAPE($,$,(#11174));
#11176=IFCBEAMSTANDARDCASE('1poI4dWbP3zgIzVNqzjsp3',$,'Member 63','',$,#42,#11175,$,$);
#11177=IFCMATERIALPROFILESET($,$,(#93),$);
#11178=IFCMATERIALPROFILESETUSAGE(#11177,$,$);
#11179=IFCRELASSOCIATESMATERIAL('1Qw9NsTs1B2hQGpOU_3atj',$,$,$,(#11176),#11178);

/* Member 64 */
#11180=IFCCARTESIANPOINT((-7.7467309632,-0.5538968856,-7.9999999512));
#11181=IFCDIRECTION((0.,-1.,0.));
#11182=IFCDIRECTION((1.,0.,0.));
#11183=IFCAXIS2PLACEMENT3D(#11180,#11181,#11182);
#11184=IFCDIRECTION((0.,0.,1.));
#11185=IFCEXTRUDEDAREASOLID(#81,#11183,#11184,6.000000192);
#11186=IFCSTYLEDITEM(#11185,(#10896),$);
#11187=IFCSHAPEREPRESENTATION(#557,'Body','SweptSolid',(#11185));
#11188=IFCPRODUCTDEFINITIONSHAPE($,$,(#11187));
#11189=IFCBEAMSTANDARDCASE('2sOX5jAr12UPzf2ARr9WJv',$,'Member 64','',$,#42,#11188,$,$);
#11190=IFCMATERIALPROFILESET($,$,(#93),$);
#11191=IFCMATERIALPROFILESETUSAGE(#11190,$,$);
#11192=IFCRELASSOCIATESMATERIAL('1auZltsnPEhh1QsozeJhgR',$,$,$,(#11189),#11191);

/* Member 65 */
#11193=IFCCARTESIANPOINT((-5.7467308992,11.446102584,-7.9999999512));
#11194=IFCDIRECTION((0.,-1.,0.));
#11195=IFCDIRECTION((1.,0.,0.));
#11196=IFCAXIS2PLACEMENT3D(#11193,#11194,#11195);
#11197=IFCDIRECTION((0.,0.,1.));
#11198=IFCEXTRUDEDAREASOLID(#81,#11196,#11197,5.9999995824);
#11199=IFCSTYLEDITEM(#11198,(#10896),$);
#11200=IFCSHAPEREPRESENTATION(#557,'Body','SweptSolid',(#11198));
#11201=IFCPRODUCTDEFINITIONSHAPE($,$,(#11200));
#11202=IFCBEAMSTANDARDCASE('3YC83KXAj03wKE5ktTqCae',$,'Member 65','',$,#42,#11201,$,$);
#11203=IFCMATERIALPROFILESET($,$,(#93),$);
#11204=IFCMATERIALPROFILESETUSAGE(#11203,$,$);
#11205=IFCRELASSOCIATESMATERIAL('207t4SXlfEQRCZdJMnAYt4',$,$,$,(#11202),#11204);

/* Member 66 */
#11206=IFCCARTESIANPOINT((-5.7467308992,5.4461030016,-7.9999999512));
#11207=IFCDIRECTION((0.,-1.,0.));
#11208=IFCDIRECTION((1.,0.,0.));
#11209=IFCAXIS2PLACEMENT3D(#11206,#11207,#11208);
#11210=IFCDIRECTION((0.,0.,1.));
#11211=IFCEXTRUDEDAREASOLID(#81,#11209,#11210,5.9999998872);
#11212=IFCSTYLEDITEM(#11211,(#10896),$);
#11213=IFCSHAPEREPRESENTATION(#557,'Body','SweptSolid',(#11211));
#11214=IFCPRODUCTDEFINITIONSHAPE($,$,(#11213));
#11215=IFCBEAMSTANDARDCASE('3xUoPeDJ5BFRyRo62G94tF',$,'Member 66','',$,#42,#11214,$,$);
#11216=IFCMATERIALPROFILESET($,$,(#93),$);
#11217=IFCMATERIALPROFILESETUSAGE(#11216,$,$);
#11218=IFCRELASSOCIATESMATERIAL('3Kn3HdTLL5Cv34JBZEN2XV',$,$,$,(#11215),#11217);

/* Member 67 */
#11219=IFCCARTESIANPOINT((-5.7467308992,-0.5538968856,-7.9999999512));
#11220=IFCDIRECTION((0.,-1.,0.));
#11221=IFCDIRECTION((1.,0.,0.));
#11222=IFCAXIS2PLACEMENT3D(#11219,#11220,#11221);
#11223=IFCDIRECTION((0.,0.,1.));
#11224=IFCEXTRUDEDAREASOLID(#81,#11222,#11223,6.0000004968);
#11225=IFCSTYLEDITEM(#11224,(#10896),$);
#11226=IFCSHAPEREPRESENTATION(#557,'Body','SweptSolid',(#11224));
#11227=IFCPRODUCTDEFINITIONSHAPE($,$,(#11226));
#11228=IFCBEAMSTANDARDCASE('2CZnBjy8PDRwbioXOTo8YG',$,'Member 67','',$,#42,#11227,$,$);
#11229=IFCMATERIALPROFILESET($,$,(#93),$);
#11230=IFCMATERIALPROFILESETUSAGE(#11229,$,$);
#11231=IFCRELASSOCIATESMATERIAL('0X34NBENz6_x7JbUxmWJML',$,$,$,(#11228),#11230);

/* Member 68 */
#11232=IFCCARTESIANPOINT((-3.74673114,11.4461028888,-7.9999999512));
#11233=IFCDIRECTION((0.,-1.,0.));
#11234=IFCDIRECTION((1.,0.,0.));
#11235=IFCAXIS2PLACEMENT3D(#11232,#11233,#11234);
#11236=IFCDIRECTION((0.,0.,1.));
#11237=IFCEXTRUDEDAREASOLID(#81,#11235,#11236,5.9999998872);
#11238=IFCSTYLEDITEM(#11237,(#10896),$);
#11239=IFCSHAPEREPRESENTATION(#557,'Body','SweptSolid',(#11237));
#11240=IFCPRODUCTDEFINITIONSHAPE($,$,(#11239));
#11241=IFCBEAMSTANDARDCASE('3uTY3LPK924eNupDkrYI8D',$,'Member 68','',$,#42,#11240,$,$);
#11242=IFCMATERIALPROFILESET($,$,(#93),$);
#11243=IFCMATERIALPROFILESETUSAGE(#11242,$,$);
#11244=IFCRELASSOCIATESMATERIAL('18HylrqD12wxguGvq3CsxH',$,$,$,(#11241),#11243);

/* Member 69 */
#11245=IFCCARTESIANPOINT((-3.74673114,5.4461030016,-7.9999999512));
#11246=IFCDIRECTION((0.,-1.,0.));
#11247=IFCDIRECTION((1.,0.,0.));
#11248=IFCAXIS2PLACEMENT3D(#11245,#11246,#11247);
#11249=IFCDIRECTION((0.,0.,1.));
#11250=IFCEXTRUDEDAREASOLID(#81,#11248,#11249,5.9999998872);
#11251=IFCSTYLEDITEM(#11250,(#10896),$);
#11252=IFCSHAPEREPRESENTATION(#557,'Body','SweptSolid',(#11250));
#11253=IFCPRODUCTDEFINITIONSHAPE($,$,(#11252));
#11254=IFCBEAMSTANDARDCASE('3Pz5uKdoz4ohYID3kpe5EK',$,'Member 69','',$,#42,#11253,$,$);
#11255=IFCMATERIALPROFILESET($,$,(#93),$);
#11256=IFCMATERIALPROFILESETUSAGE(#11255,$,$);
#11257=IFCRELASSOCIATESMATERIAL('3LZBw$ASv3thV_pLUZ8gRS',$,$,$,(#11254),#11256);

/* Member 70 */
#11258=IFCCARTESIANPOINT((-3.74673114,-0.5538968856,-7.9999999512));
#11259=IFCDIRECTION((0.,-1.,0.));
#11260=IFCDIRECTION((1.,0.,0.));
#11261=IFCAXIS2PLACEMENT3D(#11258,#11259,#11260);
#11262=IFCDIRECTION((0.,0.,1.));
#11263=IFCEXTRUDEDAREASOLID(#81,#11261,#11262,6.000000192);
#11264=IFCSTYLEDITEM(#11263,(#10896),$);
#11265=IFCSHAPEREPRESENTATION(#557,'Body','SweptSolid',(#11263));
#11266=IFCPRODUCTDEFINITIONSHAPE($,$,(#11265));
#11267=IFCBEAMSTANDARDCASE('0lsuOtSzP2XwO8hbJnnCAz',$,'Member 70','',$,#42,#11266,$,$);
#11268=IFCMATERIALPROFILESET($,$,(#93),$);
#11269=IFCMATERIALPROFILESETUSAGE(#11268,$,$);
#11270=IFCRELASSOCIATESMATERIAL('1opFblE$19nPHIvGWR1tuF',$,$,$,(#11267),#11269);

/* Member 71 */
#11271=IFCCARTESIANPOINT((-1.746731076,11.4461028888,-7.9999999512));
#11272=IFCDIRECTION((0.,-1.,0.));
#11273=IFCDIRECTION((1.,0.,0.));
#11274=IFCAXIS2PLACEMENT3D(#11271,#11272,#11273);
#11275=IFCDIRECTION((0.,0.,1.));
#11276=IFCEXTRUDEDAREASOLID(#81,#11274,#11275,5.9999998872);
#11277=IFCSTYLEDITEM(#11276,(#10896),$);
#11278=IFCSHAPEREPRESENTATION(#557,'Body','SweptSolid',(#11276));
#11279=IFCPRODUCTDEFINITIONSHAPE($,$,(#11278));
#11280=IFCBEAMSTANDARDCASE('0xuB21Cwb95vHDHmpgy9Dd',$,'Member 71','',$,#42,#11279,$,$);
#11281=IFCMATERIALPROFILESET($,$,(#93),$);
#11282=IFCMATERIALPROFILESETUSAGE(#11281,$,$);
#11283=IFCRELASSOCIATESMATERIAL('04CkUJxtH6Hh5dIIR$wCom',$,$,$,(#11280),#11282);

/* Member 72 */
#11284=IFCCARTESIANPOINT((-1.746731076,5.4461030016,-7.9999999512));
#11285=IFCDIRECTION((0.,-1.,0.));
#11286=IFCDIRECTION((1.,0.,0.));
#11287=IFCAXIS2PLACEMENT3D(#11284,#11285,#11286);
#11288=IFCDIRECTION((0.,0.,1.));
#11289=IFCEXTRUDEDAREASOLID(#81,#11287,#11288,5.9999998872);
#11290=IFCSTYLEDITEM(#11289,(#10896),$);
#11291=IFCSHAPEREPRESENTATION(#557,'Body','SweptSolid',(#11289));
#11292=IFCPRODUCTDEFINITIONSHAPE($,$,(#11291));
#11293=IFCBEAMSTANDARDCASE('3xI1hhkgf5Gu55fQern_2D',$,'Member 72','',$,#42,#11292,$,$);
#11294=IFCMATERIALPROFILESET($,$,(#93),$);
#11295=IFCMATERIALPROFILESETUSAGE(#11294,$,$);
#11296=IFCRELASSOCIATESMATERIAL('0hUR_fPmPAOBsoxr6ASwvZ',$,$,$,(#11293),#11295);

/* Member 73 */
#11297=IFCCARTESIANPOINT((-1.746731076,-0.5538968856,-7.9999999512));
#11298=IFCDIRECTION((0.,-1.,0.));
#11299=IFCDIRECTION((1.,0.,0.));
#11300=IFCAXIS2PLACEMENT3D(#11297,#11298,#11299);
#11301=IFCDIRECTION((0.,0.,1.));
#11302=IFCEXTRUDEDAREASOLID(#81,#11300,#11301,6.000000192);
#11303=IFCSTYLEDITEM(#11302,(#10896),$);
#11304=IFCSHAPEREPRESENTATION(#557,'Body','SweptSolid',(#11302));
#11305=IFCPRODUCTDEFINITIONSHAPE($,$,(#11304));
#11306=IFCBEAMSTANDARDCASE('010nMPD5j63xpw5bDw4B9u',$,'Member 73','',$,#42,#11305,$,$);
#11307=IFCMATERIALPROFILESET($,$,(#93),$);
#11308=IFCMATERIALPROFILESETUSAGE(#11307,$,$);
#11309=IFCRELASSOCIATESMATERIAL('1JYakCNzT2YwLFWPJFfp1T',$,$,$,(#11306),#11308);

/* Member 74 */
#11310=IFCCARTESIANPOINT((0.253268988,11.4461028888,-7.9999999512));
#11311=IFCDIRECTION((0.,-1.,0.));
#11312=IFCDIRECTION((1.,0.,0.));
#11313=IFCAXIS2PLACEMENT3D(#11310,#11311,#11312);
#11314=IFCDIRECTION((0.,0.,1.));
#11315=IFCEXTRUDEDAREASOLID(#81,#11313,#11314,5.9999998872);
#11316=IFCSTYLEDITEM(#11315,(#10896),$);
#11317=IFCSHAPEREPRESENTATION(#557,'Body','SweptSolid',(#11315));
#11318=IFCPRODUCTDEFINITIONSHAPE($,$,(#11317));
#11319=IFCBEAMSTANDARDCASE('3TCu8YMr1E6e7vdx3VFMQp',$,'Member 74','',$,#42,#11318,$,$);
#11320=IFCMATERIALPROFILESET($,$,(#93),$);
#11321=IFCMATERIALPROFILESETUSAGE(#11320,$,$);
#11322=IFCRELASSOCIATESMATERIAL('0vr_TX99z3XBGhEoKD_x6J',$,$,$,(#11319),#11321);

/* Member 75 */
#11323=IFCCARTESIANPOINT((0.253268988,5.4461030016,-7.9999999512));
#11324=IFCDIRECTION((0.,-1.,0.));
#11325=IFCDIRECTION((1.,0.,0.));
#11326=IFCAXIS2PLACEMENT3D(#11323,#11324,#11325);
#11327=IFCDIRECTION((0.,0.,1.));
#11328=IFCEXTRUDEDAREASOLID(#81,#11326,#11327,5.9999998872);
#11329=IFCSTYLEDITEM(#11328,(#10896),$);
#11330=IFCSHAPEREPRESENTATION(#557,'Body','SweptSolid',(#11328));
#11331=IFCPRODUCTDEFINITIONSHAPE($,$,(#11330));
#11332=IFCBEAMSTANDARDCASE('00zGzBJtTBYOwrljdFgKH4',$,'Member 75','',$,#42,#11331,$,$);
#11333=IFCMATERIALPROFILESET($,$,(#93),$);
#11334=IFCMATERIALPROFILESETUSAGE(#11333,$,$);
#11335=IFCRELASSOCIATESMATERIAL('1$upHYJY95kxU7SQTbVUXu',$,$,$,(#11332),#11334);

/* Member 76 */
#11336=IFCCARTESIANPOINT((0.253268988,-0.5538968856,-7.9999999512));
#11337=IFCDIRECTION((0.,-1.,0.));
#11338=IFCDIRECTION((1.,0.,0.));
#11339=IFCAXIS2PLACEMENT3D(#11336,#11337,#11338);
#11340=IFCDIRECTION((0.,0.,1.));
#11341=IFCEXTRUDEDAREASOLID(#81,#11339,#11340,6.0000004968);
#11342=IFCSTYLEDITEM(#11341,(#10896),$);
#11343=IFCSHAPEREPRESENTATION(#557,'Body','SweptSolid',(#11341));
#11344=IFCPRODUCTDEFINITIONSHAPE($,$,(#11343));
#11345=IFCBEAMSTANDARDCASE('08mD03pLrCZPkhXJzAz8VI',$,'Member 76','',$,#42,#11344,$,$);
#11346=IFCMATERIALPROFILESET($,$,(#93),$);
#11347=IFCMATERIALPROFILESETUSAGE(#11346,$,$);
#11348=IFCRELASSOCIATESMATERIAL('15BEXvFuTAzuaxPo5$ykD_',$,$,$,(#11345),#11347);

/* Member 77 */
#11349=IFCCARTESIANPOINT((2.253269052,11.4461028888,-7.9999999512));
#11350=IFCDIRECTION((0.,-1.,0.));
#11351=IFCDIRECTION((1.,0.,0.));
#11352=IFCAXIS2PLACEMENT3D(#11349,#11350,#11351);
#11353=IFCDIRECTION((0.,0.,1.));
#11354=IFCEXTRUDEDAREASOLID(#81,#11352,#11353,5.9999998872);
#11355=IFCSTYLEDITEM(#11354,(#10896),$);
#11356=IFCSHAPEREPRESENTATION(#557,'Body','SweptSolid',(#11354));
#11357=IFCPRODUCTDEFINITIONSHAPE($,$,(#11356));
#11358=IFCBEAMSTANDARDCASE('0DFyAlUsr1cxuXGfwuGBw4',$,'Member 77','',$,#42,#11357,$,$);
#11359=IFCMATERIALPROFILESET($,$,(#93),$);
#11360=IFCMATERIALPROFILESETUSAGE(#11359,$,$);
#11361=IFCRELASSOCIATESMATERIAL('1ne1FTQzz5RxPmNKbTRNki',$,$,$,(#11358),#11360);

/* Member 78 */
#11362=IFCCARTESIANPOINT((2.253269052,5.4461030016,-7.9999999512));
#11363=IFCDIRECTION((0.,-1.,0.));
#11364=IFCDIRECTION((1.,0.,0.));
#11365=IFCAXIS2PLACEMENT3D(#11362,#11363,#11364);
#11366=IFCDIRECTION((0.,0.,1.));
#11367=IFCEXTRUDEDAREASOLID(#81,#11365,#11366,5.9999998872);
#11368=IFCSTYLEDITEM(#11367,(#10896),$);
#11369=IFCSHAPEREPRESENTATION(#557,'Body','SweptSolid',(#11367));
#11370=IFCPRODUCTDEFINITIONSHAPE($,$,(#11369));
#11371=IFCBEAMSTANDARDCASE('3xU$OciUbAfw4ulEv9Gi9m',$,'Member 78','',$,#42,#11370,$,$);
#11372=IFCMATERIALPROFILESET($,$,(#93),$);
#11373=IFCMATERIALPROFILESETUSAGE(#11372,$,$);
#11374=IFCRELASSOCIATESMATERIAL('04zaxCnSP74wg0lvWwOdxN',$,$,$,(#11371),#11373);

/* Member 79 */
#11375=IFCCARTESIANPOINT((2.253269052,-0.5538968856,-7.9999999512));
#11376=IFCDIRECTION((0.,-1.,0.));
#11377=IFCDIRECTION((1.,0.,0.));
#11378=IFCAXIS2PLACEMENT3D(#11375,#11376,#11377);
#11379=IFCDIRECTION((0.,0.,1.));
#11380=IFCEXTRUDEDAREASOLID(#81,#11378,#11379,6.000000192);
#11381=IFCSTYLEDITEM(#11380,(#10896),$);
#11382=IFCSHAPEREPRESENTATION(#557,'Body','SweptSolid',(#11380));
#11383=IFCPRODUCTDEFINITIONSHAPE($,$,(#11382));
#11384=IFCBEAMSTANDARDCASE('2i0MMyDin2pxaI54upb28G',$,'Member 79','',$,#42,#11383,$,$);
#11385=IFCMATERIALPROFILESET($,$,(#93),$);
#11386=IFCMATERIALPROFILESETUSAGE(#11385,$,$);
#11387=IFCRELASSOCIATESMATERIAL('01sSBNzwT1wfIEslOCCyLu',$,$,$,(#11384),#11386);

/* Member 80 */
#11388=IFCCARTESIANPOINT((4.253269116,11.4461028888,-7.9999999512));
#11389=IFCDIRECTION((0.,-1.,0.));
#11390=IFCDIRECTION((1.,0.,0.));
#11391=IFCAXIS2PLACEMENT3D(#11388,#11389,#11390);
#11392=IFCDIRECTION((0.,0.,1.));
#11393=IFCEXTRUDEDAREASOLID(#81,#11391,#11392,5.9999989728);
#11394=IFCSTYLEDITEM(#11393,(#10896),$);
#11395=IFCSHAPEREPRESENTATION(#557,'Body','SweptSolid',(#11393));
#11396=IFCPRODUCTDEFINITIONSHAPE($,$,(#11395));
#11397=IFCBEAMSTANDARDCASE('1MYGJvLrn0hPaOmdOh3sSp',$,'Member 80','',$,#42,#11396,$,$);
#11398=IFCMATERIALPROFILESET($,$,(#93),$);
#11399=IFCMATERIALPROFILESETUSAGE(#11398,$,$);
#11400=IFCRELASSOCIATESMATERIAL('11WhGb5er3FPf51qcS4VdP',$,$,$,(#11397),#11399);

/* Member 81 */
#11401=IFCCARTESIANPOINT((4.253269116,5.446103916,-7.9999999512));
#11402=IFCDIRECTION((0.,-1.,0.));
#11403=IFCDIRECTION((1.,0.,0.));
#11404=IFCAXIS2PLACEMENT3D(#11401,#11402,#11403);
#11405=IFCDIRECTION((0.,0.,1.));
#11406=IFCEXTRUDEDAREASOLID(#81,#11404,#11405,6.0000008016);
#11407=IFCSTYLEDITEM(#11406,(#10896),$);
#11408=IFCSHAPEREPRESENTATION(#557,'Body','SweptSolid',(#11406));
#11409=IFCPRODUCTDEFINITIONSHAPE($,$,(#11408));
#11410=IFCBEAMSTANDARDCASE('0bHmzf9kb0p8EfrRDWfRB_',$,'Member 81','',$,#42,#11409,$,$);
#11411=IFCMATERIALPROFILESET($,$,(#93),$);
#11412=IFCMATERIALPROFILESETUSAGE(#11411,$,$);
#11413=IFCRELASSOCIATESMATERIAL('0pw2KUhVjCG8i_lIHXAK3S',$,$,$,(#11410),#11412);

/* Member 82 */
#11414=IFCCARTESIANPOINT((4.253269116,-0.5538968856,-7.9999999512));
#11415=IFCDIRECTION((0.,-1.,0.));
#11416=IFCDIRECTION((1.,0.,0.));
#11417=IFCAXIS2PLACEMENT3D(#11414,#11415,#11416);
#11418=IFCDIRECTION((0.,0.,1.));
#11419=IFCEXTRUDEDAREASOLID(#81,#11417,#11418,6.000000192);
#11420=IFCSTYLEDITEM(#11419,(#10896),$);
#11421=IFCSHAPEREPRESENTATION(#557,'Body','SweptSolid',(#11419));
#11422=IFCPRODUCTDEFINITIONSHAPE($,$,(#11421));
#11423=IFCBEAMSTANDARDCASE('3jT1W0UXH9fhhjKILyq9De',$,'Member 82','',$,#42,#11422,$,$);
#11424=IFCMATERIALPROFILESET($,$,(#93),$);
#11425=IFCMATERIALPROFILESETUSAGE(#11424,$,$);
#11426=IFCRELASSOCIATESMATERIAL('3C8mYx7lD0txRhr3vsAozx',$,$,$,(#11423),#11425);
#11427=IFCRELCONTAINEDINSPATIALSTRUCTURE('2F18FmL$nBGRAYhk37uv0D',$,'Physical model',$,(#560,#3303,#3766,#4229,#4692,#5155,#6226,#6689,#9432,#9895,#10358,#10372,#10385,#10398,#10411,#10424,#10437,#10450,#10463,#10476,#10489,#10505,#10518,#10531,#10544,#10557,#10570,#10586,#10599,#10612,#10625,#10638,#10651,#10664,#10677,#10690,#10703,#10716,#10729,#10742,#10755,#10768,#10781,#10797,#10813,#10826,#10839,#10855,#10871,#10884,#10900,#10913,#10926,#10939,#10952,#10965,#10978,#10991,#11007,#11020,#11033,#11046,#11059,#11072,#11085,#11098,#11111,#11124,#11137,#11150,#11163,#11176,#11189,#11202,#11215,#11228,#11241,#11254,#11267,#11280,#11293,#11306,#11319,#11332,#11345,#11358,#11371,#11384,#11397,#11410,#11423),#43);
ENDSEC;

/* Rostislav Krc - Dlubal software, Inc. - 2019 */

END-ISO-10303-21;
